SET NOCOUNT ON;
BEGIN TRY
BEGIN TRANSACTION;
-- REQ-202606201
DECLARE @FacultyId1 uniqueidentifier = (SELECT TOP 1 [Id] FROM [CatalogReferences] WHERE [Type] = N'Faculty' AND [Code] = LEFT(N'Investigación', 80));
IF @FacultyId1 IS NULL SET @FacultyId1 = (SELECT TOP 1 [Id] FROM [CatalogReferences] WHERE [Type] = N'Faculty' AND [Name] = LEFT(N'Investigación', 180));
IF @FacultyId1 IS NULL BEGIN SET @FacultyId1 = '0fd05615-c362-45c2-6bbc-be88b23eca13'; INSERT INTO [CatalogReferences] ([Id],[Type],[Code],[Name],[IsActive],[CreatedAt]) VALUES (@FacultyId1, N'Faculty', LEFT(N'Investigación', 80), LEFT(N'Investigación', 180), 1, SYSDATETIMEOFFSET()); END
ELSE UPDATE [CatalogReferences] SET [Name] = LEFT(N'Investigación', 180), [IsActive] = 1 WHERE [Id] = @FacultyId1;
DECLARE @CampusId1 uniqueidentifier = (SELECT TOP 1 [Id] FROM [CatalogReferences] WHERE [Type] = N'Campus' AND [Code] = LEFT(N'QUITO', 80));
IF @CampusId1 IS NULL SET @CampusId1 = (SELECT TOP 1 [Id] FROM [CatalogReferences] WHERE [Type] = N'Campus' AND [Name] = LEFT(N'QUITO', 180));
IF @CampusId1 IS NULL BEGIN SET @CampusId1 = '70c94f24-38e9-dfae-dcf0-625f647c3dd4'; INSERT INTO [CatalogReferences] ([Id],[Type],[Code],[Name],[IsActive],[CreatedAt]) VALUES (@CampusId1, N'Campus', LEFT(N'QUITO', 80), LEFT(N'QUITO', 180), 1, SYSDATETIMEOFFSET()); END
ELSE UPDATE [CatalogReferences] SET [Name] = LEFT(N'QUITO', 180), [IsActive] = 1 WHERE [Id] = @CampusId1;
DECLARE @EventFormatId1 uniqueidentifier = (SELECT TOP 1 [Id] FROM [CatalogReferences] WHERE [Type] = N'FormatoEvento' AND [Code] = LEFT(N'DISEÑO E IMPRESIÓN DE TRÍPTICO INSTITUCIONAL', 80));
IF @EventFormatId1 IS NULL SET @EventFormatId1 = (SELECT TOP 1 [Id] FROM [CatalogReferences] WHERE [Type] = N'FormatoEvento' AND [Name] = LEFT(N'DISEÑO E IMPRESIÓN DE TRÍPTICO INSTITUCIONAL', 180));
IF @EventFormatId1 IS NULL BEGIN SET @EventFormatId1 = '61fc2314-9091-3035-20d7-5c1d9a641314'; INSERT INTO [CatalogReferences] ([Id],[Type],[Code],[Name],[IsActive],[CreatedAt]) VALUES (@EventFormatId1, N'FormatoEvento', LEFT(N'DISEÑO E IMPRESIÓN DE TRÍPTICO INSTITUCIONAL', 80), LEFT(N'DISEÑO E IMPRESIÓN DE TRÍPTICO INSTITUCIONAL', 180), 1, SYSDATETIMEOFFSET()); END
ELSE UPDATE [CatalogReferences] SET [Name] = LEFT(N'DISEÑO E IMPRESIÓN DE TRÍPTICO INSTITUCIONAL', 180), [IsActive] = 1 WHERE [Id] = @EventFormatId1;
DECLARE @StatusId1 uniqueidentifier = (SELECT TOP 1 [Id] FROM [CatalogReferences] WHERE [Type] = N'EstadoRequerimiento' AND [Code] = LEFT(N'InAnalysis', 80));
IF @StatusId1 IS NULL SET @StatusId1 = (SELECT TOP 1 [Id] FROM [CatalogReferences] WHERE [Type] = N'EstadoRequerimiento' AND [Name] = LEFT(N'En análisis', 180));
IF @StatusId1 IS NULL BEGIN SET @StatusId1 = '33333333-3333-3333-3333-333333333393'; INSERT INTO [CatalogReferences] ([Id],[Type],[Code],[Name],[IsActive],[CreatedAt]) VALUES (@StatusId1, N'EstadoRequerimiento', LEFT(N'InAnalysis', 80), LEFT(N'En análisis', 180), 1, SYSDATETIMEOFFSET()); END
ELSE UPDATE [CatalogReferences] SET [Name] = LEFT(N'En análisis', 180), [IsActive] = 1 WHERE [Id] = @StatusId1;
IF EXISTS (SELECT 1 FROM [Requirements] WHERE [Code] = N'REQ-202606201')
BEGIN
  UPDATE [Requirements] SET [ActivityOrEvent] = LEFT(N'Casa abierta Quito', 240), [RequestedBy] = LEFT(N'Direccion de Admisiones', 120), [FacultyId] = @FacultyId1, [Faculty] = LEFT(N'Investigación', 160), [Career] = LEFT(N'Área Específica', 160), [CampusId] = @CampusId1, [Campus] = LEFT(N'QUITO', 120), [Place] = LEFT(N'QUITO', 180), [StartDate] = '2026-05-21', [EndDate] = '2026-05-28', [EventObjective] = LEFT(N'MATERIAL DE DIFUSIÓN OBJETIVOS Y PROYECCIONES DE INVESTIGACIÓN', 4000), [EventFormatId] = @EventFormatId1, [EventFormat] = LEFT(N'DISEÑO E IMPRESIÓN DE TRÍPTICO INSTITUCIONAL', 80), [RequestDate] = '2026-06-22', [Status] = N'InAnalysis', [StatusId] = @StatusId1, [UpdatedAt] = TODATETIMEOFFSET(CONVERT(datetime2, '2026-06-22 00:00:00'), '+00:00') WHERE [Code] = N'REQ-202606201';
END
ELSE
BEGIN
  INSERT INTO [Requirements] ([Id],[Code],[ActivityOrEvent],[RequestedBy],[FacultyId],[Faculty],[Career],[CampusId],[Campus],[Place],[StartDate],[EndDate],[EventObjective],[EventFormatId],[EventFormat],[RequestDate],[Status],[StatusId],[CreatedAt],[UpdatedAt]) VALUES ('58989a0c-be9c-0167-e1b2-f58742135595', N'REQ-202606201', LEFT(N'Casa abierta Quito', 240), LEFT(N'Direccion de Admisiones', 120), @FacultyId1, LEFT(N'Investigación', 160), LEFT(N'Área Específica', 160), @CampusId1, LEFT(N'QUITO', 120), LEFT(N'QUITO', 180), '2026-05-21', '2026-05-28', LEFT(N'MATERIAL DE DIFUSIÓN OBJETIVOS Y PROYECCIONES DE INVESTIGACIÓN', 4000), @EventFormatId1, LEFT(N'DISEÑO E IMPRESIÓN DE TRÍPTICO INSTITUCIONAL', 80), '2026-06-22', N'InAnalysis', @StatusId1, TODATETIMEOFFSET(CONVERT(datetime2, '2026-06-22 00:00:00'), '+00:00'), TODATETIMEOFFSET(CONVERT(datetime2, '2026-06-22 00:00:00'), '+00:00'));
  INSERT INTO [RequirementAuditEvents] ([Id],[RequirementId],[FromStatus],[ToStatus],[Action],[PerformedBy],[Comments],[OccurredAt]) VALUES (NEWID(), '58989a0c-be9c-0167-e1b2-f58742135595', NULL, N'InAnalysis', N'Carga inicial desde portapapeles', LEFT(N'Direccion de Admisiones', 160), N'Registro importado desde tabla de requerimientos', SYSDATETIMEOFFSET());
END
-- REQ-202606202
DECLARE @FacultyId2 uniqueidentifier = (SELECT TOP 1 [Id] FROM [CatalogReferences] WHERE [Type] = N'Faculty' AND [Code] = LEFT(N'Jurisprudencia y Ciencias Políticas', 80));
IF @FacultyId2 IS NULL SET @FacultyId2 = (SELECT TOP 1 [Id] FROM [CatalogReferences] WHERE [Type] = N'Faculty' AND [Name] = LEFT(N'Jurisprudencia y Ciencias Políticas', 180));
IF @FacultyId2 IS NULL BEGIN SET @FacultyId2 = '4d5c433b-b1e4-663c-a8a3-8407e12bcae6'; INSERT INTO [CatalogReferences] ([Id],[Type],[Code],[Name],[IsActive],[CreatedAt]) VALUES (@FacultyId2, N'Faculty', LEFT(N'Jurisprudencia y Ciencias Políticas', 80), LEFT(N'Jurisprudencia y Ciencias Políticas', 180), 1, SYSDATETIMEOFFSET()); END
ELSE UPDATE [CatalogReferences] SET [Name] = LEFT(N'Jurisprudencia y Ciencias Políticas', 180), [IsActive] = 1 WHERE [Id] = @FacultyId2;
DECLARE @CampusId2 uniqueidentifier = (SELECT TOP 1 [Id] FROM [CatalogReferences] WHERE [Type] = N'Campus' AND [Code] = LEFT(N'QUITO', 80));
IF @CampusId2 IS NULL SET @CampusId2 = (SELECT TOP 1 [Id] FROM [CatalogReferences] WHERE [Type] = N'Campus' AND [Name] = LEFT(N'QUITO', 180));
IF @CampusId2 IS NULL BEGIN SET @CampusId2 = '70c94f24-38e9-dfae-dcf0-625f647c3dd4'; INSERT INTO [CatalogReferences] ([Id],[Type],[Code],[Name],[IsActive],[CreatedAt]) VALUES (@CampusId2, N'Campus', LEFT(N'QUITO', 80), LEFT(N'QUITO', 180), 1, SYSDATETIMEOFFSET()); END
ELSE UPDATE [CatalogReferences] SET [Name] = LEFT(N'QUITO', 180), [IsActive] = 1 WHERE [Id] = @CampusId2;
DECLARE @EventFormatId2 uniqueidentifier = (SELECT TOP 1 [Id] FROM [CatalogReferences] WHERE [Type] = N'FormatoEvento' AND [Code] = LEFT(N'La presente actividad consiste en una conferencia sobre “La casación en Ecuador: detección de errores, estrategia y redacción efectiva”, dirigida a los abogados Graduados de la Universidad Indoamérica, que mantendrá un modelo de ponencias donde intervendrán: un moderador, ponentes de alto impacto en el caso en específico Dra. Katerine Muñoz, Jueza Corte Nacional de Justicia y Dr. Christian Cañar, Fiscal, representante de la Fiscalía General del Estado en la Corte Nacional de Justicia.', 80));
IF @EventFormatId2 IS NULL SET @EventFormatId2 = (SELECT TOP 1 [Id] FROM [CatalogReferences] WHERE [Type] = N'FormatoEvento' AND [Name] = LEFT(N'La presente actividad consiste en una conferencia sobre “La casación en Ecuador: detección de errores, estrategia y redacción efectiva”, dirigida a los abogados Graduados de la Universidad Indoamérica, que mantendrá un modelo de ponencias donde intervendrán: un moderador, ponentes de alto impacto en el caso en específico Dra. Katerine Muñoz, Jueza Corte Nacional de Justicia y Dr. Christian Cañar, Fiscal, representante de la Fiscalía General del Estado en la Corte Nacional de Justicia.', 180));
IF @EventFormatId2 IS NULL BEGIN SET @EventFormatId2 = 'b65951f3-55dd-eedc-1adc-b6a2dd77b9f6'; INSERT INTO [CatalogReferences] ([Id],[Type],[Code],[Name],[IsActive],[CreatedAt]) VALUES (@EventFormatId2, N'FormatoEvento', LEFT(N'La presente actividad consiste en una conferencia sobre “La casación en Ecuador: detección de errores, estrategia y redacción efectiva”, dirigida a los abogados Graduados de la Universidad Indoamérica, que mantendrá un modelo de ponencias donde intervendrán: un moderador, ponentes de alto impacto en el caso en específico Dra. Katerine Muñoz, Jueza Corte Nacional de Justicia y Dr. Christian Cañar, Fiscal, representante de la Fiscalía General del Estado en la Corte Nacional de Justicia.', 80), LEFT(N'La presente actividad consiste en una conferencia sobre “La casación en Ecuador: detección de errores, estrategia y redacción efectiva”, dirigida a los abogados Graduados de la Universidad Indoamérica, que mantendrá un modelo de ponencias donde intervendrán: un moderador, ponentes de alto impacto en el caso en específico Dra. Katerine Muñoz, Jueza Corte Nacional de Justicia y Dr. Christian Cañar, Fiscal, representante de la Fiscalía General del Estado en la Corte Nacional de Justicia.', 180), 1, SYSDATETIMEOFFSET()); END
ELSE UPDATE [CatalogReferences] SET [Name] = LEFT(N'La presente actividad consiste en una conferencia sobre “La casación en Ecuador: detección de errores, estrategia y redacción efectiva”, dirigida a los abogados Graduados de la Universidad Indoamérica, que mantendrá un modelo de ponencias donde intervendrán: un moderador, ponentes de alto impacto en el caso en específico Dra. Katerine Muñoz, Jueza Corte Nacional de Justicia y Dr. Christian Cañar, Fiscal, representante de la Fiscalía General del Estado en la Corte Nacional de Justicia.', 180), [IsActive] = 1 WHERE [Id] = @EventFormatId2;
DECLARE @StatusId2 uniqueidentifier = (SELECT TOP 1 [Id] FROM [CatalogReferences] WHERE [Type] = N'EstadoRequerimiento' AND [Code] = LEFT(N'InAnalysis', 80));
IF @StatusId2 IS NULL SET @StatusId2 = (SELECT TOP 1 [Id] FROM [CatalogReferences] WHERE [Type] = N'EstadoRequerimiento' AND [Name] = LEFT(N'En análisis', 180));
IF @StatusId2 IS NULL BEGIN SET @StatusId2 = '33333333-3333-3333-3333-333333333393'; INSERT INTO [CatalogReferences] ([Id],[Type],[Code],[Name],[IsActive],[CreatedAt]) VALUES (@StatusId2, N'EstadoRequerimiento', LEFT(N'InAnalysis', 80), LEFT(N'En análisis', 180), 1, SYSDATETIMEOFFSET()); END
ELSE UPDATE [CatalogReferences] SET [Name] = LEFT(N'En análisis', 180), [IsActive] = 1 WHERE [Id] = @StatusId2;
IF EXISTS (SELECT 1 FROM [Requirements] WHERE [Code] = N'REQ-202606202')
BEGIN
  UPDATE [Requirements] SET [ActivityOrEvent] = LEFT(N'Webinar institucional', 240), [RequestedBy] = LEFT(N'Marketing Institucional', 120), [FacultyId] = @FacultyId2, [Faculty] = LEFT(N'Jurisprudencia y Ciencias Políticas', 160), [Career] = LEFT(N'Derecho', 160), [CampusId] = @CampusId2, [Campus] = LEFT(N'QUITO', 120), [Place] = LEFT(N'Auditorio del Campus Eugenio Espejo.', 180), [StartDate] = '2026-06-09', [EndDate] = '2026-06-09', [EventObjective] = LEFT(N'Fortalecer las competencias teóricas y prácticas de los participantes, en específico de los abogados graduados de la Facultad de Jurisprudencia y Ciencias Políticas de la Universidad Indoamérica, con el fin de que con esta conferencia adquieran mayor profundidad en los conocimientos sobre recurso extraordinario de casación en el Ecuador, a través de la explicación de los ponentes identifiquen y analicen errores frecuentes, la construcción de estrategias jurídicas eficaces y el desarrollo de técnicas de redacción jurídica conforme a la normativa y jurisprudencia vigente.', 4000), [EventFormatId] = @EventFormatId2, [EventFormat] = LEFT(N'La presente actividad consiste en una conferencia sobre “La casación en Ecuador: detección de errores, estrategia y redacción efectiva”, dirigida a los abogados Graduados de la Universidad Indoamérica, que mantendrá un modelo de ponencias donde intervendrán: un moderador, ponentes de alto impacto en el caso en específico Dra. Katerine Muñoz, Jueza Corte Nacional de Justicia y Dr. Christian Cañar, Fiscal, representante de la Fiscalía General del Estado en la Corte Nacional de Justicia.', 80), [RequestDate] = '2026-06-22', [Status] = N'InAnalysis', [StatusId] = @StatusId2, [UpdatedAt] = TODATETIMEOFFSET(CONVERT(datetime2, '2026-06-22 00:00:00'), '+00:00') WHERE [Code] = N'REQ-202606202';
END
ELSE
BEGIN
  INSERT INTO [Requirements] ([Id],[Code],[ActivityOrEvent],[RequestedBy],[FacultyId],[Faculty],[Career],[CampusId],[Campus],[Place],[StartDate],[EndDate],[EventObjective],[EventFormatId],[EventFormat],[RequestDate],[Status],[StatusId],[CreatedAt],[UpdatedAt]) VALUES ('72b9d3db-37cb-9d35-93b9-87bb05fd4ed8', N'REQ-202606202', LEFT(N'Webinar institucional', 240), LEFT(N'Marketing Institucional', 120), @FacultyId2, LEFT(N'Jurisprudencia y Ciencias Políticas', 160), LEFT(N'Derecho', 160), @CampusId2, LEFT(N'QUITO', 120), LEFT(N'Auditorio del Campus Eugenio Espejo.', 180), '2026-06-09', '2026-06-09', LEFT(N'Fortalecer las competencias teóricas y prácticas de los participantes, en específico de los abogados graduados de la Facultad de Jurisprudencia y Ciencias Políticas de la Universidad Indoamérica, con el fin de que con esta conferencia adquieran mayor profundidad en los conocimientos sobre recurso extraordinario de casación en el Ecuador, a través de la explicación de los ponentes identifiquen y analicen errores frecuentes, la construcción de estrategias jurídicas eficaces y el desarrollo de técnicas de redacción jurídica conforme a la normativa y jurisprudencia vigente.', 4000), @EventFormatId2, LEFT(N'La presente actividad consiste en una conferencia sobre “La casación en Ecuador: detección de errores, estrategia y redacción efectiva”, dirigida a los abogados Graduados de la Universidad Indoamérica, que mantendrá un modelo de ponencias donde intervendrán: un moderador, ponentes de alto impacto en el caso en específico Dra. Katerine Muñoz, Jueza Corte Nacional de Justicia y Dr. Christian Cañar, Fiscal, representante de la Fiscalía General del Estado en la Corte Nacional de Justicia.', 80), '2026-06-22', N'InAnalysis', @StatusId2, TODATETIMEOFFSET(CONVERT(datetime2, '2026-06-22 00:00:00'), '+00:00'), TODATETIMEOFFSET(CONVERT(datetime2, '2026-06-22 00:00:00'), '+00:00'));
  INSERT INTO [RequirementAuditEvents] ([Id],[RequirementId],[FromStatus],[ToStatus],[Action],[PerformedBy],[Comments],[OccurredAt]) VALUES (NEWID(), '72b9d3db-37cb-9d35-93b9-87bb05fd4ed8', NULL, N'InAnalysis', N'Carga inicial desde portapapeles', LEFT(N'Marketing Institucional', 160), N'Registro importado desde tabla de requerimientos', SYSDATETIMEOFFSET());
END
-- REQ-202606203
DECLARE @FacultyId3 uniqueidentifier = (SELECT TOP 1 [Id] FROM [CatalogReferences] WHERE [Type] = N'Faculty' AND [Code] = LEFT(N'Internacionalización', 80));
IF @FacultyId3 IS NULL SET @FacultyId3 = (SELECT TOP 1 [Id] FROM [CatalogReferences] WHERE [Type] = N'Faculty' AND [Name] = LEFT(N'Internacionalización', 180));
IF @FacultyId3 IS NULL BEGIN SET @FacultyId3 = 'c4e60f83-b9b4-2149-16ca-6b58da9fb6f4'; INSERT INTO [CatalogReferences] ([Id],[Type],[Code],[Name],[IsActive],[CreatedAt]) VALUES (@FacultyId3, N'Faculty', LEFT(N'Internacionalización', 80), LEFT(N'Internacionalización', 180), 1, SYSDATETIMEOFFSET()); END
ELSE UPDATE [CatalogReferences] SET [Name] = LEFT(N'Internacionalización', 180), [IsActive] = 1 WHERE [Id] = @FacultyId3;
DECLARE @CampusId3 uniqueidentifier = (SELECT TOP 1 [Id] FROM [CatalogReferences] WHERE [Type] = N'Campus' AND [Code] = LEFT(N'AMBATO', 80));
IF @CampusId3 IS NULL SET @CampusId3 = (SELECT TOP 1 [Id] FROM [CatalogReferences] WHERE [Type] = N'Campus' AND [Name] = LEFT(N'AMBATO', 180));
IF @CampusId3 IS NULL BEGIN SET @CampusId3 = '43316cdf-7ce3-5d1d-66c2-e9bba66ed5ff'; INSERT INTO [CatalogReferences] ([Id],[Type],[Code],[Name],[IsActive],[CreatedAt]) VALUES (@CampusId3, N'Campus', LEFT(N'AMBATO', 80), LEFT(N'AMBATO', 180), 1, SYSDATETIMEOFFSET()); END
ELSE UPDATE [CatalogReferences] SET [Name] = LEFT(N'AMBATO', 180), [IsActive] = 1 WHERE [Id] = @CampusId3;
DECLARE @EventFormatId3 uniqueidentifier = (SELECT TOP 1 [Id] FROM [CatalogReferences] WHERE [Type] = N'FormatoEvento' AND [Code] = LEFT(N'Charlas, talleres, conferencias.', 80));
IF @EventFormatId3 IS NULL SET @EventFormatId3 = (SELECT TOP 1 [Id] FROM [CatalogReferences] WHERE [Type] = N'FormatoEvento' AND [Name] = LEFT(N'Charlas, talleres, conferencias.', 180));
IF @EventFormatId3 IS NULL BEGIN SET @EventFormatId3 = '12bc7cad-daa0-7efc-5da5-23a3a91e6d93'; INSERT INTO [CatalogReferences] ([Id],[Type],[Code],[Name],[IsActive],[CreatedAt]) VALUES (@EventFormatId3, N'FormatoEvento', LEFT(N'Charlas, talleres, conferencias.', 80), LEFT(N'Charlas, talleres, conferencias.', 180), 1, SYSDATETIMEOFFSET()); END
ELSE UPDATE [CatalogReferences] SET [Name] = LEFT(N'Charlas, talleres, conferencias.', 180), [IsActive] = 1 WHERE [Id] = @EventFormatId3;
DECLARE @StatusId3 uniqueidentifier = (SELECT TOP 1 [Id] FROM [CatalogReferences] WHERE [Type] = N'EstadoRequerimiento' AND [Code] = LEFT(N'InAnalysis', 80));
IF @StatusId3 IS NULL SET @StatusId3 = (SELECT TOP 1 [Id] FROM [CatalogReferences] WHERE [Type] = N'EstadoRequerimiento' AND [Name] = LEFT(N'En análisis', 180));
IF @StatusId3 IS NULL BEGIN SET @StatusId3 = '33333333-3333-3333-3333-333333333393'; INSERT INTO [CatalogReferences] ([Id],[Type],[Code],[Name],[IsActive],[CreatedAt]) VALUES (@StatusId3, N'EstadoRequerimiento', LEFT(N'InAnalysis', 80), LEFT(N'En análisis', 180), 1, SYSDATETIMEOFFSET()); END
ELSE UPDATE [CatalogReferences] SET [Name] = LEFT(N'En análisis', 180), [IsActive] = 1 WHERE [Id] = @StatusId3;
IF EXISTS (SELECT 1 FROM [Requirements] WHERE [Code] = N'REQ-202606203')
BEGIN
  UPDATE [Requirements] SET [ActivityOrEvent] = LEFT(N'TRÍPTICO SOBRE INVESTIGACIÓN INDOAMÉRICA IMPRESO Y DIGITAL', 240), [RequestedBy] = LEFT(N'ANAIS TAMARA MADRID QUEVEDO', 120), [FacultyId] = @FacultyId3, [Faculty] = LEFT(N'Internacionalización', 160), [Career] = LEFT(N'Educación Inicial', 160), [CampusId] = @CampusId3, [Campus] = LEFT(N'AMBATO', 120), [Place] = LEFT(N'Campus agramonte, aulas y auditorio', 180), [StartDate] = '2026-06-15', [EndDate] = '2026-06-30', [EventObjective] = LEFT(N'Difundir este summer program que haremos entre ambas universidades.', 4000), [EventFormatId] = @EventFormatId3, [EventFormat] = LEFT(N'Charlas, talleres, conferencias.', 80), [RequestDate] = '2026-06-22', [Status] = N'InAnalysis', [StatusId] = @StatusId3, [UpdatedAt] = TODATETIMEOFFSET(CONVERT(datetime2, '2026-06-22 00:00:00'), '+00:00') WHERE [Code] = N'REQ-202606203';
END
ELSE
BEGIN
  INSERT INTO [Requirements] ([Id],[Code],[ActivityOrEvent],[RequestedBy],[FacultyId],[Faculty],[Career],[CampusId],[Campus],[Place],[StartDate],[EndDate],[EventObjective],[EventFormatId],[EventFormat],[RequestDate],[Status],[StatusId],[CreatedAt],[UpdatedAt]) VALUES ('edb03e46-5a7a-8163-5075-568f09bd094f', N'REQ-202606203', LEFT(N'TRÍPTICO SOBRE INVESTIGACIÓN INDOAMÉRICA IMPRESO Y DIGITAL', 240), LEFT(N'ANAIS TAMARA MADRID QUEVEDO', 120), @FacultyId3, LEFT(N'Internacionalización', 160), LEFT(N'Educación Inicial', 160), @CampusId3, LEFT(N'AMBATO', 120), LEFT(N'Campus agramonte, aulas y auditorio', 180), '2026-06-15', '2026-06-30', LEFT(N'Difundir este summer program que haremos entre ambas universidades.', 4000), @EventFormatId3, LEFT(N'Charlas, talleres, conferencias.', 80), '2026-06-22', N'InAnalysis', @StatusId3, TODATETIMEOFFSET(CONVERT(datetime2, '2026-06-22 00:00:00'), '+00:00'), TODATETIMEOFFSET(CONVERT(datetime2, '2026-06-22 00:00:00'), '+00:00'));
  INSERT INTO [RequirementAuditEvents] ([Id],[RequirementId],[FromStatus],[ToStatus],[Action],[PerformedBy],[Comments],[OccurredAt]) VALUES (NEWID(), 'edb03e46-5a7a-8163-5075-568f09bd094f', NULL, N'InAnalysis', N'Carga inicial desde portapapeles', LEFT(N'ANAIS TAMARA MADRID QUEVEDO', 160), N'Registro importado desde tabla de requerimientos', SYSDATETIMEOFFSET());
END
-- REQ-202606204
DECLARE @FacultyId4 uniqueidentifier = (SELECT TOP 1 [Id] FROM [CatalogReferences] WHERE [Type] = N'Faculty' AND [Code] = LEFT(N'Ingenierías', 80));
IF @FacultyId4 IS NULL SET @FacultyId4 = (SELECT TOP 1 [Id] FROM [CatalogReferences] WHERE [Type] = N'Faculty' AND [Name] = LEFT(N'Ingenierías', 180));
IF @FacultyId4 IS NULL BEGIN SET @FacultyId4 = '03d28f2e-1ec6-fa3b-bd19-0f9d39075a0a'; INSERT INTO [CatalogReferences] ([Id],[Type],[Code],[Name],[IsActive],[CreatedAt]) VALUES (@FacultyId4, N'Faculty', LEFT(N'Ingenierías', 80), LEFT(N'Ingenierías', 180), 1, SYSDATETIMEOFFSET()); END
ELSE UPDATE [CatalogReferences] SET [Name] = LEFT(N'Ingenierías', 180), [IsActive] = 1 WHERE [Id] = @FacultyId4;
DECLARE @CampusId4 uniqueidentifier = (SELECT TOP 1 [Id] FROM [CatalogReferences] WHERE [Type] = N'Campus' AND [Code] = LEFT(N'LATACUNGA', 80));
IF @CampusId4 IS NULL SET @CampusId4 = (SELECT TOP 1 [Id] FROM [CatalogReferences] WHERE [Type] = N'Campus' AND [Name] = LEFT(N'LATACUNGA', 180));
IF @CampusId4 IS NULL BEGIN SET @CampusId4 = '3d840e5e-b937-c77f-e79f-ebda2c6d6504'; INSERT INTO [CatalogReferences] ([Id],[Type],[Code],[Name],[IsActive],[CreatedAt]) VALUES (@CampusId4, N'Campus', LEFT(N'LATACUNGA', 80), LEFT(N'LATACUNGA', 180), 1, SYSDATETIMEOFFSET()); END
ELSE UPDATE [CatalogReferences] SET [Name] = LEFT(N'LATACUNGA', 180), [IsActive] = 1 WHERE [Id] = @CampusId4;
DECLARE @EventFormatId4 uniqueidentifier = (SELECT TOP 1 [Id] FROM [CatalogReferences] WHERE [Type] = N'FormatoEvento' AND [Code] = LEFT(N'Charla y exposición de la oferta académica de cada una de las carreras de la Facultad de Ingeniería, cuya participación será del Decano de la Facultad y los Coordinadores de cada carrera.

Cabe mencionar que se está a la espera de confirmación del distrito de educación de Latacunga la autorización para la visita, sin embargo, el Rector Ph.D. Janio Jadan se encuentra realizando esa gestión', 80));
IF @EventFormatId4 IS NULL SET @EventFormatId4 = (SELECT TOP 1 [Id] FROM [CatalogReferences] WHERE [Type] = N'FormatoEvento' AND [Name] = LEFT(N'Charla y exposición de la oferta académica de cada una de las carreras de la Facultad de Ingeniería, cuya participación será del Decano de la Facultad y los Coordinadores de cada carrera.

Cabe mencionar que se está a la espera de confirmación del distrito de educación de Latacunga la autorización para la visita, sin embargo, el Rector Ph.D. Janio Jadan se encuentra realizando esa gestión', 180));
IF @EventFormatId4 IS NULL BEGIN SET @EventFormatId4 = 'd6d3e823-8306-74e6-3d2e-b5effffe0730'; INSERT INTO [CatalogReferences] ([Id],[Type],[Code],[Name],[IsActive],[CreatedAt]) VALUES (@EventFormatId4, N'FormatoEvento', LEFT(N'Charla y exposición de la oferta académica de cada una de las carreras de la Facultad de Ingeniería, cuya participación será del Decano de la Facultad y los Coordinadores de cada carrera.

Cabe mencionar que se está a la espera de confirmación del distrito de educación de Latacunga la autorización para la visita, sin embargo, el Rector Ph.D. Janio Jadan se encuentra realizando esa gestión', 80), LEFT(N'Charla y exposición de la oferta académica de cada una de las carreras de la Facultad de Ingeniería, cuya participación será del Decano de la Facultad y los Coordinadores de cada carrera.

Cabe mencionar que se está a la espera de confirmación del distrito de educación de Latacunga la autorización para la visita, sin embargo, el Rector Ph.D. Janio Jadan se encuentra realizando esa gestión', 180), 1, SYSDATETIMEOFFSET()); END
ELSE UPDATE [CatalogReferences] SET [Name] = LEFT(N'Charla y exposición de la oferta académica de cada una de las carreras de la Facultad de Ingeniería, cuya participación será del Decano de la Facultad y los Coordinadores de cada carrera.

Cabe mencionar que se está a la espera de confirmación del distrito de educación de Latacunga la autorización para la visita, sin embargo, el Rector Ph.D. Janio Jadan se encuentra realizando esa gestión', 180), [IsActive] = 1 WHERE [Id] = @EventFormatId4;
DECLARE @StatusId4 uniqueidentifier = (SELECT TOP 1 [Id] FROM [CatalogReferences] WHERE [Type] = N'EstadoRequerimiento' AND [Code] = LEFT(N'InAnalysis', 80));
IF @StatusId4 IS NULL SET @StatusId4 = (SELECT TOP 1 [Id] FROM [CatalogReferences] WHERE [Type] = N'EstadoRequerimiento' AND [Name] = LEFT(N'En análisis', 180));
IF @StatusId4 IS NULL BEGIN SET @StatusId4 = '33333333-3333-3333-3333-333333333393'; INSERT INTO [CatalogReferences] ([Id],[Type],[Code],[Name],[IsActive],[CreatedAt]) VALUES (@StatusId4, N'EstadoRequerimiento', LEFT(N'InAnalysis', 80), LEFT(N'En análisis', 180), 1, SYSDATETIMEOFFSET()); END
ELSE UPDATE [CatalogReferences] SET [Name] = LEFT(N'En análisis', 180), [IsActive] = 1 WHERE [Id] = @StatusId4;
IF EXISTS (SELECT 1 FROM [Requirements] WHERE [Code] = N'REQ-202606204')
BEGIN
  UPDATE [Requirements] SET [ActivityOrEvent] = LEFT(N'Conferencia “La casación en Ecuador: detección de errores, estrategia y redacción efectiva”', 240), [RequestedBy] = LEFT(N'Stefanie Carolina Aumala Viscarra', 120), [FacultyId] = @FacultyId4, [Faculty] = LEFT(N'Ingenierías', 160), [Career] = LEFT(N'Actividad de Facultad', 160), [CampusId] = @CampusId4, [Campus] = LEFT(N'LATACUNGA', 120), [Place] = LEFT(N'Unidad Educativa Ramón Barba Naranjo', 180), [StartDate] = '2026-06-12', [EndDate] = '2026-06-12', [EventObjective] = LEFT(N'Socializar la oferta académica de la Facultad de Ingenierías a los estudiantes de tercero de bachillerato técnico de la Unidad Educativa Ramón Barba Naranjo', 4000), [EventFormatId] = @EventFormatId4, [EventFormat] = LEFT(N'Charla y exposición de la oferta académica de cada una de las carreras de la Facultad de Ingeniería, cuya participación será del Decano de la Facultad y los Coordinadores de cada carrera.

Cabe mencionar que se está a la espera de confirmación del distrito de educación de Latacunga la autorización para la visita, sin embargo, el Rector Ph.D. Janio Jadan se encuentra realizando esa gestión', 80), [RequestDate] = '2026-06-22', [Status] = N'InAnalysis', [StatusId] = @StatusId4, [UpdatedAt] = TODATETIMEOFFSET(CONVERT(datetime2, '2026-06-22 00:00:00'), '+00:00') WHERE [Code] = N'REQ-202606204';
END
ELSE
BEGIN
  INSERT INTO [Requirements] ([Id],[Code],[ActivityOrEvent],[RequestedBy],[FacultyId],[Faculty],[Career],[CampusId],[Campus],[Place],[StartDate],[EndDate],[EventObjective],[EventFormatId],[EventFormat],[RequestDate],[Status],[StatusId],[CreatedAt],[UpdatedAt]) VALUES ('6ce74558-af43-7126-d8ee-bddaba6ff3b7', N'REQ-202606204', LEFT(N'Conferencia “La casación en Ecuador: detección de errores, estrategia y redacción efectiva”', 240), LEFT(N'Stefanie Carolina Aumala Viscarra', 120), @FacultyId4, LEFT(N'Ingenierías', 160), LEFT(N'Actividad de Facultad', 160), @CampusId4, LEFT(N'LATACUNGA', 120), LEFT(N'Unidad Educativa Ramón Barba Naranjo', 180), '2026-06-12', '2026-06-12', LEFT(N'Socializar la oferta académica de la Facultad de Ingenierías a los estudiantes de tercero de bachillerato técnico de la Unidad Educativa Ramón Barba Naranjo', 4000), @EventFormatId4, LEFT(N'Charla y exposición de la oferta académica de cada una de las carreras de la Facultad de Ingeniería, cuya participación será del Decano de la Facultad y los Coordinadores de cada carrera.

Cabe mencionar que se está a la espera de confirmación del distrito de educación de Latacunga la autorización para la visita, sin embargo, el Rector Ph.D. Janio Jadan se encuentra realizando esa gestión', 80), '2026-06-22', N'InAnalysis', @StatusId4, TODATETIMEOFFSET(CONVERT(datetime2, '2026-06-22 00:00:00'), '+00:00'), TODATETIMEOFFSET(CONVERT(datetime2, '2026-06-22 00:00:00'), '+00:00'));
  INSERT INTO [RequirementAuditEvents] ([Id],[RequirementId],[FromStatus],[ToStatus],[Action],[PerformedBy],[Comments],[OccurredAt]) VALUES (NEWID(), '6ce74558-af43-7126-d8ee-bddaba6ff3b7', NULL, N'InAnalysis', N'Carga inicial desde portapapeles', LEFT(N'Stefanie Carolina Aumala Viscarra', 160), N'Registro importado desde tabla de requerimientos', SYSDATETIMEOFFSET());
END
-- REQ-202606205
DECLARE @FacultyId5 uniqueidentifier = (SELECT TOP 1 [Id] FROM [CatalogReferences] WHERE [Type] = N'Faculty' AND [Code] = LEFT(N'Arquitectura, Artes y Diseño', 80));
IF @FacultyId5 IS NULL SET @FacultyId5 = (SELECT TOP 1 [Id] FROM [CatalogReferences] WHERE [Type] = N'Faculty' AND [Name] = LEFT(N'Arquitectura, Artes y Diseño', 180));
IF @FacultyId5 IS NULL BEGIN SET @FacultyId5 = '3fbfc453-592a-0afb-8030-9fedad1e418a'; INSERT INTO [CatalogReferences] ([Id],[Type],[Code],[Name],[IsActive],[CreatedAt]) VALUES (@FacultyId5, N'Faculty', LEFT(N'Arquitectura, Artes y Diseño', 80), LEFT(N'Arquitectura, Artes y Diseño', 180), 1, SYSDATETIMEOFFSET()); END
ELSE UPDATE [CatalogReferences] SET [Name] = LEFT(N'Arquitectura, Artes y Diseño', 180), [IsActive] = 1 WHERE [Id] = @FacultyId5;
DECLARE @CampusId5 uniqueidentifier = (SELECT TOP 1 [Id] FROM [CatalogReferences] WHERE [Type] = N'Campus' AND [Code] = LEFT(N'AMBATO', 80));
IF @CampusId5 IS NULL SET @CampusId5 = (SELECT TOP 1 [Id] FROM [CatalogReferences] WHERE [Type] = N'Campus' AND [Name] = LEFT(N'AMBATO', 180));
IF @CampusId5 IS NULL BEGIN SET @CampusId5 = '43316cdf-7ce3-5d1d-66c2-e9bba66ed5ff'; INSERT INTO [CatalogReferences] ([Id],[Type],[Code],[Name],[IsActive],[CreatedAt]) VALUES (@CampusId5, N'Campus', LEFT(N'AMBATO', 80), LEFT(N'AMBATO', 180), 1, SYSDATETIMEOFFSET()); END
ELSE UPDATE [CatalogReferences] SET [Name] = LEFT(N'AMBATO', 180), [IsActive] = 1 WHERE [Id] = @CampusId5;
DECLARE @EventFormatId5 uniqueidentifier = (SELECT TOP 1 [Id] FROM [CatalogReferences] WHERE [Type] = N'FormatoEvento' AND [Code] = LEFT(N'La segunda edición del evento está planteada desde la lógica del hackathon con el fin de promover la inteligencia colectiva y la co creación. Desde esta perspectiva, se plantea un evento único de trs dias y dos noches  ,  en el que se pretende abordar procesos de creación de futuros escenarios para las sociedades sostenibles. 
Cabe mencionar que no solo será una competencia, sino también una oportunidad para que estudiantes, docentes y profesionales trabajen de manera colaborativa en la generación de ideas para la resolución de problemáticas vinculadas a la práctica del diseño,  la Arquitectura y las ingenierías  desde una visión interdisciplinaria en pro de la construcción de una cultura de la sostenibilidad.
 En este sentido, pretende reunir equipos representativos de varias instituciones de educación superior con el fin de desarrollar actividades académicas interdisciplinarias durante 3 dias y 2 noches en el campus tecnológico. 
Para esto se requiere desarrollar una campaña de expectativa del evento desde el mes de julio, incluir a los auspiciantes del evento en la promoción, cobertura del evento durante el dia y la noche además de su divulgación en redes sociales. 
- MATERIAL PROMOCIONAL / VIDEOS / FLYERS ENTRE OTROS. 
Se espera una asistencia de 500 personas aproximadamente
8 grupos participantes ( universidades invitadas)', 80));
IF @EventFormatId5 IS NULL SET @EventFormatId5 = (SELECT TOP 1 [Id] FROM [CatalogReferences] WHERE [Type] = N'FormatoEvento' AND [Name] = LEFT(N'La segunda edición del evento está planteada desde la lógica del hackathon con el fin de promover la inteligencia colectiva y la co creación. Desde esta perspectiva, se plantea un evento único de trs dias y dos noches  ,  en el que se pretende abordar procesos de creación de futuros escenarios para las sociedades sostenibles. 
Cabe mencionar que no solo será una competencia, sino también una oportunidad para que estudiantes, docentes y profesionales trabajen de manera colaborativa en la generación de ideas para la resolución de problemáticas vinculadas a la práctica del diseño,  la Arquitectura y las ingenierías  desde una visión interdisciplinaria en pro de la construcción de una cultura de la sostenibilidad.
 En este sentido, pretende reunir equipos representativos de varias instituciones de educación superior con el fin de desarrollar actividades académicas interdisciplinarias durante 3 dias y 2 noches en el campus tecnológico. 
Para esto se requiere desarrollar una campaña de expectativa del evento desde el mes de julio, incluir a los auspiciantes del evento en la promoción, cobertura del evento durante el dia y la noche además de su divulgación en redes sociales. 
- MATERIAL PROMOCIONAL / VIDEOS / FLYERS ENTRE OTROS. 
Se espera una asistencia de 500 personas aproximadamente
8 grupos participantes ( universidades invitadas)', 180));
IF @EventFormatId5 IS NULL BEGIN SET @EventFormatId5 = 'e56720e2-f6e1-68b7-9952-1674afadd307'; INSERT INTO [CatalogReferences] ([Id],[Type],[Code],[Name],[IsActive],[CreatedAt]) VALUES (@EventFormatId5, N'FormatoEvento', LEFT(N'La segunda edición del evento está planteada desde la lógica del hackathon con el fin de promover la inteligencia colectiva y la co creación. Desde esta perspectiva, se plantea un evento único de trs dias y dos noches  ,  en el que se pretende abordar procesos de creación de futuros escenarios para las sociedades sostenibles. 
Cabe mencionar que no solo será una competencia, sino también una oportunidad para que estudiantes, docentes y profesionales trabajen de manera colaborativa en la generación de ideas para la resolución de problemáticas vinculadas a la práctica del diseño,  la Arquitectura y las ingenierías  desde una visión interdisciplinaria en pro de la construcción de una cultura de la sostenibilidad.
 En este sentido, pretende reunir equipos representativos de varias instituciones de educación superior con el fin de desarrollar actividades académicas interdisciplinarias durante 3 dias y 2 noches en el campus tecnológico. 
Para esto se requiere desarrollar una campaña de expectativa del evento desde el mes de julio, incluir a los auspiciantes del evento en la promoción, cobertura del evento durante el dia y la noche además de su divulgación en redes sociales. 
- MATERIAL PROMOCIONAL / VIDEOS / FLYERS ENTRE OTROS. 
Se espera una asistencia de 500 personas aproximadamente
8 grupos participantes ( universidades invitadas)', 80), LEFT(N'La segunda edición del evento está planteada desde la lógica del hackathon con el fin de promover la inteligencia colectiva y la co creación. Desde esta perspectiva, se plantea un evento único de trs dias y dos noches  ,  en el que se pretende abordar procesos de creación de futuros escenarios para las sociedades sostenibles. 
Cabe mencionar que no solo será una competencia, sino también una oportunidad para que estudiantes, docentes y profesionales trabajen de manera colaborativa en la generación de ideas para la resolución de problemáticas vinculadas a la práctica del diseño,  la Arquitectura y las ingenierías  desde una visión interdisciplinaria en pro de la construcción de una cultura de la sostenibilidad.
 En este sentido, pretende reunir equipos representativos de varias instituciones de educación superior con el fin de desarrollar actividades académicas interdisciplinarias durante 3 dias y 2 noches en el campus tecnológico. 
Para esto se requiere desarrollar una campaña de expectativa del evento desde el mes de julio, incluir a los auspiciantes del evento en la promoción, cobertura del evento durante el dia y la noche además de su divulgación en redes sociales. 
- MATERIAL PROMOCIONAL / VIDEOS / FLYERS ENTRE OTROS. 
Se espera una asistencia de 500 personas aproximadamente
8 grupos participantes ( universidades invitadas)', 180), 1, SYSDATETIMEOFFSET()); END
ELSE UPDATE [CatalogReferences] SET [Name] = LEFT(N'La segunda edición del evento está planteada desde la lógica del hackathon con el fin de promover la inteligencia colectiva y la co creación. Desde esta perspectiva, se plantea un evento único de trs dias y dos noches  ,  en el que se pretende abordar procesos de creación de futuros escenarios para las sociedades sostenibles. 
Cabe mencionar que no solo será una competencia, sino también una oportunidad para que estudiantes, docentes y profesionales trabajen de manera colaborativa en la generación de ideas para la resolución de problemáticas vinculadas a la práctica del diseño,  la Arquitectura y las ingenierías  desde una visión interdisciplinaria en pro de la construcción de una cultura de la sostenibilidad.
 En este sentido, pretende reunir equipos representativos de varias instituciones de educación superior con el fin de desarrollar actividades académicas interdisciplinarias durante 3 dias y 2 noches en el campus tecnológico. 
Para esto se requiere desarrollar una campaña de expectativa del evento desde el mes de julio, incluir a los auspiciantes del evento en la promoción, cobertura del evento durante el dia y la noche además de su divulgación en redes sociales. 
- MATERIAL PROMOCIONAL / VIDEOS / FLYERS ENTRE OTROS. 
Se espera una asistencia de 500 personas aproximadamente
8 grupos participantes ( universidades invitadas)', 180), [IsActive] = 1 WHERE [Id] = @EventFormatId5;
DECLARE @StatusId5 uniqueidentifier = (SELECT TOP 1 [Id] FROM [CatalogReferences] WHERE [Type] = N'EstadoRequerimiento' AND [Code] = LEFT(N'InAnalysis', 80));
IF @StatusId5 IS NULL SET @StatusId5 = (SELECT TOP 1 [Id] FROM [CatalogReferences] WHERE [Type] = N'EstadoRequerimiento' AND [Name] = LEFT(N'En análisis', 180));
IF @StatusId5 IS NULL BEGIN SET @StatusId5 = '33333333-3333-3333-3333-333333333393'; INSERT INTO [CatalogReferences] ([Id],[Type],[Code],[Name],[IsActive],[CreatedAt]) VALUES (@StatusId5, N'EstadoRequerimiento', LEFT(N'InAnalysis', 80), LEFT(N'En análisis', 180), 1, SYSDATETIMEOFFSET()); END
ELSE UPDATE [CatalogReferences] SET [Name] = LEFT(N'En análisis', 180), [IsActive] = 1 WHERE [Id] = @StatusId5;
IF EXISTS (SELECT 1 FROM [Requirements] WHERE [Code] = N'REQ-202606205')
BEGIN
  UPDATE [Requirements] SET [ActivityOrEvent] = LEFT(N'Cobertura Summer School con BYU University . UTAH en Quito y Ambato', 240), [RequestedBy] = LEFT(N'Daniela González', 120), [FacultyId] = @FacultyId5, [Faculty] = LEFT(N'Arquitectura, Artes y Diseño', 160), [Career] = LEFT(N'Diseño de Productos', 160), [CampusId] = @CampusId5, [Campus] = LEFT(N'AMBATO', 120), [Place] = LEFT(N'Campus Tecnologico Indoamerica / FabLab', 180), [StartDate] = '2026-11-11', [EndDate] = '2026-11-13', [EventObjective] = LEFT(N'Desarrollar un evento académico proyectual interdisciplinar ( conceptualización y materialización) que logre resolver problemas sociales reales a través de la práctica  del diseño, arquitectura e ingenierías.', 4000), [EventFormatId] = @EventFormatId5, [EventFormat] = LEFT(N'La segunda edición del evento está planteada desde la lógica del hackathon con el fin de promover la inteligencia colectiva y la co creación. Desde esta perspectiva, se plantea un evento único de trs dias y dos noches  ,  en el que se pretende abordar procesos de creación de futuros escenarios para las sociedades sostenibles. 
Cabe mencionar que no solo será una competencia, sino también una oportunidad para que estudiantes, docentes y profesionales trabajen de manera colaborativa en la generación de ideas para la resolución de problemáticas vinculadas a la práctica del diseño,  la Arquitectura y las ingenierías  desde una visión interdisciplinaria en pro de la construcción de una cultura de la sostenibilidad.
 En este sentido, pretende reunir equipos representativos de varias instituciones de educación superior con el fin de desarrollar actividades académicas interdisciplinarias durante 3 dias y 2 noches en el campus tecnológico. 
Para esto se requiere desarrollar una campaña de expectativa del evento desde el mes de julio, incluir a los auspiciantes del evento en la promoción, cobertura del evento durante el dia y la noche además de su divulgación en redes sociales. 
- MATERIAL PROMOCIONAL / VIDEOS / FLYERS ENTRE OTROS. 
Se espera una asistencia de 500 personas aproximadamente
8 grupos participantes ( universidades invitadas)', 80), [RequestDate] = '2026-06-22', [Status] = N'InAnalysis', [StatusId] = @StatusId5, [UpdatedAt] = TODATETIMEOFFSET(CONVERT(datetime2, '2026-06-22 00:00:00'), '+00:00') WHERE [Code] = N'REQ-202606205';
END
ELSE
BEGIN
  INSERT INTO [Requirements] ([Id],[Code],[ActivityOrEvent],[RequestedBy],[FacultyId],[Faculty],[Career],[CampusId],[Campus],[Place],[StartDate],[EndDate],[EventObjective],[EventFormatId],[EventFormat],[RequestDate],[Status],[StatusId],[CreatedAt],[UpdatedAt]) VALUES ('dde10ecb-f9e6-31a8-8a98-223c82f0c238', N'REQ-202606205', LEFT(N'Cobertura Summer School con BYU University . UTAH en Quito y Ambato', 240), LEFT(N'Daniela González', 120), @FacultyId5, LEFT(N'Arquitectura, Artes y Diseño', 160), LEFT(N'Diseño de Productos', 160), @CampusId5, LEFT(N'AMBATO', 120), LEFT(N'Campus Tecnologico Indoamerica / FabLab', 180), '2026-11-11', '2026-11-13', LEFT(N'Desarrollar un evento académico proyectual interdisciplinar ( conceptualización y materialización) que logre resolver problemas sociales reales a través de la práctica  del diseño, arquitectura e ingenierías.', 4000), @EventFormatId5, LEFT(N'La segunda edición del evento está planteada desde la lógica del hackathon con el fin de promover la inteligencia colectiva y la co creación. Desde esta perspectiva, se plantea un evento único de trs dias y dos noches  ,  en el que se pretende abordar procesos de creación de futuros escenarios para las sociedades sostenibles. 
Cabe mencionar que no solo será una competencia, sino también una oportunidad para que estudiantes, docentes y profesionales trabajen de manera colaborativa en la generación de ideas para la resolución de problemáticas vinculadas a la práctica del diseño,  la Arquitectura y las ingenierías  desde una visión interdisciplinaria en pro de la construcción de una cultura de la sostenibilidad.
 En este sentido, pretende reunir equipos representativos de varias instituciones de educación superior con el fin de desarrollar actividades académicas interdisciplinarias durante 3 dias y 2 noches en el campus tecnológico. 
Para esto se requiere desarrollar una campaña de expectativa del evento desde el mes de julio, incluir a los auspiciantes del evento en la promoción, cobertura del evento durante el dia y la noche además de su divulgación en redes sociales. 
- MATERIAL PROMOCIONAL / VIDEOS / FLYERS ENTRE OTROS. 
Se espera una asistencia de 500 personas aproximadamente
8 grupos participantes ( universidades invitadas)', 80), '2026-06-22', N'InAnalysis', @StatusId5, TODATETIMEOFFSET(CONVERT(datetime2, '2026-06-22 00:00:00'), '+00:00'), TODATETIMEOFFSET(CONVERT(datetime2, '2026-06-22 00:00:00'), '+00:00'));
  INSERT INTO [RequirementAuditEvents] ([Id],[RequirementId],[FromStatus],[ToStatus],[Action],[PerformedBy],[Comments],[OccurredAt]) VALUES (NEWID(), 'dde10ecb-f9e6-31a8-8a98-223c82f0c238', NULL, N'InAnalysis', N'Carga inicial desde portapapeles', LEFT(N'Daniela González', 160), N'Registro importado desde tabla de requerimientos', SYSDATETIMEOFFSET());
END
-- REQ-202606206
DECLARE @FacultyId6 uniqueidentifier = (SELECT TOP 1 [Id] FROM [CatalogReferences] WHERE [Type] = N'Faculty' AND [Code] = LEFT(N'Bienestar Universitario', 80));
IF @FacultyId6 IS NULL SET @FacultyId6 = (SELECT TOP 1 [Id] FROM [CatalogReferences] WHERE [Type] = N'Faculty' AND [Name] = LEFT(N'Bienestar Universitario', 180));
IF @FacultyId6 IS NULL BEGIN SET @FacultyId6 = '7fa60d1f-f713-b749-9665-d1e41de80e64'; INSERT INTO [CatalogReferences] ([Id],[Type],[Code],[Name],[IsActive],[CreatedAt]) VALUES (@FacultyId6, N'Faculty', LEFT(N'Bienestar Universitario', 80), LEFT(N'Bienestar Universitario', 180), 1, SYSDATETIMEOFFSET()); END
ELSE UPDATE [CatalogReferences] SET [Name] = LEFT(N'Bienestar Universitario', 180), [IsActive] = 1 WHERE [Id] = @FacultyId6;
DECLARE @CampusId6 uniqueidentifier = (SELECT TOP 1 [Id] FROM [CatalogReferences] WHERE [Type] = N'Campus' AND [Code] = LEFT(N'AMBATO', 80));
IF @CampusId6 IS NULL SET @CampusId6 = (SELECT TOP 1 [Id] FROM [CatalogReferences] WHERE [Type] = N'Campus' AND [Name] = LEFT(N'AMBATO', 180));
IF @CampusId6 IS NULL BEGIN SET @CampusId6 = '43316cdf-7ce3-5d1d-66c2-e9bba66ed5ff'; INSERT INTO [CatalogReferences] ([Id],[Type],[Code],[Name],[IsActive],[CreatedAt]) VALUES (@CampusId6, N'Campus', LEFT(N'AMBATO', 80), LEFT(N'AMBATO', 180), 1, SYSDATETIMEOFFSET()); END
ELSE UPDATE [CatalogReferences] SET [Name] = LEFT(N'AMBATO', 180), [IsActive] = 1 WHERE [Id] = @CampusId6;
DECLARE @EventFormatId6 uniqueidentifier = (SELECT TOP 1 [Id] FROM [CatalogReferences] WHERE [Type] = N'FormatoEvento' AND [Code] = LEFT(N'La actividad se desarrollará en el auditorio del campus Manuela Saenz con la presencia de ex futbolistas profesionales y estudiantes de la universidad.', 80));
IF @EventFormatId6 IS NULL SET @EventFormatId6 = (SELECT TOP 1 [Id] FROM [CatalogReferences] WHERE [Type] = N'FormatoEvento' AND [Name] = LEFT(N'La actividad se desarrollará en el auditorio del campus Manuela Saenz con la presencia de ex futbolistas profesionales y estudiantes de la universidad.', 180));
IF @EventFormatId6 IS NULL BEGIN SET @EventFormatId6 = '413d67c2-2a5b-8266-cbab-67267b12f87f'; INSERT INTO [CatalogReferences] ([Id],[Type],[Code],[Name],[IsActive],[CreatedAt]) VALUES (@EventFormatId6, N'FormatoEvento', LEFT(N'La actividad se desarrollará en el auditorio del campus Manuela Saenz con la presencia de ex futbolistas profesionales y estudiantes de la universidad.', 80), LEFT(N'La actividad se desarrollará en el auditorio del campus Manuela Saenz con la presencia de ex futbolistas profesionales y estudiantes de la universidad.', 180), 1, SYSDATETIMEOFFSET()); END
ELSE UPDATE [CatalogReferences] SET [Name] = LEFT(N'La actividad se desarrollará en el auditorio del campus Manuela Saenz con la presencia de ex futbolistas profesionales y estudiantes de la universidad.', 180), [IsActive] = 1 WHERE [Id] = @EventFormatId6;
DECLARE @StatusId6 uniqueidentifier = (SELECT TOP 1 [Id] FROM [CatalogReferences] WHERE [Type] = N'EstadoRequerimiento' AND [Code] = LEFT(N'InAnalysis', 80));
IF @StatusId6 IS NULL SET @StatusId6 = (SELECT TOP 1 [Id] FROM [CatalogReferences] WHERE [Type] = N'EstadoRequerimiento' AND [Name] = LEFT(N'En análisis', 180));
IF @StatusId6 IS NULL BEGIN SET @StatusId6 = '33333333-3333-3333-3333-333333333393'; INSERT INTO [CatalogReferences] ([Id],[Type],[Code],[Name],[IsActive],[CreatedAt]) VALUES (@StatusId6, N'EstadoRequerimiento', LEFT(N'InAnalysis', 80), LEFT(N'En análisis', 180), 1, SYSDATETIMEOFFSET()); END
ELSE UPDATE [CatalogReferences] SET [Name] = LEFT(N'En análisis', 180), [IsActive] = 1 WHERE [Id] = @StatusId6;
IF EXISTS (SELECT 1 FROM [Requirements] WHERE [Code] = N'REQ-202606206')
BEGIN
  UPDATE [Requirements] SET [ActivityOrEvent] = LEFT(N'Visita a U.E. Ramon Barba Naranjo Latacunga', 240), [RequestedBy] = LEFT(N'Pamela Espejo', 120), [FacultyId] = @FacultyId6, [Faculty] = LEFT(N'Bienestar Universitario', 160), [Career] = LEFT(N'Área Específica', 160), [CampusId] = @CampusId6, [Campus] = LEFT(N'AMBATO', 120), [Place] = LEFT(N'AUDITORIO MANUELA SAENZ', 180), [StartDate] = '2026-06-17', [EndDate] = '2026-06-17', [EventObjective] = LEFT(N'Analizar las causas y factores que influyen en la escasa presencia de futbolistas profesionales provenientes de Ambato, mediante una charla dirigida a estudiantes y profesionales del deporte, con el fin de generar reflexión, identificar oportunidades de mejora y proponer estrategias que fortalezcan el desarrollo del talento futbolístico local.', 4000), [EventFormatId] = @EventFormatId6, [EventFormat] = LEFT(N'La actividad se desarrollará en el auditorio del campus Manuela Saenz con la presencia de ex futbolistas profesionales y estudiantes de la universidad.', 80), [RequestDate] = '2026-06-22', [Status] = N'InAnalysis', [StatusId] = @StatusId6, [UpdatedAt] = TODATETIMEOFFSET(CONVERT(datetime2, '2026-06-22 00:00:00'), '+00:00') WHERE [Code] = N'REQ-202606206';
END
ELSE
BEGIN
  INSERT INTO [Requirements] ([Id],[Code],[ActivityOrEvent],[RequestedBy],[FacultyId],[Faculty],[Career],[CampusId],[Campus],[Place],[StartDate],[EndDate],[EventObjective],[EventFormatId],[EventFormat],[RequestDate],[Status],[StatusId],[CreatedAt],[UpdatedAt]) VALUES ('0570e68b-92d4-cd3f-287d-eedd67c0547b', N'REQ-202606206', LEFT(N'Visita a U.E. Ramon Barba Naranjo Latacunga', 240), LEFT(N'Pamela Espejo', 120), @FacultyId6, LEFT(N'Bienestar Universitario', 160), LEFT(N'Área Específica', 160), @CampusId6, LEFT(N'AMBATO', 120), LEFT(N'AUDITORIO MANUELA SAENZ', 180), '2026-06-17', '2026-06-17', LEFT(N'Analizar las causas y factores que influyen en la escasa presencia de futbolistas profesionales provenientes de Ambato, mediante una charla dirigida a estudiantes y profesionales del deporte, con el fin de generar reflexión, identificar oportunidades de mejora y proponer estrategias que fortalezcan el desarrollo del talento futbolístico local.', 4000), @EventFormatId6, LEFT(N'La actividad se desarrollará en el auditorio del campus Manuela Saenz con la presencia de ex futbolistas profesionales y estudiantes de la universidad.', 80), '2026-06-22', N'InAnalysis', @StatusId6, TODATETIMEOFFSET(CONVERT(datetime2, '2026-06-22 00:00:00'), '+00:00'), TODATETIMEOFFSET(CONVERT(datetime2, '2026-06-22 00:00:00'), '+00:00'));
  INSERT INTO [RequirementAuditEvents] ([Id],[RequirementId],[FromStatus],[ToStatus],[Action],[PerformedBy],[Comments],[OccurredAt]) VALUES (NEWID(), '0570e68b-92d4-cd3f-287d-eedd67c0547b', NULL, N'InAnalysis', N'Carga inicial desde portapapeles', LEFT(N'Pamela Espejo', 160), N'Registro importado desde tabla de requerimientos', SYSDATETIMEOFFSET());
END
-- REQ-202606207
DECLARE @FacultyId7 uniqueidentifier = (SELECT TOP 1 [Id] FROM [CatalogReferences] WHERE [Type] = N'Faculty' AND [Code] = LEFT(N'Bienestar Universitario', 80));
IF @FacultyId7 IS NULL SET @FacultyId7 = (SELECT TOP 1 [Id] FROM [CatalogReferences] WHERE [Type] = N'Faculty' AND [Name] = LEFT(N'Bienestar Universitario', 180));
IF @FacultyId7 IS NULL BEGIN SET @FacultyId7 = '7fa60d1f-f713-b749-9665-d1e41de80e64'; INSERT INTO [CatalogReferences] ([Id],[Type],[Code],[Name],[IsActive],[CreatedAt]) VALUES (@FacultyId7, N'Faculty', LEFT(N'Bienestar Universitario', 80), LEFT(N'Bienestar Universitario', 180), 1, SYSDATETIMEOFFSET()); END
ELSE UPDATE [CatalogReferences] SET [Name] = LEFT(N'Bienestar Universitario', 180), [IsActive] = 1 WHERE [Id] = @FacultyId7;
DECLARE @CampusId7 uniqueidentifier = (SELECT TOP 1 [Id] FROM [CatalogReferences] WHERE [Type] = N'Campus' AND [Code] = LEFT(N'INSTITUCIONAL', 80));
IF @CampusId7 IS NULL SET @CampusId7 = (SELECT TOP 1 [Id] FROM [CatalogReferences] WHERE [Type] = N'Campus' AND [Name] = LEFT(N'INSTITUCIONAL', 180));
IF @CampusId7 IS NULL BEGIN SET @CampusId7 = 'af4e2147-0fac-ecc9-a956-9ed347f04fb4'; INSERT INTO [CatalogReferences] ([Id],[Type],[Code],[Name],[IsActive],[CreatedAt]) VALUES (@CampusId7, N'Campus', LEFT(N'INSTITUCIONAL', 80), LEFT(N'INSTITUCIONAL', 180), 1, SYSDATETIMEOFFSET()); END
ELSE UPDATE [CatalogReferences] SET [Name] = LEFT(N'INSTITUCIONAL', 180), [IsActive] = 1 WHERE [Id] = @CampusId7;
DECLARE @EventFormatId7 uniqueidentifier = (SELECT TOP 1 [Id] FROM [CatalogReferences] WHERE [Type] = N'FormatoEvento' AND [Code] = LEFT(N'La actividad se desarrollará en las canchas de la Universidad en las sedes Ambato y Quito. la temática será sobre el mundial donde cada facultad deberá escoger un país que participe en el mundial 2026 y vestir sus colores.', 80));
IF @EventFormatId7 IS NULL SET @EventFormatId7 = (SELECT TOP 1 [Id] FROM [CatalogReferences] WHERE [Type] = N'FormatoEvento' AND [Name] = LEFT(N'La actividad se desarrollará en las canchas de la Universidad en las sedes Ambato y Quito. la temática será sobre el mundial donde cada facultad deberá escoger un país que participe en el mundial 2026 y vestir sus colores.', 180));
IF @EventFormatId7 IS NULL BEGIN SET @EventFormatId7 = '03cc41e3-9ddd-718a-fc22-2805e760fcf1'; INSERT INTO [CatalogReferences] ([Id],[Type],[Code],[Name],[IsActive],[CreatedAt]) VALUES (@EventFormatId7, N'FormatoEvento', LEFT(N'La actividad se desarrollará en las canchas de la Universidad en las sedes Ambato y Quito. la temática será sobre el mundial donde cada facultad deberá escoger un país que participe en el mundial 2026 y vestir sus colores.', 80), LEFT(N'La actividad se desarrollará en las canchas de la Universidad en las sedes Ambato y Quito. la temática será sobre el mundial donde cada facultad deberá escoger un país que participe en el mundial 2026 y vestir sus colores.', 180), 1, SYSDATETIMEOFFSET()); END
ELSE UPDATE [CatalogReferences] SET [Name] = LEFT(N'La actividad se desarrollará en las canchas de la Universidad en las sedes Ambato y Quito. la temática será sobre el mundial donde cada facultad deberá escoger un país que participe en el mundial 2026 y vestir sus colores.', 180), [IsActive] = 1 WHERE [Id] = @EventFormatId7;
DECLARE @StatusId7 uniqueidentifier = (SELECT TOP 1 [Id] FROM [CatalogReferences] WHERE [Type] = N'EstadoRequerimiento' AND [Code] = LEFT(N'InAnalysis', 80));
IF @StatusId7 IS NULL SET @StatusId7 = (SELECT TOP 1 [Id] FROM [CatalogReferences] WHERE [Type] = N'EstadoRequerimiento' AND [Name] = LEFT(N'En análisis', 180));
IF @StatusId7 IS NULL BEGIN SET @StatusId7 = '33333333-3333-3333-3333-333333333393'; INSERT INTO [CatalogReferences] ([Id],[Type],[Code],[Name],[IsActive],[CreatedAt]) VALUES (@StatusId7, N'EstadoRequerimiento', LEFT(N'InAnalysis', 80), LEFT(N'En análisis', 180), 1, SYSDATETIMEOFFSET()); END
ELSE UPDATE [CatalogReferences] SET [Name] = LEFT(N'En análisis', 180), [IsActive] = 1 WHERE [Id] = @StatusId7;
IF EXISTS (SELECT 1 FROM [Requirements] WHERE [Code] = N'REQ-202606207')
BEGIN
  UPDATE [Requirements] SET [ActivityOrEvent] = LEFT(N'Hackathon 2026', 240), [RequestedBy] = LEFT(N'Sandra Torres Núñez', 120), [FacultyId] = @FacultyId7, [Faculty] = LEFT(N'Bienestar Universitario', 160), [Career] = LEFT(N'Área Específica', 160), [CampusId] = @CampusId7, [Campus] = LEFT(N'INSTITUCIONAL', 120), [Place] = LEFT(N'Canchas del campus Manuela Saenz y campus Eugenio Espejo', 180), [StartDate] = '2026-06-15', [EndDate] = '2026-07-17', [EventObjective] = LEFT(N'Promover la integración, el compañerismo y el bienestar integral de los estudiantes de la Universidad Indoamérica mediante la organización de un campeonato interno, fomentando la práctica deportiva, los valores como el respeto, la disciplina y el trabajo en equipo, así como el fortalecimiento de la identidad institucional.', 4000), [EventFormatId] = @EventFormatId7, [EventFormat] = LEFT(N'La actividad se desarrollará en las canchas de la Universidad en las sedes Ambato y Quito. la temática será sobre el mundial donde cada facultad deberá escoger un país que participe en el mundial 2026 y vestir sus colores.', 80), [RequestDate] = '2026-06-22', [Status] = N'InAnalysis', [StatusId] = @StatusId7, [UpdatedAt] = TODATETIMEOFFSET(CONVERT(datetime2, '2026-06-22 00:00:00'), '+00:00') WHERE [Code] = N'REQ-202606207';
END
ELSE
BEGIN
  INSERT INTO [Requirements] ([Id],[Code],[ActivityOrEvent],[RequestedBy],[FacultyId],[Faculty],[Career],[CampusId],[Campus],[Place],[StartDate],[EndDate],[EventObjective],[EventFormatId],[EventFormat],[RequestDate],[Status],[StatusId],[CreatedAt],[UpdatedAt]) VALUES ('1aca24a6-3de6-0e43-df08-8c310ca47524', N'REQ-202606207', LEFT(N'Hackathon 2026', 240), LEFT(N'Sandra Torres Núñez', 120), @FacultyId7, LEFT(N'Bienestar Universitario', 160), LEFT(N'Área Específica', 160), @CampusId7, LEFT(N'INSTITUCIONAL', 120), LEFT(N'Canchas del campus Manuela Saenz y campus Eugenio Espejo', 180), '2026-06-15', '2026-07-17', LEFT(N'Promover la integración, el compañerismo y el bienestar integral de los estudiantes de la Universidad Indoamérica mediante la organización de un campeonato interno, fomentando la práctica deportiva, los valores como el respeto, la disciplina y el trabajo en equipo, así como el fortalecimiento de la identidad institucional.', 4000), @EventFormatId7, LEFT(N'La actividad se desarrollará en las canchas de la Universidad en las sedes Ambato y Quito. la temática será sobre el mundial donde cada facultad deberá escoger un país que participe en el mundial 2026 y vestir sus colores.', 80), '2026-06-22', N'InAnalysis', @StatusId7, TODATETIMEOFFSET(CONVERT(datetime2, '2026-06-22 00:00:00'), '+00:00'), TODATETIMEOFFSET(CONVERT(datetime2, '2026-06-22 00:00:00'), '+00:00'));
  INSERT INTO [RequirementAuditEvents] ([Id],[RequirementId],[FromStatus],[ToStatus],[Action],[PerformedBy],[Comments],[OccurredAt]) VALUES (NEWID(), '1aca24a6-3de6-0e43-df08-8c310ca47524', NULL, N'InAnalysis', N'Carga inicial desde portapapeles', LEFT(N'Sandra Torres Núñez', 160), N'Registro importado desde tabla de requerimientos', SYSDATETIMEOFFSET());
END
-- REQ-202606208
DECLARE @FacultyId8 uniqueidentifier = (SELECT TOP 1 [Id] FROM [CatalogReferences] WHERE [Type] = N'Faculty' AND [Code] = LEFT(N'Bienestar Universitario', 80));
IF @FacultyId8 IS NULL SET @FacultyId8 = (SELECT TOP 1 [Id] FROM [CatalogReferences] WHERE [Type] = N'Faculty' AND [Name] = LEFT(N'Bienestar Universitario', 180));
IF @FacultyId8 IS NULL BEGIN SET @FacultyId8 = '7fa60d1f-f713-b749-9665-d1e41de80e64'; INSERT INTO [CatalogReferences] ([Id],[Type],[Code],[Name],[IsActive],[CreatedAt]) VALUES (@FacultyId8, N'Faculty', LEFT(N'Bienestar Universitario', 80), LEFT(N'Bienestar Universitario', 180), 1, SYSDATETIMEOFFSET()); END
ELSE UPDATE [CatalogReferences] SET [Name] = LEFT(N'Bienestar Universitario', 180), [IsActive] = 1 WHERE [Id] = @FacultyId8;
DECLARE @CampusId8 uniqueidentifier = (SELECT TOP 1 [Id] FROM [CatalogReferences] WHERE [Type] = N'Campus' AND [Code] = LEFT(N'INSTITUCIONAL', 80));
IF @CampusId8 IS NULL SET @CampusId8 = (SELECT TOP 1 [Id] FROM [CatalogReferences] WHERE [Type] = N'Campus' AND [Name] = LEFT(N'INSTITUCIONAL', 180));
IF @CampusId8 IS NULL BEGIN SET @CampusId8 = 'af4e2147-0fac-ecc9-a956-9ed347f04fb4'; INSERT INTO [CatalogReferences] ([Id],[Type],[Code],[Name],[IsActive],[CreatedAt]) VALUES (@CampusId8, N'Campus', LEFT(N'INSTITUCIONAL', 80), LEFT(N'INSTITUCIONAL', 180), 1, SYSDATETIMEOFFSET()); END
ELSE UPDATE [CatalogReferences] SET [Name] = LEFT(N'INSTITUCIONAL', 180), [IsActive] = 1 WHERE [Id] = @CampusId8;
DECLARE @EventFormatId8 uniqueidentifier = (SELECT TOP 1 [Id] FROM [CatalogReferences] WHERE [Type] = N'FormatoEvento' AND [Code] = LEFT(N'"La actividad se desarrollará mediante una cápsula educomunicacional informativa dirigida a toda la comunidad universitaria de la Universidad Tecnológica Indoamérica, sedes Ambato, Quito y Latacunga. La difusión se realizará a través de medios digitales institucionales, utilizando contenido visual y educativo sobre las coberturas del seguro estudiantil, definición de accidente, canales de contacto y procedimientos de atención en caso de emergencia.

La dinámica consistirá en una campaña informativa de sensibilización y orientación, con el objetivo de fortalecer el conocimiento de los estudiantes, personal administrativo y docente respecto a los beneficios del seguro de accidentes y fomentar el cuidado integral durante su vida universitaria."', 80));
IF @EventFormatId8 IS NULL SET @EventFormatId8 = (SELECT TOP 1 [Id] FROM [CatalogReferences] WHERE [Type] = N'FormatoEvento' AND [Name] = LEFT(N'"La actividad se desarrollará mediante una cápsula educomunicacional informativa dirigida a toda la comunidad universitaria de la Universidad Tecnológica Indoamérica, sedes Ambato, Quito y Latacunga. La difusión se realizará a través de medios digitales institucionales, utilizando contenido visual y educativo sobre las coberturas del seguro estudiantil, definición de accidente, canales de contacto y procedimientos de atención en caso de emergencia.

La dinámica consistirá en una campaña informativa de sensibilización y orientación, con el objetivo de fortalecer el conocimiento de los estudiantes, personal administrativo y docente respecto a los beneficios del seguro de accidentes y fomentar el cuidado integral durante su vida universitaria."', 180));
IF @EventFormatId8 IS NULL BEGIN SET @EventFormatId8 = '1008b994-3b3e-cec1-7044-b6abd94cb65e'; INSERT INTO [CatalogReferences] ([Id],[Type],[Code],[Name],[IsActive],[CreatedAt]) VALUES (@EventFormatId8, N'FormatoEvento', LEFT(N'"La actividad se desarrollará mediante una cápsula educomunicacional informativa dirigida a toda la comunidad universitaria de la Universidad Tecnológica Indoamérica, sedes Ambato, Quito y Latacunga. La difusión se realizará a través de medios digitales institucionales, utilizando contenido visual y educativo sobre las coberturas del seguro estudiantil, definición de accidente, canales de contacto y procedimientos de atención en caso de emergencia.

La dinámica consistirá en una campaña informativa de sensibilización y orientación, con el objetivo de fortalecer el conocimiento de los estudiantes, personal administrativo y docente respecto a los beneficios del seguro de accidentes y fomentar el cuidado integral durante su vida universitaria."', 80), LEFT(N'"La actividad se desarrollará mediante una cápsula educomunicacional informativa dirigida a toda la comunidad universitaria de la Universidad Tecnológica Indoamérica, sedes Ambato, Quito y Latacunga. La difusión se realizará a través de medios digitales institucionales, utilizando contenido visual y educativo sobre las coberturas del seguro estudiantil, definición de accidente, canales de contacto y procedimientos de atención en caso de emergencia.

La dinámica consistirá en una campaña informativa de sensibilización y orientación, con el objetivo de fortalecer el conocimiento de los estudiantes, personal administrativo y docente respecto a los beneficios del seguro de accidentes y fomentar el cuidado integral durante su vida universitaria."', 180), 1, SYSDATETIMEOFFSET()); END
ELSE UPDATE [CatalogReferences] SET [Name] = LEFT(N'"La actividad se desarrollará mediante una cápsula educomunicacional informativa dirigida a toda la comunidad universitaria de la Universidad Tecnológica Indoamérica, sedes Ambato, Quito y Latacunga. La difusión se realizará a través de medios digitales institucionales, utilizando contenido visual y educativo sobre las coberturas del seguro estudiantil, definición de accidente, canales de contacto y procedimientos de atención en caso de emergencia.

La dinámica consistirá en una campaña informativa de sensibilización y orientación, con el objetivo de fortalecer el conocimiento de los estudiantes, personal administrativo y docente respecto a los beneficios del seguro de accidentes y fomentar el cuidado integral durante su vida universitaria."', 180), [IsActive] = 1 WHERE [Id] = @EventFormatId8;
DECLARE @StatusId8 uniqueidentifier = (SELECT TOP 1 [Id] FROM [CatalogReferences] WHERE [Type] = N'EstadoRequerimiento' AND [Code] = LEFT(N'InAnalysis', 80));
IF @StatusId8 IS NULL SET @StatusId8 = (SELECT TOP 1 [Id] FROM [CatalogReferences] WHERE [Type] = N'EstadoRequerimiento' AND [Name] = LEFT(N'En análisis', 180));
IF @StatusId8 IS NULL BEGIN SET @StatusId8 = '33333333-3333-3333-3333-333333333393'; INSERT INTO [CatalogReferences] ([Id],[Type],[Code],[Name],[IsActive],[CreatedAt]) VALUES (@StatusId8, N'EstadoRequerimiento', LEFT(N'InAnalysis', 80), LEFT(N'En análisis', 180), 1, SYSDATETIMEOFFSET()); END
ELSE UPDATE [CatalogReferences] SET [Name] = LEFT(N'En análisis', 180), [IsActive] = 1 WHERE [Id] = @StatusId8;
IF EXISTS (SELECT 1 FROM [Requirements] WHERE [Code] = N'REQ-202606208')
BEGIN
  UPDATE [Requirements] SET [ActivityOrEvent] = LEFT(N'Charla Problemática Deportivaa', 240), [RequestedBy] = LEFT(N'KARLA BAYAS', 120), [FacultyId] = @FacultyId8, [Faculty] = LEFT(N'Bienestar Universitario', 160), [Career] = LEFT(N'Área Específica', 160), [CampusId] = @CampusId8, [Campus] = LEFT(N'INSTITUCIONAL', 120), [Place] = LEFT(N'Difusión institucional mediante redes sociales oficiales, pantallas informativas y medios digitales de la Universidad Tecnológica Indoamérica.', 180), [StartDate] = '2026-07-01', [EndDate] = '2026-07-31', [EventObjective] = LEFT(N'Informar y sensibilizar a la comunidad estudiantil sobre los beneficios, coberturas y procedimientos del seguro estudiantil brindado por Latina Seguros, promoviendo el conocimiento de los servicios de protección y atención en casos de accidentes dentro y fuera de la institución.', 4000), [EventFormatId] = @EventFormatId8, [EventFormat] = LEFT(N'"La actividad se desarrollará mediante una cápsula educomunicacional informativa dirigida a toda la comunidad universitaria de la Universidad Tecnológica Indoamérica, sedes Ambato, Quito y Latacunga. La difusión se realizará a través de medios digitales institucionales, utilizando contenido visual y educativo sobre las coberturas del seguro estudiantil, definición de accidente, canales de contacto y procedimientos de atención en caso de emergencia.

La dinámica consistirá en una campaña informativa de sensibilización y orientación, con el objetivo de fortalecer el conocimiento de los estudiantes, personal administrativo y docente respecto a los beneficios del seguro de accidentes y fomentar el cuidado integral durante su vida universitaria."', 80), [RequestDate] = '2026-06-22', [Status] = N'InAnalysis', [StatusId] = @StatusId8, [UpdatedAt] = TODATETIMEOFFSET(CONVERT(datetime2, '2026-06-22 00:00:00'), '+00:00') WHERE [Code] = N'REQ-202606208';
END
ELSE
BEGIN
  INSERT INTO [Requirements] ([Id],[Code],[ActivityOrEvent],[RequestedBy],[FacultyId],[Faculty],[Career],[CampusId],[Campus],[Place],[StartDate],[EndDate],[EventObjective],[EventFormatId],[EventFormat],[RequestDate],[Status],[StatusId],[CreatedAt],[UpdatedAt]) VALUES ('776aaa0e-78c0-4431-081a-95322fc4be7b', N'REQ-202606208', LEFT(N'Charla Problemática Deportivaa', 240), LEFT(N'KARLA BAYAS', 120), @FacultyId8, LEFT(N'Bienestar Universitario', 160), LEFT(N'Área Específica', 160), @CampusId8, LEFT(N'INSTITUCIONAL', 120), LEFT(N'Difusión institucional mediante redes sociales oficiales, pantallas informativas y medios digitales de la Universidad Tecnológica Indoamérica.', 180), '2026-07-01', '2026-07-31', LEFT(N'Informar y sensibilizar a la comunidad estudiantil sobre los beneficios, coberturas y procedimientos del seguro estudiantil brindado por Latina Seguros, promoviendo el conocimiento de los servicios de protección y atención en casos de accidentes dentro y fuera de la institución.', 4000), @EventFormatId8, LEFT(N'"La actividad se desarrollará mediante una cápsula educomunicacional informativa dirigida a toda la comunidad universitaria de la Universidad Tecnológica Indoamérica, sedes Ambato, Quito y Latacunga. La difusión se realizará a través de medios digitales institucionales, utilizando contenido visual y educativo sobre las coberturas del seguro estudiantil, definición de accidente, canales de contacto y procedimientos de atención en caso de emergencia.

La dinámica consistirá en una campaña informativa de sensibilización y orientación, con el objetivo de fortalecer el conocimiento de los estudiantes, personal administrativo y docente respecto a los beneficios del seguro de accidentes y fomentar el cuidado integral durante su vida universitaria."', 80), '2026-06-22', N'InAnalysis', @StatusId8, TODATETIMEOFFSET(CONVERT(datetime2, '2026-06-22 00:00:00'), '+00:00'), TODATETIMEOFFSET(CONVERT(datetime2, '2026-06-22 00:00:00'), '+00:00'));
  INSERT INTO [RequirementAuditEvents] ([Id],[RequirementId],[FromStatus],[ToStatus],[Action],[PerformedBy],[Comments],[OccurredAt]) VALUES (NEWID(), '776aaa0e-78c0-4431-081a-95322fc4be7b', NULL, N'InAnalysis', N'Carga inicial desde portapapeles', LEFT(N'KARLA BAYAS', 160), N'Registro importado desde tabla de requerimientos', SYSDATETIMEOFFSET());
END
-- REQ-202606209
DECLARE @FacultyId9 uniqueidentifier = (SELECT TOP 1 [Id] FROM [CatalogReferences] WHERE [Type] = N'Faculty' AND [Code] = LEFT(N'Bienestar Universitario', 80));
IF @FacultyId9 IS NULL SET @FacultyId9 = (SELECT TOP 1 [Id] FROM [CatalogReferences] WHERE [Type] = N'Faculty' AND [Name] = LEFT(N'Bienestar Universitario', 180));
IF @FacultyId9 IS NULL BEGIN SET @FacultyId9 = '7fa60d1f-f713-b749-9665-d1e41de80e64'; INSERT INTO [CatalogReferences] ([Id],[Type],[Code],[Name],[IsActive],[CreatedAt]) VALUES (@FacultyId9, N'Faculty', LEFT(N'Bienestar Universitario', 80), LEFT(N'Bienestar Universitario', 180), 1, SYSDATETIMEOFFSET()); END
ELSE UPDATE [CatalogReferences] SET [Name] = LEFT(N'Bienestar Universitario', 180), [IsActive] = 1 WHERE [Id] = @FacultyId9;
DECLARE @CampusId9 uniqueidentifier = (SELECT TOP 1 [Id] FROM [CatalogReferences] WHERE [Type] = N'Campus' AND [Code] = LEFT(N'AMBATO', 80));
IF @CampusId9 IS NULL SET @CampusId9 = (SELECT TOP 1 [Id] FROM [CatalogReferences] WHERE [Type] = N'Campus' AND [Name] = LEFT(N'AMBATO', 180));
IF @CampusId9 IS NULL BEGIN SET @CampusId9 = '43316cdf-7ce3-5d1d-66c2-e9bba66ed5ff'; INSERT INTO [CatalogReferences] ([Id],[Type],[Code],[Name],[IsActive],[CreatedAt]) VALUES (@CampusId9, N'Campus', LEFT(N'AMBATO', 80), LEFT(N'AMBATO', 180), 1, SYSDATETIMEOFFSET()); END
ELSE UPDATE [CatalogReferences] SET [Name] = LEFT(N'AMBATO', 180), [IsActive] = 1 WHERE [Id] = @CampusId9;
DECLARE @EventFormatId9 uniqueidentifier = (SELECT TOP 1 [Id] FROM [CatalogReferences] WHERE [Type] = N'FormatoEvento' AND [Code] = LEFT(N'"La sensibilización de salud sexual y reproductiva y planificación familiar se llevará a cabo en los auditorios de los campus Manuela Sáenz y Simón Bolívar, con el propósito de brindar información y orientación a la comunidad estudiantil.

Esta actividad está planificada para estudiantes desde primer nivel hasta décimo nivel, con el fin de fortalecer sus conocimientos sobre el autocuidado, la prevención y la toma de decisiones responsables relacionadas con su salud sexual y reproductiva durante su formación universitaria."', 80));
IF @EventFormatId9 IS NULL SET @EventFormatId9 = (SELECT TOP 1 [Id] FROM [CatalogReferences] WHERE [Type] = N'FormatoEvento' AND [Name] = LEFT(N'"La sensibilización de salud sexual y reproductiva y planificación familiar se llevará a cabo en los auditorios de los campus Manuela Sáenz y Simón Bolívar, con el propósito de brindar información y orientación a la comunidad estudiantil.

Esta actividad está planificada para estudiantes desde primer nivel hasta décimo nivel, con el fin de fortalecer sus conocimientos sobre el autocuidado, la prevención y la toma de decisiones responsables relacionadas con su salud sexual y reproductiva durante su formación universitaria."', 180));
IF @EventFormatId9 IS NULL BEGIN SET @EventFormatId9 = '861cf926-f2c6-657a-63ee-7aac27050dc2'; INSERT INTO [CatalogReferences] ([Id],[Type],[Code],[Name],[IsActive],[CreatedAt]) VALUES (@EventFormatId9, N'FormatoEvento', LEFT(N'"La sensibilización de salud sexual y reproductiva y planificación familiar se llevará a cabo en los auditorios de los campus Manuela Sáenz y Simón Bolívar, con el propósito de brindar información y orientación a la comunidad estudiantil.

Esta actividad está planificada para estudiantes desde primer nivel hasta décimo nivel, con el fin de fortalecer sus conocimientos sobre el autocuidado, la prevención y la toma de decisiones responsables relacionadas con su salud sexual y reproductiva durante su formación universitaria."', 80), LEFT(N'"La sensibilización de salud sexual y reproductiva y planificación familiar se llevará a cabo en los auditorios de los campus Manuela Sáenz y Simón Bolívar, con el propósito de brindar información y orientación a la comunidad estudiantil.

Esta actividad está planificada para estudiantes desde primer nivel hasta décimo nivel, con el fin de fortalecer sus conocimientos sobre el autocuidado, la prevención y la toma de decisiones responsables relacionadas con su salud sexual y reproductiva durante su formación universitaria."', 180), 1, SYSDATETIMEOFFSET()); END
ELSE UPDATE [CatalogReferences] SET [Name] = LEFT(N'"La sensibilización de salud sexual y reproductiva y planificación familiar se llevará a cabo en los auditorios de los campus Manuela Sáenz y Simón Bolívar, con el propósito de brindar información y orientación a la comunidad estudiantil.

Esta actividad está planificada para estudiantes desde primer nivel hasta décimo nivel, con el fin de fortalecer sus conocimientos sobre el autocuidado, la prevención y la toma de decisiones responsables relacionadas con su salud sexual y reproductiva durante su formación universitaria."', 180), [IsActive] = 1 WHERE [Id] = @EventFormatId9;
DECLARE @StatusId9 uniqueidentifier = (SELECT TOP 1 [Id] FROM [CatalogReferences] WHERE [Type] = N'EstadoRequerimiento' AND [Code] = LEFT(N'InAnalysis', 80));
IF @StatusId9 IS NULL SET @StatusId9 = (SELECT TOP 1 [Id] FROM [CatalogReferences] WHERE [Type] = N'EstadoRequerimiento' AND [Name] = LEFT(N'En análisis', 180));
IF @StatusId9 IS NULL BEGIN SET @StatusId9 = '33333333-3333-3333-3333-333333333393'; INSERT INTO [CatalogReferences] ([Id],[Type],[Code],[Name],[IsActive],[CreatedAt]) VALUES (@StatusId9, N'EstadoRequerimiento', LEFT(N'InAnalysis', 80), LEFT(N'En análisis', 180), 1, SYSDATETIMEOFFSET()); END
ELSE UPDATE [CatalogReferences] SET [Name] = LEFT(N'En análisis', 180), [IsActive] = 1 WHERE [Id] = @StatusId9;
IF EXISTS (SELECT 1 FROM [Requirements] WHERE [Code] = N'REQ-202606209')
BEGIN
  UPDATE [Requirements] SET [ActivityOrEvent] = LEFT(N'Campeonato Interno Interfacultades "Mundialito UTI"', 240), [RequestedBy] = LEFT(N'KARLA BAYAS', 120), [FacultyId] = @FacultyId9, [Faculty] = LEFT(N'Bienestar Universitario', 160), [Career] = LEFT(N'Área Específica', 160), [CampusId] = @CampusId9, [Campus] = LEFT(N'AMBATO', 120), [Place] = LEFT(N'Auditorio Campus Manuela Saenz y Simon Bolivar', 180), [StartDate] = '2026-06-08', [EndDate] = '2026-06-08', [EventObjective] = LEFT(N'"Brindar información clara, confiable y actualizada sobre salud sexual y reproductiva y planificación familiar, para que los estudiantes universitarios puedan tomar decisiones responsables, informadas y conscientes sobre su bienestar físico, emocional y social.

Además, se busca promover la prevención de infecciones de transmisión sexual, embarazos no planificados y situaciones de riesgo, fomentando el autocuidado, el respeto, las relaciones saludables y el acceso a métodos anticonceptivos y servicios de salud."', 4000), [EventFormatId] = @EventFormatId9, [EventFormat] = LEFT(N'"La sensibilización de salud sexual y reproductiva y planificación familiar se llevará a cabo en los auditorios de los campus Manuela Sáenz y Simón Bolívar, con el propósito de brindar información y orientación a la comunidad estudiantil.

Esta actividad está planificada para estudiantes desde primer nivel hasta décimo nivel, con el fin de fortalecer sus conocimientos sobre el autocuidado, la prevención y la toma de decisiones responsables relacionadas con su salud sexual y reproductiva durante su formación universitaria."', 80), [RequestDate] = '2026-06-22', [Status] = N'InAnalysis', [StatusId] = @StatusId9, [UpdatedAt] = TODATETIMEOFFSET(CONVERT(datetime2, '2026-06-22 00:00:00'), '+00:00') WHERE [Code] = N'REQ-202606209';
END
ELSE
BEGIN
  INSERT INTO [Requirements] ([Id],[Code],[ActivityOrEvent],[RequestedBy],[FacultyId],[Faculty],[Career],[CampusId],[Campus],[Place],[StartDate],[EndDate],[EventObjective],[EventFormatId],[EventFormat],[RequestDate],[Status],[StatusId],[CreatedAt],[UpdatedAt]) VALUES ('50c2808b-6873-992b-c068-6aa299b132f0', N'REQ-202606209', LEFT(N'Campeonato Interno Interfacultades "Mundialito UTI"', 240), LEFT(N'KARLA BAYAS', 120), @FacultyId9, LEFT(N'Bienestar Universitario', 160), LEFT(N'Área Específica', 160), @CampusId9, LEFT(N'AMBATO', 120), LEFT(N'Auditorio Campus Manuela Saenz y Simon Bolivar', 180), '2026-06-08', '2026-06-08', LEFT(N'"Brindar información clara, confiable y actualizada sobre salud sexual y reproductiva y planificación familiar, para que los estudiantes universitarios puedan tomar decisiones responsables, informadas y conscientes sobre su bienestar físico, emocional y social.

Además, se busca promover la prevención de infecciones de transmisión sexual, embarazos no planificados y situaciones de riesgo, fomentando el autocuidado, el respeto, las relaciones saludables y el acceso a métodos anticonceptivos y servicios de salud."', 4000), @EventFormatId9, LEFT(N'"La sensibilización de salud sexual y reproductiva y planificación familiar se llevará a cabo en los auditorios de los campus Manuela Sáenz y Simón Bolívar, con el propósito de brindar información y orientación a la comunidad estudiantil.

Esta actividad está planificada para estudiantes desde primer nivel hasta décimo nivel, con el fin de fortalecer sus conocimientos sobre el autocuidado, la prevención y la toma de decisiones responsables relacionadas con su salud sexual y reproductiva durante su formación universitaria."', 80), '2026-06-22', N'InAnalysis', @StatusId9, TODATETIMEOFFSET(CONVERT(datetime2, '2026-06-22 00:00:00'), '+00:00'), TODATETIMEOFFSET(CONVERT(datetime2, '2026-06-22 00:00:00'), '+00:00'));
  INSERT INTO [RequirementAuditEvents] ([Id],[RequirementId],[FromStatus],[ToStatus],[Action],[PerformedBy],[Comments],[OccurredAt]) VALUES (NEWID(), '50c2808b-6873-992b-c068-6aa299b132f0', NULL, N'InAnalysis', N'Carga inicial desde portapapeles', LEFT(N'KARLA BAYAS', 160), N'Registro importado desde tabla de requerimientos', SYSDATETIMEOFFSET());
END
-- REQ-2026062010
DECLARE @FacultyId10 uniqueidentifier = (SELECT TOP 1 [Id] FROM [CatalogReferences] WHERE [Type] = N'Faculty' AND [Code] = LEFT(N'Bienestar Universitario', 80));
IF @FacultyId10 IS NULL SET @FacultyId10 = (SELECT TOP 1 [Id] FROM [CatalogReferences] WHERE [Type] = N'Faculty' AND [Name] = LEFT(N'Bienestar Universitario', 180));
IF @FacultyId10 IS NULL BEGIN SET @FacultyId10 = '7fa60d1f-f713-b749-9665-d1e41de80e64'; INSERT INTO [CatalogReferences] ([Id],[Type],[Code],[Name],[IsActive],[CreatedAt]) VALUES (@FacultyId10, N'Faculty', LEFT(N'Bienestar Universitario', 80), LEFT(N'Bienestar Universitario', 180), 1, SYSDATETIMEOFFSET()); END
ELSE UPDATE [CatalogReferences] SET [Name] = LEFT(N'Bienestar Universitario', 180), [IsActive] = 1 WHERE [Id] = @FacultyId10;
DECLARE @CampusId10 uniqueidentifier = (SELECT TOP 1 [Id] FROM [CatalogReferences] WHERE [Type] = N'Campus' AND [Code] = LEFT(N'INSTITUCIONAL', 80));
IF @CampusId10 IS NULL SET @CampusId10 = (SELECT TOP 1 [Id] FROM [CatalogReferences] WHERE [Type] = N'Campus' AND [Name] = LEFT(N'INSTITUCIONAL', 180));
IF @CampusId10 IS NULL BEGIN SET @CampusId10 = 'af4e2147-0fac-ecc9-a956-9ed347f04fb4'; INSERT INTO [CatalogReferences] ([Id],[Type],[Code],[Name],[IsActive],[CreatedAt]) VALUES (@CampusId10, N'Campus', LEFT(N'INSTITUCIONAL', 80), LEFT(N'INSTITUCIONAL', 180), 1, SYSDATETIMEOFFSET()); END
ELSE UPDATE [CatalogReferences] SET [Name] = LEFT(N'INSTITUCIONAL', 180), [IsActive] = 1 WHERE [Id] = @CampusId10;
DECLARE @EventFormatId10 uniqueidentifier = (SELECT TOP 1 [Id] FROM [CatalogReferences] WHERE [Type] = N'FormatoEvento' AND [Code] = LEFT(N'"La difusión de la infografía sobre salud sexual y reproductiva se realizará a través de medios digitales, como correos institucionales, redes sociales y plataformas virtuales de la universidad, con el fin de garantizar un mayor alcance y acceso a la información por parte de todos los estudiantes universitarios.

El propósito de esta difusión es promover la educación y concientización sobre la importancia del cuidado de la salud sexual y reproductiva, fomentando prácticas responsables, la prevención de infecciones de transmisión sexual y embarazos no planificados, así como el conocimiento de métodos anticonceptivos y servicios de apoyo disponibles para la comunidad estudiantil."', 80));
IF @EventFormatId10 IS NULL SET @EventFormatId10 = (SELECT TOP 1 [Id] FROM [CatalogReferences] WHERE [Type] = N'FormatoEvento' AND [Name] = LEFT(N'"La difusión de la infografía sobre salud sexual y reproductiva se realizará a través de medios digitales, como correos institucionales, redes sociales y plataformas virtuales de la universidad, con el fin de garantizar un mayor alcance y acceso a la información por parte de todos los estudiantes universitarios.

El propósito de esta difusión es promover la educación y concientización sobre la importancia del cuidado de la salud sexual y reproductiva, fomentando prácticas responsables, la prevención de infecciones de transmisión sexual y embarazos no planificados, así como el conocimiento de métodos anticonceptivos y servicios de apoyo disponibles para la comunidad estudiantil."', 180));
IF @EventFormatId10 IS NULL BEGIN SET @EventFormatId10 = 'd92b5b25-f69a-a2e5-dd44-5ce00b5e755f'; INSERT INTO [CatalogReferences] ([Id],[Type],[Code],[Name],[IsActive],[CreatedAt]) VALUES (@EventFormatId10, N'FormatoEvento', LEFT(N'"La difusión de la infografía sobre salud sexual y reproductiva se realizará a través de medios digitales, como correos institucionales, redes sociales y plataformas virtuales de la universidad, con el fin de garantizar un mayor alcance y acceso a la información por parte de todos los estudiantes universitarios.

El propósito de esta difusión es promover la educación y concientización sobre la importancia del cuidado de la salud sexual y reproductiva, fomentando prácticas responsables, la prevención de infecciones de transmisión sexual y embarazos no planificados, así como el conocimiento de métodos anticonceptivos y servicios de apoyo disponibles para la comunidad estudiantil."', 80), LEFT(N'"La difusión de la infografía sobre salud sexual y reproductiva se realizará a través de medios digitales, como correos institucionales, redes sociales y plataformas virtuales de la universidad, con el fin de garantizar un mayor alcance y acceso a la información por parte de todos los estudiantes universitarios.

El propósito de esta difusión es promover la educación y concientización sobre la importancia del cuidado de la salud sexual y reproductiva, fomentando prácticas responsables, la prevención de infecciones de transmisión sexual y embarazos no planificados, así como el conocimiento de métodos anticonceptivos y servicios de apoyo disponibles para la comunidad estudiantil."', 180), 1, SYSDATETIMEOFFSET()); END
ELSE UPDATE [CatalogReferences] SET [Name] = LEFT(N'"La difusión de la infografía sobre salud sexual y reproductiva se realizará a través de medios digitales, como correos institucionales, redes sociales y plataformas virtuales de la universidad, con el fin de garantizar un mayor alcance y acceso a la información por parte de todos los estudiantes universitarios.

El propósito de esta difusión es promover la educación y concientización sobre la importancia del cuidado de la salud sexual y reproductiva, fomentando prácticas responsables, la prevención de infecciones de transmisión sexual y embarazos no planificados, así como el conocimiento de métodos anticonceptivos y servicios de apoyo disponibles para la comunidad estudiantil."', 180), [IsActive] = 1 WHERE [Id] = @EventFormatId10;
DECLARE @StatusId10 uniqueidentifier = (SELECT TOP 1 [Id] FROM [CatalogReferences] WHERE [Type] = N'EstadoRequerimiento' AND [Code] = LEFT(N'InAnalysis', 80));
IF @StatusId10 IS NULL SET @StatusId10 = (SELECT TOP 1 [Id] FROM [CatalogReferences] WHERE [Type] = N'EstadoRequerimiento' AND [Name] = LEFT(N'En análisis', 180));
IF @StatusId10 IS NULL BEGIN SET @StatusId10 = '33333333-3333-3333-3333-333333333393'; INSERT INTO [CatalogReferences] ([Id],[Type],[Code],[Name],[IsActive],[CreatedAt]) VALUES (@StatusId10, N'EstadoRequerimiento', LEFT(N'InAnalysis', 80), LEFT(N'En análisis', 180), 1, SYSDATETIMEOFFSET()); END
ELSE UPDATE [CatalogReferences] SET [Name] = LEFT(N'En análisis', 180), [IsActive] = 1 WHERE [Id] = @StatusId10;
IF EXISTS (SELECT 1 FROM [Requirements] WHERE [Code] = N'REQ-2026062010')
BEGIN
  UPDATE [Requirements] SET [ActivityOrEvent] = LEFT(N'Cápsula Educomunicacional: Seguro de Accidentes Estudiantiles “¡En Indoamérica cuidamos de ti!”', 240), [RequestedBy] = LEFT(N'KARLA BAYAS', 120), [FacultyId] = @FacultyId10, [Faculty] = LEFT(N'Bienestar Universitario', 160), [Career] = LEFT(N'Área Específica', 160), [CampusId] = @CampusId10, [Campus] = LEFT(N'INSTITUCIONAL', 120), [Place] = LEFT(N'Difusión institucional mediante redes sociales oficiales, pantallas informativas y medios digitales de la Universidad Tecnológica Indoamérica.', 180), [StartDate] = '2026-06-09', [EndDate] = '2026-06-09', [EventObjective] = LEFT(N'Proporcionar información clara, breve y accesible a todos los estudiantes universitarios, promoviendo el conocimiento y la concientización sobre temas relacionados con el autocuidado, la prevención y la toma de decisiones responsables. A través de este material informativo, se busca fortalecer la educación en salud sexual y reproductiva, prevenir infecciones de transmisión sexual y embarazos no planificados, además de incentivar el uso adecuado de métodos anticonceptivos y el acceso oportuno a servicios de salud.', 4000), [EventFormatId] = @EventFormatId10, [EventFormat] = LEFT(N'"La difusión de la infografía sobre salud sexual y reproductiva se realizará a través de medios digitales, como correos institucionales, redes sociales y plataformas virtuales de la universidad, con el fin de garantizar un mayor alcance y acceso a la información por parte de todos los estudiantes universitarios.

El propósito de esta difusión es promover la educación y concientización sobre la importancia del cuidado de la salud sexual y reproductiva, fomentando prácticas responsables, la prevención de infecciones de transmisión sexual y embarazos no planificados, así como el conocimiento de métodos anticonceptivos y servicios de apoyo disponibles para la comunidad estudiantil."', 80), [RequestDate] = '2026-06-22', [Status] = N'InAnalysis', [StatusId] = @StatusId10, [UpdatedAt] = TODATETIMEOFFSET(CONVERT(datetime2, '2026-06-22 00:00:00'), '+00:00') WHERE [Code] = N'REQ-2026062010';
END
ELSE
BEGIN
  INSERT INTO [Requirements] ([Id],[Code],[ActivityOrEvent],[RequestedBy],[FacultyId],[Faculty],[Career],[CampusId],[Campus],[Place],[StartDate],[EndDate],[EventObjective],[EventFormatId],[EventFormat],[RequestDate],[Status],[StatusId],[CreatedAt],[UpdatedAt]) VALUES ('8e6de130-2d51-8a53-87dd-1615b52bbba9', N'REQ-2026062010', LEFT(N'Cápsula Educomunicacional: Seguro de Accidentes Estudiantiles “¡En Indoamérica cuidamos de ti!”', 240), LEFT(N'KARLA BAYAS', 120), @FacultyId10, LEFT(N'Bienestar Universitario', 160), LEFT(N'Área Específica', 160), @CampusId10, LEFT(N'INSTITUCIONAL', 120), LEFT(N'Difusión institucional mediante redes sociales oficiales, pantallas informativas y medios digitales de la Universidad Tecnológica Indoamérica.', 180), '2026-06-09', '2026-06-09', LEFT(N'Proporcionar información clara, breve y accesible a todos los estudiantes universitarios, promoviendo el conocimiento y la concientización sobre temas relacionados con el autocuidado, la prevención y la toma de decisiones responsables. A través de este material informativo, se busca fortalecer la educación en salud sexual y reproductiva, prevenir infecciones de transmisión sexual y embarazos no planificados, además de incentivar el uso adecuado de métodos anticonceptivos y el acceso oportuno a servicios de salud.', 4000), @EventFormatId10, LEFT(N'"La difusión de la infografía sobre salud sexual y reproductiva se realizará a través de medios digitales, como correos institucionales, redes sociales y plataformas virtuales de la universidad, con el fin de garantizar un mayor alcance y acceso a la información por parte de todos los estudiantes universitarios.

El propósito de esta difusión es promover la educación y concientización sobre la importancia del cuidado de la salud sexual y reproductiva, fomentando prácticas responsables, la prevención de infecciones de transmisión sexual y embarazos no planificados, así como el conocimiento de métodos anticonceptivos y servicios de apoyo disponibles para la comunidad estudiantil."', 80), '2026-06-22', N'InAnalysis', @StatusId10, TODATETIMEOFFSET(CONVERT(datetime2, '2026-06-22 00:00:00'), '+00:00'), TODATETIMEOFFSET(CONVERT(datetime2, '2026-06-22 00:00:00'), '+00:00'));
  INSERT INTO [RequirementAuditEvents] ([Id],[RequirementId],[FromStatus],[ToStatus],[Action],[PerformedBy],[Comments],[OccurredAt]) VALUES (NEWID(), '8e6de130-2d51-8a53-87dd-1615b52bbba9', NULL, N'InAnalysis', N'Carga inicial desde portapapeles', LEFT(N'KARLA BAYAS', 160), N'Registro importado desde tabla de requerimientos', SYSDATETIMEOFFSET());
END
-- REQ-2026062011
DECLARE @FacultyId11 uniqueidentifier = (SELECT TOP 1 [Id] FROM [CatalogReferences] WHERE [Type] = N'Faculty' AND [Code] = LEFT(N'Bienestar Universitario', 80));
IF @FacultyId11 IS NULL SET @FacultyId11 = (SELECT TOP 1 [Id] FROM [CatalogReferences] WHERE [Type] = N'Faculty' AND [Name] = LEFT(N'Bienestar Universitario', 180));
IF @FacultyId11 IS NULL BEGIN SET @FacultyId11 = '7fa60d1f-f713-b749-9665-d1e41de80e64'; INSERT INTO [CatalogReferences] ([Id],[Type],[Code],[Name],[IsActive],[CreatedAt]) VALUES (@FacultyId11, N'Faculty', LEFT(N'Bienestar Universitario', 80), LEFT(N'Bienestar Universitario', 180), 1, SYSDATETIMEOFFSET()); END
ELSE UPDATE [CatalogReferences] SET [Name] = LEFT(N'Bienestar Universitario', 180), [IsActive] = 1 WHERE [Id] = @FacultyId11;
DECLARE @CampusId11 uniqueidentifier = (SELECT TOP 1 [Id] FROM [CatalogReferences] WHERE [Type] = N'Campus' AND [Code] = LEFT(N'QUITO', 80));
IF @CampusId11 IS NULL SET @CampusId11 = (SELECT TOP 1 [Id] FROM [CatalogReferences] WHERE [Type] = N'Campus' AND [Name] = LEFT(N'QUITO', 180));
IF @CampusId11 IS NULL BEGIN SET @CampusId11 = '70c94f24-38e9-dfae-dcf0-625f647c3dd4'; INSERT INTO [CatalogReferences] ([Id],[Type],[Code],[Name],[IsActive],[CreatedAt]) VALUES (@CampusId11, N'Campus', LEFT(N'QUITO', 80), LEFT(N'QUITO', 180), 1, SYSDATETIMEOFFSET()); END
ELSE UPDATE [CatalogReferences] SET [Name] = LEFT(N'QUITO', 180), [IsActive] = 1 WHERE [Id] = @CampusId11;
DECLARE @EventFormatId11 uniqueidentifier = (SELECT TOP 1 [Id] FROM [CatalogReferences] WHERE [Type] = N'FormatoEvento' AND [Code] = LEFT(N'Se realizará mediante la difusión de una pieza educomunicacional (infografía o cápsula digital) enviada por correo electrónico a estudiantes, docentes y administrativos. Se busca informar sobre hábitos preventivos que impactan positivamente en el desempeño del personal y estudiantes.', 80));
IF @EventFormatId11 IS NULL SET @EventFormatId11 = (SELECT TOP 1 [Id] FROM [CatalogReferences] WHERE [Type] = N'FormatoEvento' AND [Name] = LEFT(N'Se realizará mediante la difusión de una pieza educomunicacional (infografía o cápsula digital) enviada por correo electrónico a estudiantes, docentes y administrativos. Se busca informar sobre hábitos preventivos que impactan positivamente en el desempeño del personal y estudiantes.', 180));
IF @EventFormatId11 IS NULL BEGIN SET @EventFormatId11 = '1708185e-a965-7793-880d-f7c39b245bf4'; INSERT INTO [CatalogReferences] ([Id],[Type],[Code],[Name],[IsActive],[CreatedAt]) VALUES (@EventFormatId11, N'FormatoEvento', LEFT(N'Se realizará mediante la difusión de una pieza educomunicacional (infografía o cápsula digital) enviada por correo electrónico a estudiantes, docentes y administrativos. Se busca informar sobre hábitos preventivos que impactan positivamente en el desempeño del personal y estudiantes.', 80), LEFT(N'Se realizará mediante la difusión de una pieza educomunicacional (infografía o cápsula digital) enviada por correo electrónico a estudiantes, docentes y administrativos. Se busca informar sobre hábitos preventivos que impactan positivamente en el desempeño del personal y estudiantes.', 180), 1, SYSDATETIMEOFFSET()); END
ELSE UPDATE [CatalogReferences] SET [Name] = LEFT(N'Se realizará mediante la difusión de una pieza educomunicacional (infografía o cápsula digital) enviada por correo electrónico a estudiantes, docentes y administrativos. Se busca informar sobre hábitos preventivos que impactan positivamente en el desempeño del personal y estudiantes.', 180), [IsActive] = 1 WHERE [Id] = @EventFormatId11;
DECLARE @StatusId11 uniqueidentifier = (SELECT TOP 1 [Id] FROM [CatalogReferences] WHERE [Type] = N'EstadoRequerimiento' AND [Code] = LEFT(N'InAnalysis', 80));
IF @StatusId11 IS NULL SET @StatusId11 = (SELECT TOP 1 [Id] FROM [CatalogReferences] WHERE [Type] = N'EstadoRequerimiento' AND [Name] = LEFT(N'En análisis', 180));
IF @StatusId11 IS NULL BEGIN SET @StatusId11 = '33333333-3333-3333-3333-333333333393'; INSERT INTO [CatalogReferences] ([Id],[Type],[Code],[Name],[IsActive],[CreatedAt]) VALUES (@StatusId11, N'EstadoRequerimiento', LEFT(N'InAnalysis', 80), LEFT(N'En análisis', 180), 1, SYSDATETIMEOFFSET()); END
ELSE UPDATE [CatalogReferences] SET [Name] = LEFT(N'En análisis', 180), [IsActive] = 1 WHERE [Id] = @StatusId11;
IF EXISTS (SELECT 1 FROM [Requirements] WHERE [Code] = N'REQ-2026062011')
BEGIN
  UPDATE [Requirements] SET [ActivityOrEvent] = LEFT(N'Sensibilizacion “Planifica tu vida, cuida tu salud” Salud Sexual, reproductiva y planificacion familiar', 240), [RequestedBy] = LEFT(N'KARLA BAYAS', 120), [FacultyId] = @FacultyId11, [Faculty] = LEFT(N'Bienestar Universitario', 160), [Career] = LEFT(N'Área Específica', 160), [CampusId] = @CampusId11, [Campus] = LEFT(N'QUITO', 120), [Place] = LEFT(N'Plataforma de correo electrónico institucional (Difusión masiva).', 180), [StartDate] = '2026-06-17', [EndDate] = '2026-06-17', [EventObjective] = LEFT(N'Concientizar a la comunidad universitaria sobre el bruxismo, sus causas, signos y consecuencias, promoviendo el cuidado de la salud bucal y el bienestar integral.', 4000), [EventFormatId] = @EventFormatId11, [EventFormat] = LEFT(N'Se realizará mediante la difusión de una pieza educomunicacional (infografía o cápsula digital) enviada por correo electrónico a estudiantes, docentes y administrativos. Se busca informar sobre hábitos preventivos que impactan positivamente en el desempeño del personal y estudiantes.', 80), [RequestDate] = '2026-06-22', [Status] = N'InAnalysis', [StatusId] = @StatusId11, [UpdatedAt] = TODATETIMEOFFSET(CONVERT(datetime2, '2026-06-22 00:00:00'), '+00:00') WHERE [Code] = N'REQ-2026062011';
END
ELSE
BEGIN
  INSERT INTO [Requirements] ([Id],[Code],[ActivityOrEvent],[RequestedBy],[FacultyId],[Faculty],[Career],[CampusId],[Campus],[Place],[StartDate],[EndDate],[EventObjective],[EventFormatId],[EventFormat],[RequestDate],[Status],[StatusId],[CreatedAt],[UpdatedAt]) VALUES ('9abbc00c-7760-7a26-c5d7-ed8c61bccf52', N'REQ-2026062011', LEFT(N'Sensibilizacion “Planifica tu vida, cuida tu salud” Salud Sexual, reproductiva y planificacion familiar', 240), LEFT(N'KARLA BAYAS', 120), @FacultyId11, LEFT(N'Bienestar Universitario', 160), LEFT(N'Área Específica', 160), @CampusId11, LEFT(N'QUITO', 120), LEFT(N'Plataforma de correo electrónico institucional (Difusión masiva).', 180), '2026-06-17', '2026-06-17', LEFT(N'Concientizar a la comunidad universitaria sobre el bruxismo, sus causas, signos y consecuencias, promoviendo el cuidado de la salud bucal y el bienestar integral.', 4000), @EventFormatId11, LEFT(N'Se realizará mediante la difusión de una pieza educomunicacional (infografía o cápsula digital) enviada por correo electrónico a estudiantes, docentes y administrativos. Se busca informar sobre hábitos preventivos que impactan positivamente en el desempeño del personal y estudiantes.', 80), '2026-06-22', N'InAnalysis', @StatusId11, TODATETIMEOFFSET(CONVERT(datetime2, '2026-06-22 00:00:00'), '+00:00'), TODATETIMEOFFSET(CONVERT(datetime2, '2026-06-22 00:00:00'), '+00:00'));
  INSERT INTO [RequirementAuditEvents] ([Id],[RequirementId],[FromStatus],[ToStatus],[Action],[PerformedBy],[Comments],[OccurredAt]) VALUES (NEWID(), '9abbc00c-7760-7a26-c5d7-ed8c61bccf52', NULL, N'InAnalysis', N'Carga inicial desde portapapeles', LEFT(N'KARLA BAYAS', 160), N'Registro importado desde tabla de requerimientos', SYSDATETIMEOFFSET());
END
-- REQ-2026062012
DECLARE @FacultyId12 uniqueidentifier = (SELECT TOP 1 [Id] FROM [CatalogReferences] WHERE [Type] = N'Faculty' AND [Code] = LEFT(N'Bienestar Universitario', 80));
IF @FacultyId12 IS NULL SET @FacultyId12 = (SELECT TOP 1 [Id] FROM [CatalogReferences] WHERE [Type] = N'Faculty' AND [Name] = LEFT(N'Bienestar Universitario', 180));
IF @FacultyId12 IS NULL BEGIN SET @FacultyId12 = '7fa60d1f-f713-b749-9665-d1e41de80e64'; INSERT INTO [CatalogReferences] ([Id],[Type],[Code],[Name],[IsActive],[CreatedAt]) VALUES (@FacultyId12, N'Faculty', LEFT(N'Bienestar Universitario', 80), LEFT(N'Bienestar Universitario', 180), 1, SYSDATETIMEOFFSET()); END
ELSE UPDATE [CatalogReferences] SET [Name] = LEFT(N'Bienestar Universitario', 180), [IsActive] = 1 WHERE [Id] = @FacultyId12;
DECLARE @CampusId12 uniqueidentifier = (SELECT TOP 1 [Id] FROM [CatalogReferences] WHERE [Type] = N'Campus' AND [Code] = LEFT(N'QUITO', 80));
IF @CampusId12 IS NULL SET @CampusId12 = (SELECT TOP 1 [Id] FROM [CatalogReferences] WHERE [Type] = N'Campus' AND [Name] = LEFT(N'QUITO', 180));
IF @CampusId12 IS NULL BEGIN SET @CampusId12 = '70c94f24-38e9-dfae-dcf0-625f647c3dd4'; INSERT INTO [CatalogReferences] ([Id],[Type],[Code],[Name],[IsActive],[CreatedAt]) VALUES (@CampusId12, N'Campus', LEFT(N'QUITO', 80), LEFT(N'QUITO', 180), 1, SYSDATETIMEOFFSET()); END
ELSE UPDATE [CatalogReferences] SET [Name] = LEFT(N'QUITO', 180), [IsActive] = 1 WHERE [Id] = @CampusId12;
DECLARE @EventFormatId12 uniqueidentifier = (SELECT TOP 1 [Id] FROM [CatalogReferences] WHERE [Type] = N'FormatoEvento' AND [Code] = LEFT(N'Charla presencial dirigida a estudiantes de últimos semestres de las carreras de Ingenierías, Arquitectura, Educación y Derecho. La dinámica será expositiva-participativa con apoyo audiovisual y resolución de dudas técnicas enfocadas al perfil profesional de los asistentes.', 80));
IF @EventFormatId12 IS NULL SET @EventFormatId12 = (SELECT TOP 1 [Id] FROM [CatalogReferences] WHERE [Type] = N'FormatoEvento' AND [Name] = LEFT(N'Charla presencial dirigida a estudiantes de últimos semestres de las carreras de Ingenierías, Arquitectura, Educación y Derecho. La dinámica será expositiva-participativa con apoyo audiovisual y resolución de dudas técnicas enfocadas al perfil profesional de los asistentes.', 180));
IF @EventFormatId12 IS NULL BEGIN SET @EventFormatId12 = '2722308c-409b-e1ff-1106-910d50cd0dbb'; INSERT INTO [CatalogReferences] ([Id],[Type],[Code],[Name],[IsActive],[CreatedAt]) VALUES (@EventFormatId12, N'FormatoEvento', LEFT(N'Charla presencial dirigida a estudiantes de últimos semestres de las carreras de Ingenierías, Arquitectura, Educación y Derecho. La dinámica será expositiva-participativa con apoyo audiovisual y resolución de dudas técnicas enfocadas al perfil profesional de los asistentes.', 80), LEFT(N'Charla presencial dirigida a estudiantes de últimos semestres de las carreras de Ingenierías, Arquitectura, Educación y Derecho. La dinámica será expositiva-participativa con apoyo audiovisual y resolución de dudas técnicas enfocadas al perfil profesional de los asistentes.', 180), 1, SYSDATETIMEOFFSET()); END
ELSE UPDATE [CatalogReferences] SET [Name] = LEFT(N'Charla presencial dirigida a estudiantes de últimos semestres de las carreras de Ingenierías, Arquitectura, Educación y Derecho. La dinámica será expositiva-participativa con apoyo audiovisual y resolución de dudas técnicas enfocadas al perfil profesional de los asistentes.', 180), [IsActive] = 1 WHERE [Id] = @EventFormatId12;
DECLARE @StatusId12 uniqueidentifier = (SELECT TOP 1 [Id] FROM [CatalogReferences] WHERE [Type] = N'EstadoRequerimiento' AND [Code] = LEFT(N'InAnalysis', 80));
IF @StatusId12 IS NULL SET @StatusId12 = (SELECT TOP 1 [Id] FROM [CatalogReferences] WHERE [Type] = N'EstadoRequerimiento' AND [Name] = LEFT(N'En análisis', 180));
IF @StatusId12 IS NULL BEGIN SET @StatusId12 = '33333333-3333-3333-3333-333333333393'; INSERT INTO [CatalogReferences] ([Id],[Type],[Code],[Name],[IsActive],[CreatedAt]) VALUES (@StatusId12, N'EstadoRequerimiento', LEFT(N'InAnalysis', 80), LEFT(N'En análisis', 180), 1, SYSDATETIMEOFFSET()); END
ELSE UPDATE [CatalogReferences] SET [Name] = LEFT(N'En análisis', 180), [IsActive] = 1 WHERE [Id] = @StatusId12;
IF EXISTS (SELECT 1 FROM [Requirements] WHERE [Code] = N'REQ-2026062012')
BEGIN
  UPDATE [Requirements] SET [ActivityOrEvent] = LEFT(N'Infografía Vida Sexual y Reproductiva "Cuidar tu salud es cuidar tu futuro"', 240), [RequestedBy] = LEFT(N'KARLA BAYAS', 120), [FacultyId] = @FacultyId12, [Faculty] = LEFT(N'Bienestar Universitario', 160), [Career] = LEFT(N'Área Específica', 160), [CampusId] = @CampusId12, [Campus] = LEFT(N'QUITO', 120), [Place] = LEFT(N'Auditorio de la Sede Eugenio Espejo.', 180), [StartDate] = '2026-06-23', [EndDate] = '2026-06-23', [EventObjective] = LEFT(N'Brindar herramientas prácticas a los estudiantes de los últimos ciclos sobre el cuidado oral preventivo, destacando su relevancia en la proyección profesional, la comunicación efectiva y la prevención de afecciones laborales.', 4000), [EventFormatId] = @EventFormatId12, [EventFormat] = LEFT(N'Charla presencial dirigida a estudiantes de últimos semestres de las carreras de Ingenierías, Arquitectura, Educación y Derecho. La dinámica será expositiva-participativa con apoyo audiovisual y resolución de dudas técnicas enfocadas al perfil profesional de los asistentes.', 80), [RequestDate] = '2026-06-22', [Status] = N'InAnalysis', [StatusId] = @StatusId12, [UpdatedAt] = TODATETIMEOFFSET(CONVERT(datetime2, '2026-06-22 00:00:00'), '+00:00') WHERE [Code] = N'REQ-2026062012';
END
ELSE
BEGIN
  INSERT INTO [Requirements] ([Id],[Code],[ActivityOrEvent],[RequestedBy],[FacultyId],[Faculty],[Career],[CampusId],[Campus],[Place],[StartDate],[EndDate],[EventObjective],[EventFormatId],[EventFormat],[RequestDate],[Status],[StatusId],[CreatedAt],[UpdatedAt]) VALUES ('1cb7ea06-d1d2-86a9-150f-82a978f881a6', N'REQ-2026062012', LEFT(N'Infografía Vida Sexual y Reproductiva "Cuidar tu salud es cuidar tu futuro"', 240), LEFT(N'KARLA BAYAS', 120), @FacultyId12, LEFT(N'Bienestar Universitario', 160), LEFT(N'Área Específica', 160), @CampusId12, LEFT(N'QUITO', 120), LEFT(N'Auditorio de la Sede Eugenio Espejo.', 180), '2026-06-23', '2026-06-23', LEFT(N'Brindar herramientas prácticas a los estudiantes de los últimos ciclos sobre el cuidado oral preventivo, destacando su relevancia en la proyección profesional, la comunicación efectiva y la prevención de afecciones laborales.', 4000), @EventFormatId12, LEFT(N'Charla presencial dirigida a estudiantes de últimos semestres de las carreras de Ingenierías, Arquitectura, Educación y Derecho. La dinámica será expositiva-participativa con apoyo audiovisual y resolución de dudas técnicas enfocadas al perfil profesional de los asistentes.', 80), '2026-06-22', N'InAnalysis', @StatusId12, TODATETIMEOFFSET(CONVERT(datetime2, '2026-06-22 00:00:00'), '+00:00'), TODATETIMEOFFSET(CONVERT(datetime2, '2026-06-22 00:00:00'), '+00:00'));
  INSERT INTO [RequirementAuditEvents] ([Id],[RequirementId],[FromStatus],[ToStatus],[Action],[PerformedBy],[Comments],[OccurredAt]) VALUES (NEWID(), '1cb7ea06-d1d2-86a9-150f-82a978f881a6', NULL, N'InAnalysis', N'Carga inicial desde portapapeles', LEFT(N'KARLA BAYAS', 160), N'Registro importado desde tabla de requerimientos', SYSDATETIMEOFFSET());
END
-- REQ-2026062013
DECLARE @FacultyId13 uniqueidentifier = (SELECT TOP 1 [Id] FROM [CatalogReferences] WHERE [Type] = N'Faculty' AND [Code] = LEFT(N'Ciencias Sociales y Humanas', 80));
IF @FacultyId13 IS NULL SET @FacultyId13 = (SELECT TOP 1 [Id] FROM [CatalogReferences] WHERE [Type] = N'Faculty' AND [Name] = LEFT(N'Ciencias Sociales y Humanas', 180));
IF @FacultyId13 IS NULL BEGIN SET @FacultyId13 = 'e56dd316-90da-40de-30b2-f44a8f0cc6df'; INSERT INTO [CatalogReferences] ([Id],[Type],[Code],[Name],[IsActive],[CreatedAt]) VALUES (@FacultyId13, N'Faculty', LEFT(N'Ciencias Sociales y Humanas', 80), LEFT(N'Ciencias Sociales y Humanas', 180), 1, SYSDATETIMEOFFSET()); END
ELSE UPDATE [CatalogReferences] SET [Name] = LEFT(N'Ciencias Sociales y Humanas', 180), [IsActive] = 1 WHERE [Id] = @FacultyId13;
DECLARE @CampusId13 uniqueidentifier = (SELECT TOP 1 [Id] FROM [CatalogReferences] WHERE [Type] = N'Campus' AND [Code] = LEFT(N'LATACUNGA', 80));
IF @CampusId13 IS NULL SET @CampusId13 = (SELECT TOP 1 [Id] FROM [CatalogReferences] WHERE [Type] = N'Campus' AND [Name] = LEFT(N'LATACUNGA', 180));
IF @CampusId13 IS NULL BEGIN SET @CampusId13 = '3d840e5e-b937-c77f-e79f-ebda2c6d6504'; INSERT INTO [CatalogReferences] ([Id],[Type],[Code],[Name],[IsActive],[CreatedAt]) VALUES (@CampusId13, N'Campus', LEFT(N'LATACUNGA', 80), LEFT(N'LATACUNGA', 180), 1, SYSDATETIMEOFFSET()); END
ELSE UPDATE [CatalogReferences] SET [Name] = LEFT(N'LATACUNGA', 180), [IsActive] = 1 WHERE [Id] = @CampusId13;
DECLARE @EventFormatId13 uniqueidentifier = (SELECT TOP 1 [Id] FROM [CatalogReferences] WHERE [Type] = N'FormatoEvento' AND [Code] = LEFT(N'Foro Académico', 80));
IF @EventFormatId13 IS NULL SET @EventFormatId13 = (SELECT TOP 1 [Id] FROM [CatalogReferences] WHERE [Type] = N'FormatoEvento' AND [Name] = LEFT(N'Foro Académico', 180));
IF @EventFormatId13 IS NULL BEGIN SET @EventFormatId13 = '76983246-d097-0b29-bbf9-3f9e92c0615d'; INSERT INTO [CatalogReferences] ([Id],[Type],[Code],[Name],[IsActive],[CreatedAt]) VALUES (@EventFormatId13, N'FormatoEvento', LEFT(N'Foro Académico', 80), LEFT(N'Foro Académico', 180), 1, SYSDATETIMEOFFSET()); END
ELSE UPDATE [CatalogReferences] SET [Name] = LEFT(N'Foro Académico', 180), [IsActive] = 1 WHERE [Id] = @EventFormatId13;
DECLARE @StatusId13 uniqueidentifier = (SELECT TOP 1 [Id] FROM [CatalogReferences] WHERE [Type] = N'EstadoRequerimiento' AND [Code] = LEFT(N'InAnalysis', 80));
IF @StatusId13 IS NULL SET @StatusId13 = (SELECT TOP 1 [Id] FROM [CatalogReferences] WHERE [Type] = N'EstadoRequerimiento' AND [Name] = LEFT(N'En análisis', 180));
IF @StatusId13 IS NULL BEGIN SET @StatusId13 = '33333333-3333-3333-3333-333333333393'; INSERT INTO [CatalogReferences] ([Id],[Type],[Code],[Name],[IsActive],[CreatedAt]) VALUES (@StatusId13, N'EstadoRequerimiento', LEFT(N'InAnalysis', 80), LEFT(N'En análisis', 180), 1, SYSDATETIMEOFFSET()); END
ELSE UPDATE [CatalogReferences] SET [Name] = LEFT(N'En análisis', 180), [IsActive] = 1 WHERE [Id] = @StatusId13;
IF EXISTS (SELECT 1 FROM [Requirements] WHERE [Code] = N'REQ-2026062013')
BEGIN
  UPDATE [Requirements] SET [ActivityOrEvent] = LEFT(N'Campaña Informativa Digital: "Salud Oral - El Bruxismo"', 240), [RequestedBy] = LEFT(N'KARLA BAYAS', 120), [FacultyId] = @FacultyId13, [Faculty] = LEFT(N'Ciencias Sociales y Humanas', 160), [Career] = LEFT(N'Psicología Clínica', 160), [CampusId] = @CampusId13, [Campus] = LEFT(N'LATACUNGA', 120), [Place] = LEFT(N'AUDITORIO DEL CAMPUS DE LATACUNGA', 180), [StartDate] = '2026-06-18', [EndDate] = '2026-06-18', [EventObjective] = LEFT(N'Generar un espacio de análisis, reflexión crítica e intercambio académico sobre los desafíos y oportunidades de la salud pública en el contexto local y nacional, abordando la gestión comunitaria, los sistemas de atención primaria, la salud mental y las políticas públicas, con el fin de fortalecer la formación profesional y promover propuestas integrales que contribuyan a la mejora de la calidad de vida de la población.', 4000), [EventFormatId] = @EventFormatId13, [EventFormat] = LEFT(N'Foro Académico', 80), [RequestDate] = '2026-06-22', [Status] = N'InAnalysis', [StatusId] = @StatusId13, [UpdatedAt] = TODATETIMEOFFSET(CONVERT(datetime2, '2026-06-22 00:00:00'), '+00:00') WHERE [Code] = N'REQ-2026062013';
END
ELSE
BEGIN
  INSERT INTO [Requirements] ([Id],[Code],[ActivityOrEvent],[RequestedBy],[FacultyId],[Faculty],[Career],[CampusId],[Campus],[Place],[StartDate],[EndDate],[EventObjective],[EventFormatId],[EventFormat],[RequestDate],[Status],[StatusId],[CreatedAt],[UpdatedAt]) VALUES ('419f1ec5-6d90-e8f6-36f7-868b05e7dff0', N'REQ-2026062013', LEFT(N'Campaña Informativa Digital: "Salud Oral - El Bruxismo"', 240), LEFT(N'KARLA BAYAS', 120), @FacultyId13, LEFT(N'Ciencias Sociales y Humanas', 160), LEFT(N'Psicología Clínica', 160), @CampusId13, LEFT(N'LATACUNGA', 120), LEFT(N'AUDITORIO DEL CAMPUS DE LATACUNGA', 180), '2026-06-18', '2026-06-18', LEFT(N'Generar un espacio de análisis, reflexión crítica e intercambio académico sobre los desafíos y oportunidades de la salud pública en el contexto local y nacional, abordando la gestión comunitaria, los sistemas de atención primaria, la salud mental y las políticas públicas, con el fin de fortalecer la formación profesional y promover propuestas integrales que contribuyan a la mejora de la calidad de vida de la población.', 4000), @EventFormatId13, LEFT(N'Foro Académico', 80), '2026-06-22', N'InAnalysis', @StatusId13, TODATETIMEOFFSET(CONVERT(datetime2, '2026-06-22 00:00:00'), '+00:00'), TODATETIMEOFFSET(CONVERT(datetime2, '2026-06-22 00:00:00'), '+00:00'));
  INSERT INTO [RequirementAuditEvents] ([Id],[RequirementId],[FromStatus],[ToStatus],[Action],[PerformedBy],[Comments],[OccurredAt]) VALUES (NEWID(), '419f1ec5-6d90-e8f6-36f7-868b05e7dff0', NULL, N'InAnalysis', N'Carga inicial desde portapapeles', LEFT(N'KARLA BAYAS', 160), N'Registro importado desde tabla de requerimientos', SYSDATETIMEOFFSET());
END
-- REQ-2026062014
DECLARE @FacultyId14 uniqueidentifier = (SELECT TOP 1 [Id] FROM [CatalogReferences] WHERE [Type] = N'Faculty' AND [Code] = LEFT(N'Secretaria', 80));
IF @FacultyId14 IS NULL SET @FacultyId14 = (SELECT TOP 1 [Id] FROM [CatalogReferences] WHERE [Type] = N'Faculty' AND [Name] = LEFT(N'Secretaria', 180));
IF @FacultyId14 IS NULL BEGIN SET @FacultyId14 = '487fec39-315f-fe6a-e0c9-4c6270a316b6'; INSERT INTO [CatalogReferences] ([Id],[Type],[Code],[Name],[IsActive],[CreatedAt]) VALUES (@FacultyId14, N'Faculty', LEFT(N'Secretaria', 80), LEFT(N'Secretaria', 180), 1, SYSDATETIMEOFFSET()); END
ELSE UPDATE [CatalogReferences] SET [Name] = LEFT(N'Secretaria', 180), [IsActive] = 1 WHERE [Id] = @FacultyId14;
DECLARE @CampusId14 uniqueidentifier = (SELECT TOP 1 [Id] FROM [CatalogReferences] WHERE [Type] = N'Campus' AND [Code] = LEFT(N'INSTITUCIONAL', 80));
IF @CampusId14 IS NULL SET @CampusId14 = (SELECT TOP 1 [Id] FROM [CatalogReferences] WHERE [Type] = N'Campus' AND [Name] = LEFT(N'INSTITUCIONAL', 180));
IF @CampusId14 IS NULL BEGIN SET @CampusId14 = 'af4e2147-0fac-ecc9-a956-9ed347f04fb4'; INSERT INTO [CatalogReferences] ([Id],[Type],[Code],[Name],[IsActive],[CreatedAt]) VALUES (@CampusId14, N'Campus', LEFT(N'INSTITUCIONAL', 80), LEFT(N'INSTITUCIONAL', 180), 1, SYSDATETIMEOFFSET()); END
ELSE UPDATE [CatalogReferences] SET [Name] = LEFT(N'INSTITUCIONAL', 180), [IsActive] = 1 WHERE [Id] = @CampusId14;
DECLARE @EventFormatId14 uniqueidentifier = (SELECT TOP 1 [Id] FROM [CatalogReferences] WHERE [Type] = N'FormatoEvento' AND [Code] = LEFT(N'Esta actividad se encuentra contemplada dentro del POA de Secretaría General, en la acción: “Clasificación, ordenación, descripción, registro, control, digitalización y trazabilidad de documentos”.', 80));
IF @EventFormatId14 IS NULL SET @EventFormatId14 = (SELECT TOP 1 [Id] FROM [CatalogReferences] WHERE [Type] = N'FormatoEvento' AND [Name] = LEFT(N'Esta actividad se encuentra contemplada dentro del POA de Secretaría General, en la acción: “Clasificación, ordenación, descripción, registro, control, digitalización y trazabilidad de documentos”.', 180));
IF @EventFormatId14 IS NULL BEGIN SET @EventFormatId14 = '629b898e-aad0-78a5-dfbc-4b2acda04287'; INSERT INTO [CatalogReferences] ([Id],[Type],[Code],[Name],[IsActive],[CreatedAt]) VALUES (@EventFormatId14, N'FormatoEvento', LEFT(N'Esta actividad se encuentra contemplada dentro del POA de Secretaría General, en la acción: “Clasificación, ordenación, descripción, registro, control, digitalización y trazabilidad de documentos”.', 80), LEFT(N'Esta actividad se encuentra contemplada dentro del POA de Secretaría General, en la acción: “Clasificación, ordenación, descripción, registro, control, digitalización y trazabilidad de documentos”.', 180), 1, SYSDATETIMEOFFSET()); END
ELSE UPDATE [CatalogReferences] SET [Name] = LEFT(N'Esta actividad se encuentra contemplada dentro del POA de Secretaría General, en la acción: “Clasificación, ordenación, descripción, registro, control, digitalización y trazabilidad de documentos”.', 180), [IsActive] = 1 WHERE [Id] = @EventFormatId14;
DECLARE @StatusId14 uniqueidentifier = (SELECT TOP 1 [Id] FROM [CatalogReferences] WHERE [Type] = N'EstadoRequerimiento' AND [Code] = LEFT(N'InAnalysis', 80));
IF @StatusId14 IS NULL SET @StatusId14 = (SELECT TOP 1 [Id] FROM [CatalogReferences] WHERE [Type] = N'EstadoRequerimiento' AND [Name] = LEFT(N'En análisis', 180));
IF @StatusId14 IS NULL BEGIN SET @StatusId14 = '33333333-3333-3333-3333-333333333393'; INSERT INTO [CatalogReferences] ([Id],[Type],[Code],[Name],[IsActive],[CreatedAt]) VALUES (@StatusId14, N'EstadoRequerimiento', LEFT(N'InAnalysis', 80), LEFT(N'En análisis', 180), 1, SYSDATETIMEOFFSET()); END
ELSE UPDATE [CatalogReferences] SET [Name] = LEFT(N'En análisis', 180), [IsActive] = 1 WHERE [Id] = @StatusId14;
IF EXISTS (SELECT 1 FROM [Requirements] WHERE [Code] = N'REQ-2026062014')
BEGIN
  UPDATE [Requirements] SET [ActivityOrEvent] = LEFT(N'Charla Magistral: "La Salud Oral y el Éxito en el Mundo Laboral"', 240), [RequestedBy] = LEFT(N'KARLA BAYAS', 120), [FacultyId] = @FacultyId14, [Faculty] = LEFT(N'Secretaria', 160), [Career] = LEFT(N'Área Específica', 160), [CampusId] = @CampusId14, [Campus] = LEFT(N'INSTITUCIONAL', 120), [Place] = LEFT(N'Archivo Administrativo Secretaría', 180), [StartDate] = '2026-05-19', [EndDate] = '2026-05-19', [EventObjective] = LEFT(N'implementar criterios uniformes de rotulación que permitan optimizar la gestión documental, facilitar la localización de la información y asegurar el adecuado orden y clasificación del archivo administrativo.', 4000), [EventFormatId] = @EventFormatId14, [EventFormat] = LEFT(N'Esta actividad se encuentra contemplada dentro del POA de Secretaría General, en la acción: “Clasificación, ordenación, descripción, registro, control, digitalización y trazabilidad de documentos”.', 80), [RequestDate] = '2026-06-22', [Status] = N'InAnalysis', [StatusId] = @StatusId14, [UpdatedAt] = TODATETIMEOFFSET(CONVERT(datetime2, '2026-06-22 00:00:00'), '+00:00') WHERE [Code] = N'REQ-2026062014';
END
ELSE
BEGIN
  INSERT INTO [Requirements] ([Id],[Code],[ActivityOrEvent],[RequestedBy],[FacultyId],[Faculty],[Career],[CampusId],[Campus],[Place],[StartDate],[EndDate],[EventObjective],[EventFormatId],[EventFormat],[RequestDate],[Status],[StatusId],[CreatedAt],[UpdatedAt]) VALUES ('400cdb8e-83a4-5b82-2205-8e73cae42460', N'REQ-2026062014', LEFT(N'Charla Magistral: "La Salud Oral y el Éxito en el Mundo Laboral"', 240), LEFT(N'KARLA BAYAS', 120), @FacultyId14, LEFT(N'Secretaria', 160), LEFT(N'Área Específica', 160), @CampusId14, LEFT(N'INSTITUCIONAL', 120), LEFT(N'Archivo Administrativo Secretaría', 180), '2026-05-19', '2026-05-19', LEFT(N'implementar criterios uniformes de rotulación que permitan optimizar la gestión documental, facilitar la localización de la información y asegurar el adecuado orden y clasificación del archivo administrativo.', 4000), @EventFormatId14, LEFT(N'Esta actividad se encuentra contemplada dentro del POA de Secretaría General, en la acción: “Clasificación, ordenación, descripción, registro, control, digitalización y trazabilidad de documentos”.', 80), '2026-06-22', N'InAnalysis', @StatusId14, TODATETIMEOFFSET(CONVERT(datetime2, '2026-06-22 00:00:00'), '+00:00'), TODATETIMEOFFSET(CONVERT(datetime2, '2026-06-22 00:00:00'), '+00:00'));
  INSERT INTO [RequirementAuditEvents] ([Id],[RequirementId],[FromStatus],[ToStatus],[Action],[PerformedBy],[Comments],[OccurredAt]) VALUES (NEWID(), '400cdb8e-83a4-5b82-2205-8e73cae42460', NULL, N'InAnalysis', N'Carga inicial desde portapapeles', LEFT(N'KARLA BAYAS', 160), N'Registro importado desde tabla de requerimientos', SYSDATETIMEOFFSET());
END
-- REQ-2026062015
DECLARE @FacultyId15 uniqueidentifier = (SELECT TOP 1 [Id] FROM [CatalogReferences] WHERE [Type] = N'Faculty' AND [Code] = LEFT(N'Jurisprudencia y Ciencias Políticas', 80));
IF @FacultyId15 IS NULL SET @FacultyId15 = (SELECT TOP 1 [Id] FROM [CatalogReferences] WHERE [Type] = N'Faculty' AND [Name] = LEFT(N'Jurisprudencia y Ciencias Políticas', 180));
IF @FacultyId15 IS NULL BEGIN SET @FacultyId15 = '4d5c433b-b1e4-663c-a8a3-8407e12bcae6'; INSERT INTO [CatalogReferences] ([Id],[Type],[Code],[Name],[IsActive],[CreatedAt]) VALUES (@FacultyId15, N'Faculty', LEFT(N'Jurisprudencia y Ciencias Políticas', 80), LEFT(N'Jurisprudencia y Ciencias Políticas', 180), 1, SYSDATETIMEOFFSET()); END
ELSE UPDATE [CatalogReferences] SET [Name] = LEFT(N'Jurisprudencia y Ciencias Políticas', 180), [IsActive] = 1 WHERE [Id] = @FacultyId15;
DECLARE @CampusId15 uniqueidentifier = (SELECT TOP 1 [Id] FROM [CatalogReferences] WHERE [Type] = N'Campus' AND [Code] = LEFT(N'LATACUNGA', 80));
IF @CampusId15 IS NULL SET @CampusId15 = (SELECT TOP 1 [Id] FROM [CatalogReferences] WHERE [Type] = N'Campus' AND [Name] = LEFT(N'LATACUNGA', 180));
IF @CampusId15 IS NULL BEGIN SET @CampusId15 = '3d840e5e-b937-c77f-e79f-ebda2c6d6504'; INSERT INTO [CatalogReferences] ([Id],[Type],[Code],[Name],[IsActive],[CreatedAt]) VALUES (@CampusId15, N'Campus', LEFT(N'LATACUNGA', 80), LEFT(N'LATACUNGA', 180), 1, SYSDATETIMEOFFSET()); END
ELSE UPDATE [CatalogReferences] SET [Name] = LEFT(N'LATACUNGA', 180), [IsActive] = 1 WHERE [Id] = @CampusId15;
DECLARE @EventFormatId15 uniqueidentifier = (SELECT TOP 1 [Id] FROM [CatalogReferences] WHERE [Type] = N'FormatoEvento' AND [Code] = LEFT(N'La actividad se desarrollará como un conversatorio dinámico donde los ponentes analizarán la problemática desde sus distintas competencias. Asistirán estudiantes, profesionales y la sociedad en general. El panel contará con la Sra. Carmita Cárdenas (Presidenta del Patronato del GAD Latacunga), un delegado del Movimiento Indígena de Cotopaxi (MICC) y la Ab. Verónica Pazmiño (Defensoría del Pueblo), quienes dialogarán con el público para proponer soluciones conjuntas.', 80));
IF @EventFormatId15 IS NULL SET @EventFormatId15 = (SELECT TOP 1 [Id] FROM [CatalogReferences] WHERE [Type] = N'FormatoEvento' AND [Name] = LEFT(N'La actividad se desarrollará como un conversatorio dinámico donde los ponentes analizarán la problemática desde sus distintas competencias. Asistirán estudiantes, profesionales y la sociedad en general. El panel contará con la Sra. Carmita Cárdenas (Presidenta del Patronato del GAD Latacunga), un delegado del Movimiento Indígena de Cotopaxi (MICC) y la Ab. Verónica Pazmiño (Defensoría del Pueblo), quienes dialogarán con el público para proponer soluciones conjuntas.', 180));
IF @EventFormatId15 IS NULL BEGIN SET @EventFormatId15 = 'b90f6fe2-ad4e-0144-92f9-db649b2aaf33'; INSERT INTO [CatalogReferences] ([Id],[Type],[Code],[Name],[IsActive],[CreatedAt]) VALUES (@EventFormatId15, N'FormatoEvento', LEFT(N'La actividad se desarrollará como un conversatorio dinámico donde los ponentes analizarán la problemática desde sus distintas competencias. Asistirán estudiantes, profesionales y la sociedad en general. El panel contará con la Sra. Carmita Cárdenas (Presidenta del Patronato del GAD Latacunga), un delegado del Movimiento Indígena de Cotopaxi (MICC) y la Ab. Verónica Pazmiño (Defensoría del Pueblo), quienes dialogarán con el público para proponer soluciones conjuntas.', 80), LEFT(N'La actividad se desarrollará como un conversatorio dinámico donde los ponentes analizarán la problemática desde sus distintas competencias. Asistirán estudiantes, profesionales y la sociedad en general. El panel contará con la Sra. Carmita Cárdenas (Presidenta del Patronato del GAD Latacunga), un delegado del Movimiento Indígena de Cotopaxi (MICC) y la Ab. Verónica Pazmiño (Defensoría del Pueblo), quienes dialogarán con el público para proponer soluciones conjuntas.', 180), 1, SYSDATETIMEOFFSET()); END
ELSE UPDATE [CatalogReferences] SET [Name] = LEFT(N'La actividad se desarrollará como un conversatorio dinámico donde los ponentes analizarán la problemática desde sus distintas competencias. Asistirán estudiantes, profesionales y la sociedad en general. El panel contará con la Sra. Carmita Cárdenas (Presidenta del Patronato del GAD Latacunga), un delegado del Movimiento Indígena de Cotopaxi (MICC) y la Ab. Verónica Pazmiño (Defensoría del Pueblo), quienes dialogarán con el público para proponer soluciones conjuntas.', 180), [IsActive] = 1 WHERE [Id] = @EventFormatId15;
DECLARE @StatusId15 uniqueidentifier = (SELECT TOP 1 [Id] FROM [CatalogReferences] WHERE [Type] = N'EstadoRequerimiento' AND [Code] = LEFT(N'InAnalysis', 80));
IF @StatusId15 IS NULL SET @StatusId15 = (SELECT TOP 1 [Id] FROM [CatalogReferences] WHERE [Type] = N'EstadoRequerimiento' AND [Name] = LEFT(N'En análisis', 180));
IF @StatusId15 IS NULL BEGIN SET @StatusId15 = '33333333-3333-3333-3333-333333333393'; INSERT INTO [CatalogReferences] ([Id],[Type],[Code],[Name],[IsActive],[CreatedAt]) VALUES (@StatusId15, N'EstadoRequerimiento', LEFT(N'InAnalysis', 80), LEFT(N'En análisis', 180), 1, SYSDATETIMEOFFSET()); END
ELSE UPDATE [CatalogReferences] SET [Name] = LEFT(N'En análisis', 180), [IsActive] = 1 WHERE [Id] = @StatusId15;
IF EXISTS (SELECT 1 FROM [Requirements] WHERE [Code] = N'REQ-2026062015')
BEGIN
  UPDATE [Requirements] SET [ActivityOrEvent] = LEFT(N'Foro Académico de Salud Pública', 240), [RequestedBy] = LEFT(N'Pablo Hidalgo Vega', 120), [FacultyId] = @FacultyId15, [Faculty] = LEFT(N'Jurisprudencia y Ciencias Políticas', 160), [Career] = LEFT(N'Derecho', 160), [CampusId] = @CampusId15, [Campus] = LEFT(N'LATACUNGA', 120), [Place] = LEFT(N'Auditorio Sindicato de Choferes de Cotopaxi', 180), [StartDate] = '2026-06-01', [EndDate] = '2026-06-01', [EventObjective] = LEFT(N'Concientizar y capacitar a estudiantes y profesionales sobre las realidades del trabajo infantil y la explotación sexual, conmemorando el Día del Niño. A través del análisis de casos y marcos legales, se busca dotar a los asistentes de herramientas teóricas y prácticas para la detección temprana, prevención y restitución de derechos, promoviendo un compromiso intersectorial que garantice entornos seguros y el desarrollo integral de la infancia', 4000), [EventFormatId] = @EventFormatId15, [EventFormat] = LEFT(N'La actividad se desarrollará como un conversatorio dinámico donde los ponentes analizarán la problemática desde sus distintas competencias. Asistirán estudiantes, profesionales y la sociedad en general. El panel contará con la Sra. Carmita Cárdenas (Presidenta del Patronato del GAD Latacunga), un delegado del Movimiento Indígena de Cotopaxi (MICC) y la Ab. Verónica Pazmiño (Defensoría del Pueblo), quienes dialogarán con el público para proponer soluciones conjuntas.', 80), [RequestDate] = '2026-06-22', [Status] = N'InAnalysis', [StatusId] = @StatusId15, [UpdatedAt] = TODATETIMEOFFSET(CONVERT(datetime2, '2026-06-22 00:00:00'), '+00:00') WHERE [Code] = N'REQ-2026062015';
END
ELSE
BEGIN
  INSERT INTO [Requirements] ([Id],[Code],[ActivityOrEvent],[RequestedBy],[FacultyId],[Faculty],[Career],[CampusId],[Campus],[Place],[StartDate],[EndDate],[EventObjective],[EventFormatId],[EventFormat],[RequestDate],[Status],[StatusId],[CreatedAt],[UpdatedAt]) VALUES ('fea0f31c-b10e-5f3d-5a80-ac8ef6c8ac14', N'REQ-2026062015', LEFT(N'Foro Académico de Salud Pública', 240), LEFT(N'Pablo Hidalgo Vega', 120), @FacultyId15, LEFT(N'Jurisprudencia y Ciencias Políticas', 160), LEFT(N'Derecho', 160), @CampusId15, LEFT(N'LATACUNGA', 120), LEFT(N'Auditorio Sindicato de Choferes de Cotopaxi', 180), '2026-06-01', '2026-06-01', LEFT(N'Concientizar y capacitar a estudiantes y profesionales sobre las realidades del trabajo infantil y la explotación sexual, conmemorando el Día del Niño. A través del análisis de casos y marcos legales, se busca dotar a los asistentes de herramientas teóricas y prácticas para la detección temprana, prevención y restitución de derechos, promoviendo un compromiso intersectorial que garantice entornos seguros y el desarrollo integral de la infancia', 4000), @EventFormatId15, LEFT(N'La actividad se desarrollará como un conversatorio dinámico donde los ponentes analizarán la problemática desde sus distintas competencias. Asistirán estudiantes, profesionales y la sociedad en general. El panel contará con la Sra. Carmita Cárdenas (Presidenta del Patronato del GAD Latacunga), un delegado del Movimiento Indígena de Cotopaxi (MICC) y la Ab. Verónica Pazmiño (Defensoría del Pueblo), quienes dialogarán con el público para proponer soluciones conjuntas.', 80), '2026-06-22', N'InAnalysis', @StatusId15, TODATETIMEOFFSET(CONVERT(datetime2, '2026-06-22 00:00:00'), '+00:00'), TODATETIMEOFFSET(CONVERT(datetime2, '2026-06-22 00:00:00'), '+00:00'));
  INSERT INTO [RequirementAuditEvents] ([Id],[RequirementId],[FromStatus],[ToStatus],[Action],[PerformedBy],[Comments],[OccurredAt]) VALUES (NEWID(), 'fea0f31c-b10e-5f3d-5a80-ac8ef6c8ac14', NULL, N'InAnalysis', N'Carga inicial desde portapapeles', LEFT(N'Pablo Hidalgo Vega', 160), N'Registro importado desde tabla de requerimientos', SYSDATETIMEOFFSET());
END
-- REQ-2026062016
DECLARE @FacultyId16 uniqueidentifier = (SELECT TOP 1 [Id] FROM [CatalogReferences] WHERE [Type] = N'Faculty' AND [Code] = LEFT(N'Jurisprudencia y Ciencias Políticas', 80));
IF @FacultyId16 IS NULL SET @FacultyId16 = (SELECT TOP 1 [Id] FROM [CatalogReferences] WHERE [Type] = N'Faculty' AND [Name] = LEFT(N'Jurisprudencia y Ciencias Políticas', 180));
IF @FacultyId16 IS NULL BEGIN SET @FacultyId16 = '4d5c433b-b1e4-663c-a8a3-8407e12bcae6'; INSERT INTO [CatalogReferences] ([Id],[Type],[Code],[Name],[IsActive],[CreatedAt]) VALUES (@FacultyId16, N'Faculty', LEFT(N'Jurisprudencia y Ciencias Políticas', 80), LEFT(N'Jurisprudencia y Ciencias Políticas', 180), 1, SYSDATETIMEOFFSET()); END
ELSE UPDATE [CatalogReferences] SET [Name] = LEFT(N'Jurisprudencia y Ciencias Políticas', 180), [IsActive] = 1 WHERE [Id] = @FacultyId16;
DECLARE @CampusId16 uniqueidentifier = (SELECT TOP 1 [Id] FROM [CatalogReferences] WHERE [Type] = N'Campus' AND [Code] = LEFT(N'LATACUNGA', 80));
IF @CampusId16 IS NULL SET @CampusId16 = (SELECT TOP 1 [Id] FROM [CatalogReferences] WHERE [Type] = N'Campus' AND [Name] = LEFT(N'LATACUNGA', 180));
IF @CampusId16 IS NULL BEGIN SET @CampusId16 = '3d840e5e-b937-c77f-e79f-ebda2c6d6504'; INSERT INTO [CatalogReferences] ([Id],[Type],[Code],[Name],[IsActive],[CreatedAt]) VALUES (@CampusId16, N'Campus', LEFT(N'LATACUNGA', 80), LEFT(N'LATACUNGA', 180), 1, SYSDATETIMEOFFSET()); END
ELSE UPDATE [CatalogReferences] SET [Name] = LEFT(N'LATACUNGA', 180), [IsActive] = 1 WHERE [Id] = @CampusId16;
DECLARE @EventFormatId16 uniqueidentifier = (SELECT TOP 1 [Id] FROM [CatalogReferences] WHERE [Type] = N'FormatoEvento' AND [Code] = LEFT(N'La actividad se realizará mediante un conversatorio interactivo enfocado en políticas públicas, cuidado de la naturaleza y derechos colectivos. Asistirán estudiantes, profesionales, activistas y la ciudadanía en general. El debate contará con ponentes de alto nivel: el Ing. Leonidas Iza Salazar (Presidente de la ECUARUNARI), el Dr. Ramiro Ávila Santamaría (Docente de la UASB y exjuez constitucional) y el Ab. Pedro Bermeo (Yasunidos), quienes compartirán sus perspectivas y dialogarán con el público.', 80));
IF @EventFormatId16 IS NULL SET @EventFormatId16 = (SELECT TOP 1 [Id] FROM [CatalogReferences] WHERE [Type] = N'FormatoEvento' AND [Name] = LEFT(N'La actividad se realizará mediante un conversatorio interactivo enfocado en políticas públicas, cuidado de la naturaleza y derechos colectivos. Asistirán estudiantes, profesionales, activistas y la ciudadanía en general. El debate contará con ponentes de alto nivel: el Ing. Leonidas Iza Salazar (Presidente de la ECUARUNARI), el Dr. Ramiro Ávila Santamaría (Docente de la UASB y exjuez constitucional) y el Ab. Pedro Bermeo (Yasunidos), quienes compartirán sus perspectivas y dialogarán con el público.', 180));
IF @EventFormatId16 IS NULL BEGIN SET @EventFormatId16 = '6135fc44-72be-5246-2cbd-92d727aaf867'; INSERT INTO [CatalogReferences] ([Id],[Type],[Code],[Name],[IsActive],[CreatedAt]) VALUES (@EventFormatId16, N'FormatoEvento', LEFT(N'La actividad se realizará mediante un conversatorio interactivo enfocado en políticas públicas, cuidado de la naturaleza y derechos colectivos. Asistirán estudiantes, profesionales, activistas y la ciudadanía en general. El debate contará con ponentes de alto nivel: el Ing. Leonidas Iza Salazar (Presidente de la ECUARUNARI), el Dr. Ramiro Ávila Santamaría (Docente de la UASB y exjuez constitucional) y el Ab. Pedro Bermeo (Yasunidos), quienes compartirán sus perspectivas y dialogarán con el público.', 80), LEFT(N'La actividad se realizará mediante un conversatorio interactivo enfocado en políticas públicas, cuidado de la naturaleza y derechos colectivos. Asistirán estudiantes, profesionales, activistas y la ciudadanía en general. El debate contará con ponentes de alto nivel: el Ing. Leonidas Iza Salazar (Presidente de la ECUARUNARI), el Dr. Ramiro Ávila Santamaría (Docente de la UASB y exjuez constitucional) y el Ab. Pedro Bermeo (Yasunidos), quienes compartirán sus perspectivas y dialogarán con el público.', 180), 1, SYSDATETIMEOFFSET()); END
ELSE UPDATE [CatalogReferences] SET [Name] = LEFT(N'La actividad se realizará mediante un conversatorio interactivo enfocado en políticas públicas, cuidado de la naturaleza y derechos colectivos. Asistirán estudiantes, profesionales, activistas y la ciudadanía en general. El debate contará con ponentes de alto nivel: el Ing. Leonidas Iza Salazar (Presidente de la ECUARUNARI), el Dr. Ramiro Ávila Santamaría (Docente de la UASB y exjuez constitucional) y el Ab. Pedro Bermeo (Yasunidos), quienes compartirán sus perspectivas y dialogarán con el público.', 180), [IsActive] = 1 WHERE [Id] = @EventFormatId16;
DECLARE @StatusId16 uniqueidentifier = (SELECT TOP 1 [Id] FROM [CatalogReferences] WHERE [Type] = N'EstadoRequerimiento' AND [Code] = LEFT(N'InAnalysis', 80));
IF @StatusId16 IS NULL SET @StatusId16 = (SELECT TOP 1 [Id] FROM [CatalogReferences] WHERE [Type] = N'EstadoRequerimiento' AND [Name] = LEFT(N'En análisis', 180));
IF @StatusId16 IS NULL BEGIN SET @StatusId16 = '33333333-3333-3333-3333-333333333393'; INSERT INTO [CatalogReferences] ([Id],[Type],[Code],[Name],[IsActive],[CreatedAt]) VALUES (@StatusId16, N'EstadoRequerimiento', LEFT(N'InAnalysis', 80), LEFT(N'En análisis', 180), 1, SYSDATETIMEOFFSET()); END
ELSE UPDATE [CatalogReferences] SET [Name] = LEFT(N'En análisis', 180), [IsActive] = 1 WHERE [Id] = @StatusId16;
IF EXISTS (SELECT 1 FROM [Requirements] WHERE [Code] = N'REQ-2026062016')
BEGIN
  UPDATE [Requirements] SET [ActivityOrEvent] = LEFT(N'iseño de los rótulos destinados al archivo administrativo, específicamente para la identificación de los archivadores de Secretaría.', 240), [RequestedBy] = LEFT(N'Alexandra Chamorro', 120), [FacultyId] = @FacultyId16, [Faculty] = LEFT(N'Jurisprudencia y Ciencias Políticas', 160), [Career] = LEFT(N'Derecho', 160), [CampusId] = @CampusId16, [Campus] = LEFT(N'LATACUNGA', 120), [Place] = LEFT(N'Auditorio Sindicato de Choferes de Cotopaxi', 180), [StartDate] = '2026-06-15', [EndDate] = '2026-06-15', [EventObjective] = LEFT(N'Promover la sensibilización y el debate crítico sobre la protección ecológica de la provincia, analizando los principales desafíos y conflictos socioambientales locales. El evento busca articularse a la academia, organizaciones sociales y ciudadanía para proponer estrategias colectivas de conservación, defensa comunitaria del territorio y gestión sustentable de los recursos naturales, garantizando los derechos de la naturaleza en Cotopaxi.', 4000), [EventFormatId] = @EventFormatId16, [EventFormat] = LEFT(N'La actividad se realizará mediante un conversatorio interactivo enfocado en políticas públicas, cuidado de la naturaleza y derechos colectivos. Asistirán estudiantes, profesionales, activistas y la ciudadanía en general. El debate contará con ponentes de alto nivel: el Ing. Leonidas Iza Salazar (Presidente de la ECUARUNARI), el Dr. Ramiro Ávila Santamaría (Docente de la UASB y exjuez constitucional) y el Ab. Pedro Bermeo (Yasunidos), quienes compartirán sus perspectivas y dialogarán con el público.', 80), [RequestDate] = '2026-06-22', [Status] = N'InAnalysis', [StatusId] = @StatusId16, [UpdatedAt] = TODATETIMEOFFSET(CONVERT(datetime2, '2026-06-22 00:00:00'), '+00:00') WHERE [Code] = N'REQ-2026062016';
END
ELSE
BEGIN
  INSERT INTO [Requirements] ([Id],[Code],[ActivityOrEvent],[RequestedBy],[FacultyId],[Faculty],[Career],[CampusId],[Campus],[Place],[StartDate],[EndDate],[EventObjective],[EventFormatId],[EventFormat],[RequestDate],[Status],[StatusId],[CreatedAt],[UpdatedAt]) VALUES ('97d0e1f3-c14e-9d05-0aba-657f9af91107', N'REQ-2026062016', LEFT(N'iseño de los rótulos destinados al archivo administrativo, específicamente para la identificación de los archivadores de Secretaría.', 240), LEFT(N'Alexandra Chamorro', 120), @FacultyId16, LEFT(N'Jurisprudencia y Ciencias Políticas', 160), LEFT(N'Derecho', 160), @CampusId16, LEFT(N'LATACUNGA', 120), LEFT(N'Auditorio Sindicato de Choferes de Cotopaxi', 180), '2026-06-15', '2026-06-15', LEFT(N'Promover la sensibilización y el debate crítico sobre la protección ecológica de la provincia, analizando los principales desafíos y conflictos socioambientales locales. El evento busca articularse a la academia, organizaciones sociales y ciudadanía para proponer estrategias colectivas de conservación, defensa comunitaria del territorio y gestión sustentable de los recursos naturales, garantizando los derechos de la naturaleza en Cotopaxi.', 4000), @EventFormatId16, LEFT(N'La actividad se realizará mediante un conversatorio interactivo enfocado en políticas públicas, cuidado de la naturaleza y derechos colectivos. Asistirán estudiantes, profesionales, activistas y la ciudadanía en general. El debate contará con ponentes de alto nivel: el Ing. Leonidas Iza Salazar (Presidente de la ECUARUNARI), el Dr. Ramiro Ávila Santamaría (Docente de la UASB y exjuez constitucional) y el Ab. Pedro Bermeo (Yasunidos), quienes compartirán sus perspectivas y dialogarán con el público.', 80), '2026-06-22', N'InAnalysis', @StatusId16, TODATETIMEOFFSET(CONVERT(datetime2, '2026-06-22 00:00:00'), '+00:00'), TODATETIMEOFFSET(CONVERT(datetime2, '2026-06-22 00:00:00'), '+00:00'));
  INSERT INTO [RequirementAuditEvents] ([Id],[RequirementId],[FromStatus],[ToStatus],[Action],[PerformedBy],[Comments],[OccurredAt]) VALUES (NEWID(), '97d0e1f3-c14e-9d05-0aba-657f9af91107', NULL, N'InAnalysis', N'Carga inicial desde portapapeles', LEFT(N'Alexandra Chamorro', 160), N'Registro importado desde tabla de requerimientos', SYSDATETIMEOFFSET());
END
-- REQ-2026062017
DECLARE @FacultyId17 uniqueidentifier = (SELECT TOP 1 [Id] FROM [CatalogReferences] WHERE [Type] = N'Faculty' AND [Code] = LEFT(N'CTT', 80));
IF @FacultyId17 IS NULL SET @FacultyId17 = (SELECT TOP 1 [Id] FROM [CatalogReferences] WHERE [Type] = N'Faculty' AND [Name] = LEFT(N'CTT', 180));
IF @FacultyId17 IS NULL BEGIN SET @FacultyId17 = 'af1205ef-c058-72d3-b81f-10a93ab2af0f'; INSERT INTO [CatalogReferences] ([Id],[Type],[Code],[Name],[IsActive],[CreatedAt]) VALUES (@FacultyId17, N'Faculty', LEFT(N'CTT', 80), LEFT(N'CTT', 180), 1, SYSDATETIMEOFFSET()); END
ELSE UPDATE [CatalogReferences] SET [Name] = LEFT(N'CTT', 180), [IsActive] = 1 WHERE [Id] = @FacultyId17;
DECLARE @CampusId17 uniqueidentifier = (SELECT TOP 1 [Id] FROM [CatalogReferences] WHERE [Type] = N'Campus' AND [Code] = LEFT(N'AMBATO', 80));
IF @CampusId17 IS NULL SET @CampusId17 = (SELECT TOP 1 [Id] FROM [CatalogReferences] WHERE [Type] = N'Campus' AND [Name] = LEFT(N'AMBATO', 180));
IF @CampusId17 IS NULL BEGIN SET @CampusId17 = '43316cdf-7ce3-5d1d-66c2-e9bba66ed5ff'; INSERT INTO [CatalogReferences] ([Id],[Type],[Code],[Name],[IsActive],[CreatedAt]) VALUES (@CampusId17, N'Campus', LEFT(N'AMBATO', 80), LEFT(N'AMBATO', 180), 1, SYSDATETIMEOFFSET()); END
ELSE UPDATE [CatalogReferences] SET [Name] = LEFT(N'AMBATO', 180), [IsActive] = 1 WHERE [Id] = @CampusId17;
DECLARE @EventFormatId17 uniqueidentifier = (SELECT TOP 1 [Id] FROM [CatalogReferences] WHERE [Type] = N'FormatoEvento' AND [Code] = LEFT(N'Campaña de concientización: “Cuidemos nuestros baños”
Opción 1 – Formal
¡Ayúdanos a mantener los baños limpios y seguros!
Evita botar agua en el piso y utiliza las secadoras de manos después de lavarte.
Un piso seco previene accidentes y mejora la higiene para todos.
________________________________________
Opción 2 – Amigable
💧 Cada gota cuenta
No dejes agua en el piso.
🙌 Usa la secadora de manos y ayuda a mantener este espacio limpio, cómodo y seguro.
________________________________________
Opción 3 – Breve para cartel
⚠️ Piso mojado = riesgo de caídas
Por favor:
•	Evita salpicar agua 
•	Usa la secadora de manos 
•	Mantén el baño limpio para todos 
¡Gracias por tu colaboración!', 80));
IF @EventFormatId17 IS NULL SET @EventFormatId17 = (SELECT TOP 1 [Id] FROM [CatalogReferences] WHERE [Type] = N'FormatoEvento' AND [Name] = LEFT(N'Campaña de concientización: “Cuidemos nuestros baños”
Opción 1 – Formal
¡Ayúdanos a mantener los baños limpios y seguros!
Evita botar agua en el piso y utiliza las secadoras de manos después de lavarte.
Un piso seco previene accidentes y mejora la higiene para todos.
________________________________________
Opción 2 – Amigable
💧 Cada gota cuenta
No dejes agua en el piso.
🙌 Usa la secadora de manos y ayuda a mantener este espacio limpio, cómodo y seguro.
________________________________________
Opción 3 – Breve para cartel
⚠️ Piso mojado = riesgo de caídas
Por favor:
•	Evita salpicar agua 
•	Usa la secadora de manos 
•	Mantén el baño limpio para todos 
¡Gracias por tu colaboración!', 180));
IF @EventFormatId17 IS NULL BEGIN SET @EventFormatId17 = 'b05c56b3-168c-ea10-d48e-1dbc8eea0955'; INSERT INTO [CatalogReferences] ([Id],[Type],[Code],[Name],[IsActive],[CreatedAt]) VALUES (@EventFormatId17, N'FormatoEvento', LEFT(N'Campaña de concientización: “Cuidemos nuestros baños”
Opción 1 – Formal
¡Ayúdanos a mantener los baños limpios y seguros!
Evita botar agua en el piso y utiliza las secadoras de manos después de lavarte.
Un piso seco previene accidentes y mejora la higiene para todos.
________________________________________
Opción 2 – Amigable
💧 Cada gota cuenta
No dejes agua en el piso.
🙌 Usa la secadora de manos y ayuda a mantener este espacio limpio, cómodo y seguro.
________________________________________
Opción 3 – Breve para cartel
⚠️ Piso mojado = riesgo de caídas
Por favor:
•	Evita salpicar agua 
•	Usa la secadora de manos 
•	Mantén el baño limpio para todos 
¡Gracias por tu colaboración!', 80), LEFT(N'Campaña de concientización: “Cuidemos nuestros baños”
Opción 1 – Formal
¡Ayúdanos a mantener los baños limpios y seguros!
Evita botar agua en el piso y utiliza las secadoras de manos después de lavarte.
Un piso seco previene accidentes y mejora la higiene para todos.
________________________________________
Opción 2 – Amigable
💧 Cada gota cuenta
No dejes agua en el piso.
🙌 Usa la secadora de manos y ayuda a mantener este espacio limpio, cómodo y seguro.
________________________________________
Opción 3 – Breve para cartel
⚠️ Piso mojado = riesgo de caídas
Por favor:
•	Evita salpicar agua 
•	Usa la secadora de manos 
•	Mantén el baño limpio para todos 
¡Gracias por tu colaboración!', 180), 1, SYSDATETIMEOFFSET()); END
ELSE UPDATE [CatalogReferences] SET [Name] = LEFT(N'Campaña de concientización: “Cuidemos nuestros baños”
Opción 1 – Formal
¡Ayúdanos a mantener los baños limpios y seguros!
Evita botar agua en el piso y utiliza las secadoras de manos después de lavarte.
Un piso seco previene accidentes y mejora la higiene para todos.
________________________________________
Opción 2 – Amigable
💧 Cada gota cuenta
No dejes agua en el piso.
🙌 Usa la secadora de manos y ayuda a mantener este espacio limpio, cómodo y seguro.
________________________________________
Opción 3 – Breve para cartel
⚠️ Piso mojado = riesgo de caídas
Por favor:
•	Evita salpicar agua 
•	Usa la secadora de manos 
•	Mantén el baño limpio para todos 
¡Gracias por tu colaboración!', 180), [IsActive] = 1 WHERE [Id] = @EventFormatId17;
DECLARE @StatusId17 uniqueidentifier = (SELECT TOP 1 [Id] FROM [CatalogReferences] WHERE [Type] = N'EstadoRequerimiento' AND [Code] = LEFT(N'InAnalysis', 80));
IF @StatusId17 IS NULL SET @StatusId17 = (SELECT TOP 1 [Id] FROM [CatalogReferences] WHERE [Type] = N'EstadoRequerimiento' AND [Name] = LEFT(N'En análisis', 180));
IF @StatusId17 IS NULL BEGIN SET @StatusId17 = '33333333-3333-3333-3333-333333333393'; INSERT INTO [CatalogReferences] ([Id],[Type],[Code],[Name],[IsActive],[CreatedAt]) VALUES (@StatusId17, N'EstadoRequerimiento', LEFT(N'InAnalysis', 80), LEFT(N'En análisis', 180), 1, SYSDATETIMEOFFSET()); END
ELSE UPDATE [CatalogReferences] SET [Name] = LEFT(N'En análisis', 180), [IsActive] = 1 WHERE [Id] = @StatusId17;
IF EXISTS (SELECT 1 FROM [Requirements] WHERE [Code] = N'REQ-2026062017')
BEGIN
  UPDATE [Requirements] SET [ActivityOrEvent] = LEFT(N'PROBLEMATICA INFANTIL EN LA ESFERA LABORAL Y SEXUAL', 240), [RequestedBy] = LEFT(N'CARLOS POVEDA', 120), [FacultyId] = @FacultyId17, [Faculty] = LEFT(N'CTT', 160), [Career] = LEFT(N'Área Específica', 160), [CampusId] = @CampusId17, [Campus] = LEFT(N'AMBATO', 120), [Place] = LEFT(N'CAMPUS TECNOLOGICO', 180), [StartDate] = '2026-05-20', [EndDate] = '2026-05-27', [EventObjective] = LEFT(N'Socialización de MENSAJES para concientización para mantener los baños limpios y seguros más que todo para que se evite botar agua en el piso y utilizar las secadoras de manos para visualización en la pantalla de Lunes a Viernes en horario de 8h30 a 19h30.
Características de la pantalla: PANTALLA LED INTERIOR 2.5 PITCH: ANCHO 3.84 MTS X 1.92 MTS ALTO', 4000), [EventFormatId] = @EventFormatId17, [EventFormat] = LEFT(N'Campaña de concientización: “Cuidemos nuestros baños”
Opción 1 – Formal
¡Ayúdanos a mantener los baños limpios y seguros!
Evita botar agua en el piso y utiliza las secadoras de manos después de lavarte.
Un piso seco previene accidentes y mejora la higiene para todos.
________________________________________
Opción 2 – Amigable
💧 Cada gota cuenta
No dejes agua en el piso.
🙌 Usa la secadora de manos y ayuda a mantener este espacio limpio, cómodo y seguro.
________________________________________
Opción 3 – Breve para cartel
⚠️ Piso mojado = riesgo de caídas
Por favor:
•	Evita salpicar agua 
•	Usa la secadora de manos 
•	Mantén el baño limpio para todos 
¡Gracias por tu colaboración!', 80), [RequestDate] = '2026-06-22', [Status] = N'InAnalysis', [StatusId] = @StatusId17, [UpdatedAt] = TODATETIMEOFFSET(CONVERT(datetime2, '2026-06-22 00:00:00'), '+00:00') WHERE [Code] = N'REQ-2026062017';
END
ELSE
BEGIN
  INSERT INTO [Requirements] ([Id],[Code],[ActivityOrEvent],[RequestedBy],[FacultyId],[Faculty],[Career],[CampusId],[Campus],[Place],[StartDate],[EndDate],[EventObjective],[EventFormatId],[EventFormat],[RequestDate],[Status],[StatusId],[CreatedAt],[UpdatedAt]) VALUES ('547ef652-7495-2ebb-15ba-6be8d568852a', N'REQ-2026062017', LEFT(N'PROBLEMATICA INFANTIL EN LA ESFERA LABORAL Y SEXUAL', 240), LEFT(N'CARLOS POVEDA', 120), @FacultyId17, LEFT(N'CTT', 160), LEFT(N'Área Específica', 160), @CampusId17, LEFT(N'AMBATO', 120), LEFT(N'CAMPUS TECNOLOGICO', 180), '2026-05-20', '2026-05-27', LEFT(N'Socialización de MENSAJES para concientización para mantener los baños limpios y seguros más que todo para que se evite botar agua en el piso y utilizar las secadoras de manos para visualización en la pantalla de Lunes a Viernes en horario de 8h30 a 19h30.
Características de la pantalla: PANTALLA LED INTERIOR 2.5 PITCH: ANCHO 3.84 MTS X 1.92 MTS ALTO', 4000), @EventFormatId17, LEFT(N'Campaña de concientización: “Cuidemos nuestros baños”
Opción 1 – Formal
¡Ayúdanos a mantener los baños limpios y seguros!
Evita botar agua en el piso y utiliza las secadoras de manos después de lavarte.
Un piso seco previene accidentes y mejora la higiene para todos.
________________________________________
Opción 2 – Amigable
💧 Cada gota cuenta
No dejes agua en el piso.
🙌 Usa la secadora de manos y ayuda a mantener este espacio limpio, cómodo y seguro.
________________________________________
Opción 3 – Breve para cartel
⚠️ Piso mojado = riesgo de caídas
Por favor:
•	Evita salpicar agua 
•	Usa la secadora de manos 
•	Mantén el baño limpio para todos 
¡Gracias por tu colaboración!', 80), '2026-06-22', N'InAnalysis', @StatusId17, TODATETIMEOFFSET(CONVERT(datetime2, '2026-06-22 00:00:00'), '+00:00'), TODATETIMEOFFSET(CONVERT(datetime2, '2026-06-22 00:00:00'), '+00:00'));
  INSERT INTO [RequirementAuditEvents] ([Id],[RequirementId],[FromStatus],[ToStatus],[Action],[PerformedBy],[Comments],[OccurredAt]) VALUES (NEWID(), '547ef652-7495-2ebb-15ba-6be8d568852a', NULL, N'InAnalysis', N'Carga inicial desde portapapeles', LEFT(N'CARLOS POVEDA', 160), N'Registro importado desde tabla de requerimientos', SYSDATETIMEOFFSET());
END
-- REQ-2026062018
DECLARE @FacultyId18 uniqueidentifier = (SELECT TOP 1 [Id] FROM [CatalogReferences] WHERE [Type] = N'Faculty' AND [Code] = LEFT(N'Arquitectura, Artes y Diseño', 80));
IF @FacultyId18 IS NULL SET @FacultyId18 = (SELECT TOP 1 [Id] FROM [CatalogReferences] WHERE [Type] = N'Faculty' AND [Name] = LEFT(N'Arquitectura, Artes y Diseño', 180));
IF @FacultyId18 IS NULL BEGIN SET @FacultyId18 = '3fbfc453-592a-0afb-8030-9fedad1e418a'; INSERT INTO [CatalogReferences] ([Id],[Type],[Code],[Name],[IsActive],[CreatedAt]) VALUES (@FacultyId18, N'Faculty', LEFT(N'Arquitectura, Artes y Diseño', 80), LEFT(N'Arquitectura, Artes y Diseño', 180), 1, SYSDATETIMEOFFSET()); END
ELSE UPDATE [CatalogReferences] SET [Name] = LEFT(N'Arquitectura, Artes y Diseño', 180), [IsActive] = 1 WHERE [Id] = @FacultyId18;
DECLARE @CampusId18 uniqueidentifier = (SELECT TOP 1 [Id] FROM [CatalogReferences] WHERE [Type] = N'Campus' AND [Code] = LEFT(N'AMBATO', 80));
IF @CampusId18 IS NULL SET @CampusId18 = (SELECT TOP 1 [Id] FROM [CatalogReferences] WHERE [Type] = N'Campus' AND [Name] = LEFT(N'AMBATO', 180));
IF @CampusId18 IS NULL BEGIN SET @CampusId18 = '43316cdf-7ce3-5d1d-66c2-e9bba66ed5ff'; INSERT INTO [CatalogReferences] ([Id],[Type],[Code],[Name],[IsActive],[CreatedAt]) VALUES (@CampusId18, N'Campus', LEFT(N'AMBATO', 80), LEFT(N'AMBATO', 180), 1, SYSDATETIMEOFFSET()); END
ELSE UPDATE [CatalogReferences] SET [Name] = LEFT(N'AMBATO', 180), [IsActive] = 1 WHERE [Id] = @CampusId18;
DECLARE @EventFormatId18 uniqueidentifier = (SELECT TOP 1 [Id] FROM [CatalogReferences] WHERE [Type] = N'FormatoEvento' AND [Code] = LEFT(N'Durante un período de un mes, los estudiantes trabajaron junto a emprendedores en el desarrollo de propuestas de identidad visual, branding y comunicación publicitaria. Paralelamente, los participantes recibieron talleres y conferencias orientadas al fortalecimiento de sus negocios. Como cierre de esta actividad, la carrera de Diseño de Medios Interactivos presentará la exposición final de los proyectos desarrollados.', 80));
IF @EventFormatId18 IS NULL SET @EventFormatId18 = (SELECT TOP 1 [Id] FROM [CatalogReferences] WHERE [Type] = N'FormatoEvento' AND [Name] = LEFT(N'Durante un período de un mes, los estudiantes trabajaron junto a emprendedores en el desarrollo de propuestas de identidad visual, branding y comunicación publicitaria. Paralelamente, los participantes recibieron talleres y conferencias orientadas al fortalecimiento de sus negocios. Como cierre de esta actividad, la carrera de Diseño de Medios Interactivos presentará la exposición final de los proyectos desarrollados.', 180));
IF @EventFormatId18 IS NULL BEGIN SET @EventFormatId18 = 'f6abc5c8-5032-3026-5a3a-24ac24a86644'; INSERT INTO [CatalogReferences] ([Id],[Type],[Code],[Name],[IsActive],[CreatedAt]) VALUES (@EventFormatId18, N'FormatoEvento', LEFT(N'Durante un período de un mes, los estudiantes trabajaron junto a emprendedores en el desarrollo de propuestas de identidad visual, branding y comunicación publicitaria. Paralelamente, los participantes recibieron talleres y conferencias orientadas al fortalecimiento de sus negocios. Como cierre de esta actividad, la carrera de Diseño de Medios Interactivos presentará la exposición final de los proyectos desarrollados.', 80), LEFT(N'Durante un período de un mes, los estudiantes trabajaron junto a emprendedores en el desarrollo de propuestas de identidad visual, branding y comunicación publicitaria. Paralelamente, los participantes recibieron talleres y conferencias orientadas al fortalecimiento de sus negocios. Como cierre de esta actividad, la carrera de Diseño de Medios Interactivos presentará la exposición final de los proyectos desarrollados.', 180), 1, SYSDATETIMEOFFSET()); END
ELSE UPDATE [CatalogReferences] SET [Name] = LEFT(N'Durante un período de un mes, los estudiantes trabajaron junto a emprendedores en el desarrollo de propuestas de identidad visual, branding y comunicación publicitaria. Paralelamente, los participantes recibieron talleres y conferencias orientadas al fortalecimiento de sus negocios. Como cierre de esta actividad, la carrera de Diseño de Medios Interactivos presentará la exposición final de los proyectos desarrollados.', 180), [IsActive] = 1 WHERE [Id] = @EventFormatId18;
DECLARE @StatusId18 uniqueidentifier = (SELECT TOP 1 [Id] FROM [CatalogReferences] WHERE [Type] = N'EstadoRequerimiento' AND [Code] = LEFT(N'InAnalysis', 80));
IF @StatusId18 IS NULL SET @StatusId18 = (SELECT TOP 1 [Id] FROM [CatalogReferences] WHERE [Type] = N'EstadoRequerimiento' AND [Name] = LEFT(N'En análisis', 180));
IF @StatusId18 IS NULL BEGIN SET @StatusId18 = '33333333-3333-3333-3333-333333333393'; INSERT INTO [CatalogReferences] ([Id],[Type],[Code],[Name],[IsActive],[CreatedAt]) VALUES (@StatusId18, N'EstadoRequerimiento', LEFT(N'InAnalysis', 80), LEFT(N'En análisis', 180), 1, SYSDATETIMEOFFSET()); END
ELSE UPDATE [CatalogReferences] SET [Name] = LEFT(N'En análisis', 180), [IsActive] = 1 WHERE [Id] = @StatusId18;
IF EXISTS (SELECT 1 FROM [Requirements] WHERE [Code] = N'REQ-2026062018')
BEGIN
  UPDATE [Requirements] SET [ActivityOrEvent] = LEFT(N'LA DEFENSA DEL AMBIENTE EN COTOPAXI', 240), [RequestedBy] = LEFT(N'CARLOS POVEDA', 120), [FacultyId] = @FacultyId18, [Faculty] = LEFT(N'Arquitectura, Artes y Diseño', 160), [Career] = LEFT(N'Diseño de Medios Interactivos', 160), [CampusId] = @CampusId18, [Campus] = LEFT(N'AMBATO', 120), [Place] = LEFT(N'Campus Tecnológico de Innovación y Emprendimiento', 180), [StartDate] = '2026-06-30', [EndDate] = '2026-06-30', [EventObjective] = LEFT(N'Desarrollar propuestas de identidad de marca, branding, packaging y aplicaciones gráficas para emprendedores participantes, permitiendo que los estudiantes de Diseño de Medios Interactivos, se cuenta también con la colaboración de la carrera de Administración de empresas en donde los estudiantes  aplican sus conocimientos en proyectos reales. La actividad culminará con un evento tipo pitch de velocidad, donde los estudiantes presentarán sus trabajos como pequeñas agencias de comunicación, fortaleciendo habilidades creativas, estratégicas y de presentación profesional.', 4000), [EventFormatId] = @EventFormatId18, [EventFormat] = LEFT(N'Durante un período de un mes, los estudiantes trabajaron junto a emprendedores en el desarrollo de propuestas de identidad visual, branding y comunicación publicitaria. Paralelamente, los participantes recibieron talleres y conferencias orientadas al fortalecimiento de sus negocios. Como cierre de esta actividad, la carrera de Diseño de Medios Interactivos presentará la exposición final de los proyectos desarrollados.', 80), [RequestDate] = '2026-06-22', [Status] = N'InAnalysis', [StatusId] = @StatusId18, [UpdatedAt] = TODATETIMEOFFSET(CONVERT(datetime2, '2026-06-22 00:00:00'), '+00:00') WHERE [Code] = N'REQ-2026062018';
END
ELSE
BEGIN
  INSERT INTO [Requirements] ([Id],[Code],[ActivityOrEvent],[RequestedBy],[FacultyId],[Faculty],[Career],[CampusId],[Campus],[Place],[StartDate],[EndDate],[EventObjective],[EventFormatId],[EventFormat],[RequestDate],[Status],[StatusId],[CreatedAt],[UpdatedAt]) VALUES ('295cb274-e270-0c31-f306-dbe13f55075e', N'REQ-2026062018', LEFT(N'LA DEFENSA DEL AMBIENTE EN COTOPAXI', 240), LEFT(N'CARLOS POVEDA', 120), @FacultyId18, LEFT(N'Arquitectura, Artes y Diseño', 160), LEFT(N'Diseño de Medios Interactivos', 160), @CampusId18, LEFT(N'AMBATO', 120), LEFT(N'Campus Tecnológico de Innovación y Emprendimiento', 180), '2026-06-30', '2026-06-30', LEFT(N'Desarrollar propuestas de identidad de marca, branding, packaging y aplicaciones gráficas para emprendedores participantes, permitiendo que los estudiantes de Diseño de Medios Interactivos, se cuenta también con la colaboración de la carrera de Administración de empresas en donde los estudiantes  aplican sus conocimientos en proyectos reales. La actividad culminará con un evento tipo pitch de velocidad, donde los estudiantes presentarán sus trabajos como pequeñas agencias de comunicación, fortaleciendo habilidades creativas, estratégicas y de presentación profesional.', 4000), @EventFormatId18, LEFT(N'Durante un período de un mes, los estudiantes trabajaron junto a emprendedores en el desarrollo de propuestas de identidad visual, branding y comunicación publicitaria. Paralelamente, los participantes recibieron talleres y conferencias orientadas al fortalecimiento de sus negocios. Como cierre de esta actividad, la carrera de Diseño de Medios Interactivos presentará la exposición final de los proyectos desarrollados.', 80), '2026-06-22', N'InAnalysis', @StatusId18, TODATETIMEOFFSET(CONVERT(datetime2, '2026-06-22 00:00:00'), '+00:00'), TODATETIMEOFFSET(CONVERT(datetime2, '2026-06-22 00:00:00'), '+00:00'));
  INSERT INTO [RequirementAuditEvents] ([Id],[RequirementId],[FromStatus],[ToStatus],[Action],[PerformedBy],[Comments],[OccurredAt]) VALUES (NEWID(), '295cb274-e270-0c31-f306-dbe13f55075e', NULL, N'InAnalysis', N'Carga inicial desde portapapeles', LEFT(N'CARLOS POVEDA', 160), N'Registro importado desde tabla de requerimientos', SYSDATETIMEOFFSET());
END
-- REQ-2026062019
DECLARE @FacultyId19 uniqueidentifier = (SELECT TOP 1 [Id] FROM [CatalogReferences] WHERE [Type] = N'Faculty' AND [Code] = LEFT(N'Ingenierías', 80));
IF @FacultyId19 IS NULL SET @FacultyId19 = (SELECT TOP 1 [Id] FROM [CatalogReferences] WHERE [Type] = N'Faculty' AND [Name] = LEFT(N'Ingenierías', 180));
IF @FacultyId19 IS NULL BEGIN SET @FacultyId19 = '03d28f2e-1ec6-fa3b-bd19-0f9d39075a0a'; INSERT INTO [CatalogReferences] ([Id],[Type],[Code],[Name],[IsActive],[CreatedAt]) VALUES (@FacultyId19, N'Faculty', LEFT(N'Ingenierías', 80), LEFT(N'Ingenierías', 180), 1, SYSDATETIMEOFFSET()); END
ELSE UPDATE [CatalogReferences] SET [Name] = LEFT(N'Ingenierías', 180), [IsActive] = 1 WHERE [Id] = @FacultyId19;
DECLARE @CampusId19 uniqueidentifier = (SELECT TOP 1 [Id] FROM [CatalogReferences] WHERE [Type] = N'Campus' AND [Code] = LEFT(N'AMBATO', 80));
IF @CampusId19 IS NULL SET @CampusId19 = (SELECT TOP 1 [Id] FROM [CatalogReferences] WHERE [Type] = N'Campus' AND [Name] = LEFT(N'AMBATO', 180));
IF @CampusId19 IS NULL BEGIN SET @CampusId19 = '43316cdf-7ce3-5d1d-66c2-e9bba66ed5ff'; INSERT INTO [CatalogReferences] ([Id],[Type],[Code],[Name],[IsActive],[CreatedAt]) VALUES (@CampusId19, N'Campus', LEFT(N'AMBATO', 80), LEFT(N'AMBATO', 180), 1, SYSDATETIMEOFFSET()); END
ELSE UPDATE [CatalogReferences] SET [Name] = LEFT(N'AMBATO', 180), [IsActive] = 1 WHERE [Id] = @CampusId19;
DECLARE @EventFormatId19 uniqueidentifier = (SELECT TOP 1 [Id] FROM [CatalogReferences] WHERE [Type] = N'FormatoEvento' AND [Code] = LEFT(N'La Expo Construye Indoamérica 2026 será una jornada académica, técnica y comercial que integrará a estudiantes, empresas y profesionales. El evento iniciará a las 9h00 con una inauguración oficial, seguida de una feria de stands y ponencias de expertos en construcción. Además, se realizarán "Showrooms Técnicos" para exhibir innovaciones y soluciones constructivas. Este espacio fomentará la transferencia tecnológica, el networking y la vinculación directa entre la academia y el sector productivo.', 80));
IF @EventFormatId19 IS NULL SET @EventFormatId19 = (SELECT TOP 1 [Id] FROM [CatalogReferences] WHERE [Type] = N'FormatoEvento' AND [Name] = LEFT(N'La Expo Construye Indoamérica 2026 será una jornada académica, técnica y comercial que integrará a estudiantes, empresas y profesionales. El evento iniciará a las 9h00 con una inauguración oficial, seguida de una feria de stands y ponencias de expertos en construcción. Además, se realizarán "Showrooms Técnicos" para exhibir innovaciones y soluciones constructivas. Este espacio fomentará la transferencia tecnológica, el networking y la vinculación directa entre la academia y el sector productivo.', 180));
IF @EventFormatId19 IS NULL BEGIN SET @EventFormatId19 = '22dcbd01-1f06-99b5-c01b-df7e5251d3b4'; INSERT INTO [CatalogReferences] ([Id],[Type],[Code],[Name],[IsActive],[CreatedAt]) VALUES (@EventFormatId19, N'FormatoEvento', LEFT(N'La Expo Construye Indoamérica 2026 será una jornada académica, técnica y comercial que integrará a estudiantes, empresas y profesionales. El evento iniciará a las 9h00 con una inauguración oficial, seguida de una feria de stands y ponencias de expertos en construcción. Además, se realizarán "Showrooms Técnicos" para exhibir innovaciones y soluciones constructivas. Este espacio fomentará la transferencia tecnológica, el networking y la vinculación directa entre la academia y el sector productivo.', 80), LEFT(N'La Expo Construye Indoamérica 2026 será una jornada académica, técnica y comercial que integrará a estudiantes, empresas y profesionales. El evento iniciará a las 9h00 con una inauguración oficial, seguida de una feria de stands y ponencias de expertos en construcción. Además, se realizarán "Showrooms Técnicos" para exhibir innovaciones y soluciones constructivas. Este espacio fomentará la transferencia tecnológica, el networking y la vinculación directa entre la academia y el sector productivo.', 180), 1, SYSDATETIMEOFFSET()); END
ELSE UPDATE [CatalogReferences] SET [Name] = LEFT(N'La Expo Construye Indoamérica 2026 será una jornada académica, técnica y comercial que integrará a estudiantes, empresas y profesionales. El evento iniciará a las 9h00 con una inauguración oficial, seguida de una feria de stands y ponencias de expertos en construcción. Además, se realizarán "Showrooms Técnicos" para exhibir innovaciones y soluciones constructivas. Este espacio fomentará la transferencia tecnológica, el networking y la vinculación directa entre la academia y el sector productivo.', 180), [IsActive] = 1 WHERE [Id] = @EventFormatId19;
DECLARE @StatusId19 uniqueidentifier = (SELECT TOP 1 [Id] FROM [CatalogReferences] WHERE [Type] = N'EstadoRequerimiento' AND [Code] = LEFT(N'InAnalysis', 80));
IF @StatusId19 IS NULL SET @StatusId19 = (SELECT TOP 1 [Id] FROM [CatalogReferences] WHERE [Type] = N'EstadoRequerimiento' AND [Name] = LEFT(N'En análisis', 180));
IF @StatusId19 IS NULL BEGIN SET @StatusId19 = '33333333-3333-3333-3333-333333333393'; INSERT INTO [CatalogReferences] ([Id],[Type],[Code],[Name],[IsActive],[CreatedAt]) VALUES (@StatusId19, N'EstadoRequerimiento', LEFT(N'InAnalysis', 80), LEFT(N'En análisis', 180), 1, SYSDATETIMEOFFSET()); END
ELSE UPDATE [CatalogReferences] SET [Name] = LEFT(N'En análisis', 180), [IsActive] = 1 WHERE [Id] = @StatusId19;
IF EXISTS (SELECT 1 FROM [Requirements] WHERE [Code] = N'REQ-2026062019')
BEGIN
  UPDATE [Requirements] SET [ActivityOrEvent] = LEFT(N'DISEÑO GRÁFICO DIFUSIÓN DE CAMPAÑA DE CONCIENTIZACIÓN "CUIDEMOS NUESTROS BAÑOS"', 240), [RequestedBy] = LEFT(N'LUIS MONTERO', 120), [FacultyId] = @FacultyId19, [Faculty] = LEFT(N'Ingenierías', 160), [Career] = LEFT(N'Ingeniería Civil', 160), [CampusId] = @CampusId19, [Campus] = LEFT(N'AMBATO', 120), [Place] = LEFT(N'Auditorio de Agramonte', 180), [StartDate] = '2026-07-10', [EndDate] = '2026-07-10', [EventObjective] = LEFT(N'Promover la oferta académica y las fortalezas de la Facultad de Ingeniería ante
potenciales aspirantes, unidades educativas y padres de familia, mediante la exhibición
de proyectos innovadores y la interacción directa con el entorno profesional, con el fin
de posicionar a la carrera de Ingeniería Civil como una opción líder de formación
superior y aumentar el índice de matriculación para los próximos ciclos académicos.', 4000), [EventFormatId] = @EventFormatId19, [EventFormat] = LEFT(N'La Expo Construye Indoamérica 2026 será una jornada académica, técnica y comercial que integrará a estudiantes, empresas y profesionales. El evento iniciará a las 9h00 con una inauguración oficial, seguida de una feria de stands y ponencias de expertos en construcción. Además, se realizarán "Showrooms Técnicos" para exhibir innovaciones y soluciones constructivas. Este espacio fomentará la transferencia tecnológica, el networking y la vinculación directa entre la academia y el sector productivo.', 80), [RequestDate] = '2026-06-22', [Status] = N'InAnalysis', [StatusId] = @StatusId19, [UpdatedAt] = TODATETIMEOFFSET(CONVERT(datetime2, '2026-06-22 00:00:00'), '+00:00') WHERE [Code] = N'REQ-2026062019';
END
ELSE
BEGIN
  INSERT INTO [Requirements] ([Id],[Code],[ActivityOrEvent],[RequestedBy],[FacultyId],[Faculty],[Career],[CampusId],[Campus],[Place],[StartDate],[EndDate],[EventObjective],[EventFormatId],[EventFormat],[RequestDate],[Status],[StatusId],[CreatedAt],[UpdatedAt]) VALUES ('3c6a72bb-accd-a392-4cc2-f7fbdc786296', N'REQ-2026062019', LEFT(N'DISEÑO GRÁFICO DIFUSIÓN DE CAMPAÑA DE CONCIENTIZACIÓN "CUIDEMOS NUESTROS BAÑOS"', 240), LEFT(N'LUIS MONTERO', 120), @FacultyId19, LEFT(N'Ingenierías', 160), LEFT(N'Ingeniería Civil', 160), @CampusId19, LEFT(N'AMBATO', 120), LEFT(N'Auditorio de Agramonte', 180), '2026-07-10', '2026-07-10', LEFT(N'Promover la oferta académica y las fortalezas de la Facultad de Ingeniería ante
potenciales aspirantes, unidades educativas y padres de familia, mediante la exhibición
de proyectos innovadores y la interacción directa con el entorno profesional, con el fin
de posicionar a la carrera de Ingeniería Civil como una opción líder de formación
superior y aumentar el índice de matriculación para los próximos ciclos académicos.', 4000), @EventFormatId19, LEFT(N'La Expo Construye Indoamérica 2026 será una jornada académica, técnica y comercial que integrará a estudiantes, empresas y profesionales. El evento iniciará a las 9h00 con una inauguración oficial, seguida de una feria de stands y ponencias de expertos en construcción. Además, se realizarán "Showrooms Técnicos" para exhibir innovaciones y soluciones constructivas. Este espacio fomentará la transferencia tecnológica, el networking y la vinculación directa entre la academia y el sector productivo.', 80), '2026-06-22', N'InAnalysis', @StatusId19, TODATETIMEOFFSET(CONVERT(datetime2, '2026-06-22 00:00:00'), '+00:00'), TODATETIMEOFFSET(CONVERT(datetime2, '2026-06-22 00:00:00'), '+00:00'));
  INSERT INTO [RequirementAuditEvents] ([Id],[RequirementId],[FromStatus],[ToStatus],[Action],[PerformedBy],[Comments],[OccurredAt]) VALUES (NEWID(), '3c6a72bb-accd-a392-4cc2-f7fbdc786296', NULL, N'InAnalysis', N'Carga inicial desde portapapeles', LEFT(N'LUIS MONTERO', 160), N'Registro importado desde tabla de requerimientos', SYSDATETIMEOFFSET());
END
-- REQ-2026062020
DECLARE @FacultyId20 uniqueidentifier = (SELECT TOP 1 [Id] FROM [CatalogReferences] WHERE [Type] = N'Faculty' AND [Code] = LEFT(N'Internacionalización', 80));
IF @FacultyId20 IS NULL SET @FacultyId20 = (SELECT TOP 1 [Id] FROM [CatalogReferences] WHERE [Type] = N'Faculty' AND [Name] = LEFT(N'Internacionalización', 180));
IF @FacultyId20 IS NULL BEGIN SET @FacultyId20 = 'c4e60f83-b9b4-2149-16ca-6b58da9fb6f4'; INSERT INTO [CatalogReferences] ([Id],[Type],[Code],[Name],[IsActive],[CreatedAt]) VALUES (@FacultyId20, N'Faculty', LEFT(N'Internacionalización', 80), LEFT(N'Internacionalización', 180), 1, SYSDATETIMEOFFSET()); END
ELSE UPDATE [CatalogReferences] SET [Name] = LEFT(N'Internacionalización', 180), [IsActive] = 1 WHERE [Id] = @FacultyId20;
DECLARE @CampusId20 uniqueidentifier = (SELECT TOP 1 [Id] FROM [CatalogReferences] WHERE [Type] = N'Campus' AND [Code] = LEFT(N'INSTITUCIONAL', 80));
IF @CampusId20 IS NULL SET @CampusId20 = (SELECT TOP 1 [Id] FROM [CatalogReferences] WHERE [Type] = N'Campus' AND [Name] = LEFT(N'INSTITUCIONAL', 180));
IF @CampusId20 IS NULL BEGIN SET @CampusId20 = 'af4e2147-0fac-ecc9-a956-9ed347f04fb4'; INSERT INTO [CatalogReferences] ([Id],[Type],[Code],[Name],[IsActive],[CreatedAt]) VALUES (@CampusId20, N'Campus', LEFT(N'INSTITUCIONAL', 80), LEFT(N'INSTITUCIONAL', 180), 1, SYSDATETIMEOFFSET()); END
ELSE UPDATE [CatalogReferences] SET [Name] = LEFT(N'INSTITUCIONAL', 180), [IsActive] = 1 WHERE [Id] = @CampusId20;
DECLARE @EventFormatId20 uniqueidentifier = (SELECT TOP 1 [Id] FROM [CatalogReferences] WHERE [Type] = N'FormatoEvento' AND [Code] = LEFT(N'Se debe realizar un video para las redes sociales, en especial tiktok que es la red más vista por los estudiantes, sobre cómo es un día en la vida de un estudiante de intercambio, tanto en Quito como en Ambato. Yo tengo un video de muestra de cómo lo hacen las otras universidades miembros de la red CRISCOS', 80));
IF @EventFormatId20 IS NULL SET @EventFormatId20 = (SELECT TOP 1 [Id] FROM [CatalogReferences] WHERE [Type] = N'FormatoEvento' AND [Name] = LEFT(N'Se debe realizar un video para las redes sociales, en especial tiktok que es la red más vista por los estudiantes, sobre cómo es un día en la vida de un estudiante de intercambio, tanto en Quito como en Ambato. Yo tengo un video de muestra de cómo lo hacen las otras universidades miembros de la red CRISCOS', 180));
IF @EventFormatId20 IS NULL BEGIN SET @EventFormatId20 = 'dc0abf87-2ae9-c793-f7c8-8a969622bf3f'; INSERT INTO [CatalogReferences] ([Id],[Type],[Code],[Name],[IsActive],[CreatedAt]) VALUES (@EventFormatId20, N'FormatoEvento', LEFT(N'Se debe realizar un video para las redes sociales, en especial tiktok que es la red más vista por los estudiantes, sobre cómo es un día en la vida de un estudiante de intercambio, tanto en Quito como en Ambato. Yo tengo un video de muestra de cómo lo hacen las otras universidades miembros de la red CRISCOS', 80), LEFT(N'Se debe realizar un video para las redes sociales, en especial tiktok que es la red más vista por los estudiantes, sobre cómo es un día en la vida de un estudiante de intercambio, tanto en Quito como en Ambato. Yo tengo un video de muestra de cómo lo hacen las otras universidades miembros de la red CRISCOS', 180), 1, SYSDATETIMEOFFSET()); END
ELSE UPDATE [CatalogReferences] SET [Name] = LEFT(N'Se debe realizar un video para las redes sociales, en especial tiktok que es la red más vista por los estudiantes, sobre cómo es un día en la vida de un estudiante de intercambio, tanto en Quito como en Ambato. Yo tengo un video de muestra de cómo lo hacen las otras universidades miembros de la red CRISCOS', 180), [IsActive] = 1 WHERE [Id] = @EventFormatId20;
DECLARE @StatusId20 uniqueidentifier = (SELECT TOP 1 [Id] FROM [CatalogReferences] WHERE [Type] = N'EstadoRequerimiento' AND [Code] = LEFT(N'InAnalysis', 80));
IF @StatusId20 IS NULL SET @StatusId20 = (SELECT TOP 1 [Id] FROM [CatalogReferences] WHERE [Type] = N'EstadoRequerimiento' AND [Name] = LEFT(N'En análisis', 180));
IF @StatusId20 IS NULL BEGIN SET @StatusId20 = '33333333-3333-3333-3333-333333333393'; INSERT INTO [CatalogReferences] ([Id],[Type],[Code],[Name],[IsActive],[CreatedAt]) VALUES (@StatusId20, N'EstadoRequerimiento', LEFT(N'InAnalysis', 80), LEFT(N'En análisis', 180), 1, SYSDATETIMEOFFSET()); END
ELSE UPDATE [CatalogReferences] SET [Name] = LEFT(N'En análisis', 180), [IsActive] = 1 WHERE [Id] = @StatusId20;
IF EXISTS (SELECT 1 FROM [Requirements] WHERE [Code] = N'REQ-2026062020')
BEGIN
  UPDATE [Requirements] SET [ActivityOrEvent] = LEFT(N'Presentación Final de la Primera Fase del Proyecto de Vinculación Semillero "UTI Business"', 240), [RequestedBy] = LEFT(N'Hidalgo Barreno María del Pilar', 120), [FacultyId] = @FacultyId20, [Faculty] = LEFT(N'Internacionalización', 160), [Career] = LEFT(N'Derecho', 160), [CampusId] = @CampusId20, [Campus] = LEFT(N'INSTITUCIONAL', 120), [Place] = LEFT(N'Campus agramonte, aulas y auditorio y Campus Eugenio Espejo', 180), [StartDate] = '2026-07-01', [EndDate] = '2026-07-01', [EventObjective] = LEFT(N'Difundir las oportunidades de internacionalización que ofrece la UTI, y contar con más aplicaciones a las convocatorias.', 4000), [EventFormatId] = @EventFormatId20, [EventFormat] = LEFT(N'Se debe realizar un video para las redes sociales, en especial tiktok que es la red más vista por los estudiantes, sobre cómo es un día en la vida de un estudiante de intercambio, tanto en Quito como en Ambato. Yo tengo un video de muestra de cómo lo hacen las otras universidades miembros de la red CRISCOS', 80), [RequestDate] = '2026-06-22', [Status] = N'InAnalysis', [StatusId] = @StatusId20, [UpdatedAt] = TODATETIMEOFFSET(CONVERT(datetime2, '2026-06-22 00:00:00'), '+00:00') WHERE [Code] = N'REQ-2026062020';
END
ELSE
BEGIN
  INSERT INTO [Requirements] ([Id],[Code],[ActivityOrEvent],[RequestedBy],[FacultyId],[Faculty],[Career],[CampusId],[Campus],[Place],[StartDate],[EndDate],[EventObjective],[EventFormatId],[EventFormat],[RequestDate],[Status],[StatusId],[CreatedAt],[UpdatedAt]) VALUES ('e2d38afc-322d-1ea0-0b14-962e963fe7e5', N'REQ-2026062020', LEFT(N'Presentación Final de la Primera Fase del Proyecto de Vinculación Semillero "UTI Business"', 240), LEFT(N'Hidalgo Barreno María del Pilar', 120), @FacultyId20, LEFT(N'Internacionalización', 160), LEFT(N'Derecho', 160), @CampusId20, LEFT(N'INSTITUCIONAL', 120), LEFT(N'Campus agramonte, aulas y auditorio y Campus Eugenio Espejo', 180), '2026-07-01', '2026-07-01', LEFT(N'Difundir las oportunidades de internacionalización que ofrece la UTI, y contar con más aplicaciones a las convocatorias.', 4000), @EventFormatId20, LEFT(N'Se debe realizar un video para las redes sociales, en especial tiktok que es la red más vista por los estudiantes, sobre cómo es un día en la vida de un estudiante de intercambio, tanto en Quito como en Ambato. Yo tengo un video de muestra de cómo lo hacen las otras universidades miembros de la red CRISCOS', 80), '2026-06-22', N'InAnalysis', @StatusId20, TODATETIMEOFFSET(CONVERT(datetime2, '2026-06-22 00:00:00'), '+00:00'), TODATETIMEOFFSET(CONVERT(datetime2, '2026-06-22 00:00:00'), '+00:00'));
  INSERT INTO [RequirementAuditEvents] ([Id],[RequirementId],[FromStatus],[ToStatus],[Action],[PerformedBy],[Comments],[OccurredAt]) VALUES (NEWID(), 'e2d38afc-322d-1ea0-0b14-962e963fe7e5', NULL, N'InAnalysis', N'Carga inicial desde portapapeles', LEFT(N'Hidalgo Barreno María del Pilar', 160), N'Registro importado desde tabla de requerimientos', SYSDATETIMEOFFSET());
END
-- REQ-2026062021
DECLARE @FacultyId21 uniqueidentifier = (SELECT TOP 1 [Id] FROM [CatalogReferences] WHERE [Type] = N'Faculty' AND [Code] = LEFT(N'Ciencias Económicas, Administrativas y Negocios', 80));
IF @FacultyId21 IS NULL SET @FacultyId21 = (SELECT TOP 1 [Id] FROM [CatalogReferences] WHERE [Type] = N'Faculty' AND [Name] = LEFT(N'Ciencias Económicas, Administrativas y Negocios', 180));
IF @FacultyId21 IS NULL BEGIN SET @FacultyId21 = '40d4cfd9-eedb-5e82-d542-eea5230d4f10'; INSERT INTO [CatalogReferences] ([Id],[Type],[Code],[Name],[IsActive],[CreatedAt]) VALUES (@FacultyId21, N'Faculty', LEFT(N'Ciencias Económicas, Administrativas y Negocios', 80), LEFT(N'Ciencias Económicas, Administrativas y Negocios', 180), 1, SYSDATETIMEOFFSET()); END
ELSE UPDATE [CatalogReferences] SET [Name] = LEFT(N'Ciencias Económicas, Administrativas y Negocios', 180), [IsActive] = 1 WHERE [Id] = @FacultyId21;
DECLARE @CampusId21 uniqueidentifier = (SELECT TOP 1 [Id] FROM [CatalogReferences] WHERE [Type] = N'Campus' AND [Code] = LEFT(N'AMBATO', 80));
IF @CampusId21 IS NULL SET @CampusId21 = (SELECT TOP 1 [Id] FROM [CatalogReferences] WHERE [Type] = N'Campus' AND [Name] = LEFT(N'AMBATO', 180));
IF @CampusId21 IS NULL BEGIN SET @CampusId21 = '43316cdf-7ce3-5d1d-66c2-e9bba66ed5ff'; INSERT INTO [CatalogReferences] ([Id],[Type],[Code],[Name],[IsActive],[CreatedAt]) VALUES (@CampusId21, N'Campus', LEFT(N'AMBATO', 80), LEFT(N'AMBATO', 180), 1, SYSDATETIMEOFFSET()); END
ELSE UPDATE [CatalogReferences] SET [Name] = LEFT(N'AMBATO', 180), [IsActive] = 1 WHERE [Id] = @CampusId21;
DECLARE @EventFormatId21 uniqueidentifier = (SELECT TOP 1 [Id] FROM [CatalogReferences] WHERE [Type] = N'FormatoEvento' AND [Code] = LEFT(N'Se realizara un panel con 3 expositores en los que contaran sus experiencias en la innovación y tecnología en los negocios, los asistentes disfrutaran de un café con aperitivo donde se solicializara y tendran acceso a oportunidades de networking.', 80));
IF @EventFormatId21 IS NULL SET @EventFormatId21 = (SELECT TOP 1 [Id] FROM [CatalogReferences] WHERE [Type] = N'FormatoEvento' AND [Name] = LEFT(N'Se realizara un panel con 3 expositores en los que contaran sus experiencias en la innovación y tecnología en los negocios, los asistentes disfrutaran de un café con aperitivo donde se solicializara y tendran acceso a oportunidades de networking.', 180));
IF @EventFormatId21 IS NULL BEGIN SET @EventFormatId21 = 'f3eb74c2-9ae7-3e58-bb56-89499031972e'; INSERT INTO [CatalogReferences] ([Id],[Type],[Code],[Name],[IsActive],[CreatedAt]) VALUES (@EventFormatId21, N'FormatoEvento', LEFT(N'Se realizara un panel con 3 expositores en los que contaran sus experiencias en la innovación y tecnología en los negocios, los asistentes disfrutaran de un café con aperitivo donde se solicializara y tendran acceso a oportunidades de networking.', 80), LEFT(N'Se realizara un panel con 3 expositores en los que contaran sus experiencias en la innovación y tecnología en los negocios, los asistentes disfrutaran de un café con aperitivo donde se solicializara y tendran acceso a oportunidades de networking.', 180), 1, SYSDATETIMEOFFSET()); END
ELSE UPDATE [CatalogReferences] SET [Name] = LEFT(N'Se realizara un panel con 3 expositores en los que contaran sus experiencias en la innovación y tecnología en los negocios, los asistentes disfrutaran de un café con aperitivo donde se solicializara y tendran acceso a oportunidades de networking.', 180), [IsActive] = 1 WHERE [Id] = @EventFormatId21;
DECLARE @StatusId21 uniqueidentifier = (SELECT TOP 1 [Id] FROM [CatalogReferences] WHERE [Type] = N'EstadoRequerimiento' AND [Code] = LEFT(N'InAnalysis', 80));
IF @StatusId21 IS NULL SET @StatusId21 = (SELECT TOP 1 [Id] FROM [CatalogReferences] WHERE [Type] = N'EstadoRequerimiento' AND [Name] = LEFT(N'En análisis', 180));
IF @StatusId21 IS NULL BEGIN SET @StatusId21 = '33333333-3333-3333-3333-333333333393'; INSERT INTO [CatalogReferences] ([Id],[Type],[Code],[Name],[IsActive],[CreatedAt]) VALUES (@StatusId21, N'EstadoRequerimiento', LEFT(N'InAnalysis', 80), LEFT(N'En análisis', 180), 1, SYSDATETIMEOFFSET()); END
ELSE UPDATE [CatalogReferences] SET [Name] = LEFT(N'En análisis', 180), [IsActive] = 1 WHERE [Id] = @StatusId21;
IF EXISTS (SELECT 1 FROM [Requirements] WHERE [Code] = N'REQ-2026062021')
BEGIN
  UPDATE [Requirements] SET [ActivityOrEvent] = LEFT(N'Expo Construye  Indoamérica 2026', 240), [RequestedBy] = LEFT(N'Mayra Núñez', 120), [FacultyId] = @FacultyId21, [Faculty] = LEFT(N'Ciencias Económicas, Administrativas y Negocios', 160), [Career] = LEFT(N'Administración de Empresas', 160), [CampusId] = @CampusId21, [Campus] = LEFT(N'AMBATO', 120), [Place] = LEFT(N'Cafetería Casa de la Cultura', 180), [StartDate] = '2026-07-02', [EndDate] = '2026-07-02', [EventObjective] = LEFT(N'Triangulación de las funciones sustantivas, docencia, vincualción e investigación. Transferencia de Conocimientos', 4000), [EventFormatId] = @EventFormatId21, [EventFormat] = LEFT(N'Se realizara un panel con 3 expositores en los que contaran sus experiencias en la innovación y tecnología en los negocios, los asistentes disfrutaran de un café con aperitivo donde se solicializara y tendran acceso a oportunidades de networking.', 80), [RequestDate] = '2026-06-22', [Status] = N'InAnalysis', [StatusId] = @StatusId21, [UpdatedAt] = TODATETIMEOFFSET(CONVERT(datetime2, '2026-06-22 00:00:00'), '+00:00') WHERE [Code] = N'REQ-2026062021';
END
ELSE
BEGIN
  INSERT INTO [Requirements] ([Id],[Code],[ActivityOrEvent],[RequestedBy],[FacultyId],[Faculty],[Career],[CampusId],[Campus],[Place],[StartDate],[EndDate],[EventObjective],[EventFormatId],[EventFormat],[RequestDate],[Status],[StatusId],[CreatedAt],[UpdatedAt]) VALUES ('2dfd0d74-baec-0fe7-7e7a-e73e9a7ffc2d', N'REQ-2026062021', LEFT(N'Expo Construye  Indoamérica 2026', 240), LEFT(N'Mayra Núñez', 120), @FacultyId21, LEFT(N'Ciencias Económicas, Administrativas y Negocios', 160), LEFT(N'Administración de Empresas', 160), @CampusId21, LEFT(N'AMBATO', 120), LEFT(N'Cafetería Casa de la Cultura', 180), '2026-07-02', '2026-07-02', LEFT(N'Triangulación de las funciones sustantivas, docencia, vincualción e investigación. Transferencia de Conocimientos', 4000), @EventFormatId21, LEFT(N'Se realizara un panel con 3 expositores en los que contaran sus experiencias en la innovación y tecnología en los negocios, los asistentes disfrutaran de un café con aperitivo donde se solicializara y tendran acceso a oportunidades de networking.', 80), '2026-06-22', N'InAnalysis', @StatusId21, TODATETIMEOFFSET(CONVERT(datetime2, '2026-06-22 00:00:00'), '+00:00'), TODATETIMEOFFSET(CONVERT(datetime2, '2026-06-22 00:00:00'), '+00:00'));
  INSERT INTO [RequirementAuditEvents] ([Id],[RequirementId],[FromStatus],[ToStatus],[Action],[PerformedBy],[Comments],[OccurredAt]) VALUES (NEWID(), '2dfd0d74-baec-0fe7-7e7a-e73e9a7ffc2d', NULL, N'InAnalysis', N'Carga inicial desde portapapeles', LEFT(N'Mayra Núñez', 160), N'Registro importado desde tabla de requerimientos', SYSDATETIMEOFFSET());
END
-- REQ-2026062022
DECLARE @FacultyId22 uniqueidentifier = (SELECT TOP 1 [Id] FROM [CatalogReferences] WHERE [Type] = N'Faculty' AND [Code] = LEFT(N'Ciencias Económicas, Administrativas y Negocios', 80));
IF @FacultyId22 IS NULL SET @FacultyId22 = (SELECT TOP 1 [Id] FROM [CatalogReferences] WHERE [Type] = N'Faculty' AND [Name] = LEFT(N'Ciencias Económicas, Administrativas y Negocios', 180));
IF @FacultyId22 IS NULL BEGIN SET @FacultyId22 = '40d4cfd9-eedb-5e82-d542-eea5230d4f10'; INSERT INTO [CatalogReferences] ([Id],[Type],[Code],[Name],[IsActive],[CreatedAt]) VALUES (@FacultyId22, N'Faculty', LEFT(N'Ciencias Económicas, Administrativas y Negocios', 80), LEFT(N'Ciencias Económicas, Administrativas y Negocios', 180), 1, SYSDATETIMEOFFSET()); END
ELSE UPDATE [CatalogReferences] SET [Name] = LEFT(N'Ciencias Económicas, Administrativas y Negocios', 180), [IsActive] = 1 WHERE [Id] = @FacultyId22;
DECLARE @CampusId22 uniqueidentifier = (SELECT TOP 1 [Id] FROM [CatalogReferences] WHERE [Type] = N'Campus' AND [Code] = LEFT(N'AMBATO', 80));
IF @CampusId22 IS NULL SET @CampusId22 = (SELECT TOP 1 [Id] FROM [CatalogReferences] WHERE [Type] = N'Campus' AND [Name] = LEFT(N'AMBATO', 180));
IF @CampusId22 IS NULL BEGIN SET @CampusId22 = '43316cdf-7ce3-5d1d-66c2-e9bba66ed5ff'; INSERT INTO [CatalogReferences] ([Id],[Type],[Code],[Name],[IsActive],[CreatedAt]) VALUES (@CampusId22, N'Campus', LEFT(N'AMBATO', 80), LEFT(N'AMBATO', 180), 1, SYSDATETIMEOFFSET()); END
ELSE UPDATE [CatalogReferences] SET [Name] = LEFT(N'AMBATO', 180), [IsActive] = 1 WHERE [Id] = @CampusId22;
DECLARE @EventFormatId22 uniqueidentifier = (SELECT TOP 1 [Id] FROM [CatalogReferences] WHERE [Type] = N'FormatoEvento' AND [Code] = LEFT(N'La actividad se desarrollará bajo la modalidad de conferencia académica presencial, orientada a la transferencia de conocimiento teórico-práctico sobre la seguridad en la cadena logística internacional y el rol del Operador Económico Autorizado. Contará con la participación de un expositor especializado, quien abordará la temática mediante una presentación magistral, análisis de casos aplicados al comercio exterior y un espacio final de preguntas e intercambio de criterios con los estudiantes.', 80));
IF @EventFormatId22 IS NULL SET @EventFormatId22 = (SELECT TOP 1 [Id] FROM [CatalogReferences] WHERE [Type] = N'FormatoEvento' AND [Name] = LEFT(N'La actividad se desarrollará bajo la modalidad de conferencia académica presencial, orientada a la transferencia de conocimiento teórico-práctico sobre la seguridad en la cadena logística internacional y el rol del Operador Económico Autorizado. Contará con la participación de un expositor especializado, quien abordará la temática mediante una presentación magistral, análisis de casos aplicados al comercio exterior y un espacio final de preguntas e intercambio de criterios con los estudiantes.', 180));
IF @EventFormatId22 IS NULL BEGIN SET @EventFormatId22 = '4b689189-4d00-ccb6-16bf-9dac8f7f8917'; INSERT INTO [CatalogReferences] ([Id],[Type],[Code],[Name],[IsActive],[CreatedAt]) VALUES (@EventFormatId22, N'FormatoEvento', LEFT(N'La actividad se desarrollará bajo la modalidad de conferencia académica presencial, orientada a la transferencia de conocimiento teórico-práctico sobre la seguridad en la cadena logística internacional y el rol del Operador Económico Autorizado. Contará con la participación de un expositor especializado, quien abordará la temática mediante una presentación magistral, análisis de casos aplicados al comercio exterior y un espacio final de preguntas e intercambio de criterios con los estudiantes.', 80), LEFT(N'La actividad se desarrollará bajo la modalidad de conferencia académica presencial, orientada a la transferencia de conocimiento teórico-práctico sobre la seguridad en la cadena logística internacional y el rol del Operador Económico Autorizado. Contará con la participación de un expositor especializado, quien abordará la temática mediante una presentación magistral, análisis de casos aplicados al comercio exterior y un espacio final de preguntas e intercambio de criterios con los estudiantes.', 180), 1, SYSDATETIMEOFFSET()); END
ELSE UPDATE [CatalogReferences] SET [Name] = LEFT(N'La actividad se desarrollará bajo la modalidad de conferencia académica presencial, orientada a la transferencia de conocimiento teórico-práctico sobre la seguridad en la cadena logística internacional y el rol del Operador Económico Autorizado. Contará con la participación de un expositor especializado, quien abordará la temática mediante una presentación magistral, análisis de casos aplicados al comercio exterior y un espacio final de preguntas e intercambio de criterios con los estudiantes.', 180), [IsActive] = 1 WHERE [Id] = @EventFormatId22;
DECLARE @StatusId22 uniqueidentifier = (SELECT TOP 1 [Id] FROM [CatalogReferences] WHERE [Type] = N'EstadoRequerimiento' AND [Code] = LEFT(N'InAnalysis', 80));
IF @StatusId22 IS NULL SET @StatusId22 = (SELECT TOP 1 [Id] FROM [CatalogReferences] WHERE [Type] = N'EstadoRequerimiento' AND [Name] = LEFT(N'En análisis', 180));
IF @StatusId22 IS NULL BEGIN SET @StatusId22 = '33333333-3333-3333-3333-333333333393'; INSERT INTO [CatalogReferences] ([Id],[Type],[Code],[Name],[IsActive],[CreatedAt]) VALUES (@StatusId22, N'EstadoRequerimiento', LEFT(N'InAnalysis', 80), LEFT(N'En análisis', 180), 1, SYSDATETIMEOFFSET()); END
ELSE UPDATE [CatalogReferences] SET [Name] = LEFT(N'En análisis', 180), [IsActive] = 1 WHERE [Id] = @StatusId22;
IF EXISTS (SELECT 1 FROM [Requirements] WHERE [Code] = N'REQ-2026062022')
BEGIN
  UPDATE [Requirements] SET [ActivityOrEvent] = LEFT(N'Un día como estudiante de intercambio en Ambato y en Quito', 240), [RequestedBy] = LEFT(N'Daniela González', 120), [FacultyId] = @FacultyId22, [Faculty] = LEFT(N'Ciencias Económicas, Administrativas y Negocios', 160), [Career] = LEFT(N'Inteligencia de Negocios', 160), [CampusId] = @CampusId22, [Campus] = LEFT(N'AMBATO', 120), [Place] = LEFT(N'Auditorio FACEAN', 180), [StartDate] = '2026-07-03', [EndDate] = '2026-07-03', [EventObjective] = LEFT(N'Fortalecer la transferencia de conocimiento académico y práctico sobre la seguridad en la cadena logística internacional y el rol del Operador Económico Autorizado, mediante el análisis de sus principios, beneficios y aplicación en el comercio exterior, con el fin de contribuir a la formación integral de los estudiantes de Negocios Internacionales y potenciar sus competencias profesionales frente a los desafíos del mercado global.', 4000), [EventFormatId] = @EventFormatId22, [EventFormat] = LEFT(N'La actividad se desarrollará bajo la modalidad de conferencia académica presencial, orientada a la transferencia de conocimiento teórico-práctico sobre la seguridad en la cadena logística internacional y el rol del Operador Económico Autorizado. Contará con la participación de un expositor especializado, quien abordará la temática mediante una presentación magistral, análisis de casos aplicados al comercio exterior y un espacio final de preguntas e intercambio de criterios con los estudiantes.', 80), [RequestDate] = '2026-06-22', [Status] = N'InAnalysis', [StatusId] = @StatusId22, [UpdatedAt] = TODATETIMEOFFSET(CONVERT(datetime2, '2026-06-22 00:00:00'), '+00:00') WHERE [Code] = N'REQ-2026062022';
END
ELSE
BEGIN
  INSERT INTO [Requirements] ([Id],[Code],[ActivityOrEvent],[RequestedBy],[FacultyId],[Faculty],[Career],[CampusId],[Campus],[Place],[StartDate],[EndDate],[EventObjective],[EventFormatId],[EventFormat],[RequestDate],[Status],[StatusId],[CreatedAt],[UpdatedAt]) VALUES ('2117bbfd-9b89-1f37-4c5f-1f06fb11876b', N'REQ-2026062022', LEFT(N'Un día como estudiante de intercambio en Ambato y en Quito', 240), LEFT(N'Daniela González', 120), @FacultyId22, LEFT(N'Ciencias Económicas, Administrativas y Negocios', 160), LEFT(N'Inteligencia de Negocios', 160), @CampusId22, LEFT(N'AMBATO', 120), LEFT(N'Auditorio FACEAN', 180), '2026-07-03', '2026-07-03', LEFT(N'Fortalecer la transferencia de conocimiento académico y práctico sobre la seguridad en la cadena logística internacional y el rol del Operador Económico Autorizado, mediante el análisis de sus principios, beneficios y aplicación en el comercio exterior, con el fin de contribuir a la formación integral de los estudiantes de Negocios Internacionales y potenciar sus competencias profesionales frente a los desafíos del mercado global.', 4000), @EventFormatId22, LEFT(N'La actividad se desarrollará bajo la modalidad de conferencia académica presencial, orientada a la transferencia de conocimiento teórico-práctico sobre la seguridad en la cadena logística internacional y el rol del Operador Económico Autorizado. Contará con la participación de un expositor especializado, quien abordará la temática mediante una presentación magistral, análisis de casos aplicados al comercio exterior y un espacio final de preguntas e intercambio de criterios con los estudiantes.', 80), '2026-06-22', N'InAnalysis', @StatusId22, TODATETIMEOFFSET(CONVERT(datetime2, '2026-06-22 00:00:00'), '+00:00'), TODATETIMEOFFSET(CONVERT(datetime2, '2026-06-22 00:00:00'), '+00:00'));
  INSERT INTO [RequirementAuditEvents] ([Id],[RequirementId],[FromStatus],[ToStatus],[Action],[PerformedBy],[Comments],[OccurredAt]) VALUES (NEWID(), '2117bbfd-9b89-1f37-4c5f-1f06fb11876b', NULL, N'InAnalysis', N'Carga inicial desde portapapeles', LEFT(N'Daniela González', 160), N'Registro importado desde tabla de requerimientos', SYSDATETIMEOFFSET());
END
-- REQ-2026062023
DECLARE @FacultyId23 uniqueidentifier = (SELECT TOP 1 [Id] FROM [CatalogReferences] WHERE [Type] = N'Faculty' AND [Code] = LEFT(N'Ciencias de la Salud y Bienestar Humano', 80));
IF @FacultyId23 IS NULL SET @FacultyId23 = (SELECT TOP 1 [Id] FROM [CatalogReferences] WHERE [Type] = N'Faculty' AND [Name] = LEFT(N'Ciencias de la Salud y Bienestar Humano', 180));
IF @FacultyId23 IS NULL BEGIN SET @FacultyId23 = 'bd5a4082-5b8e-48b2-2b57-d7bf11de1c3b'; INSERT INTO [CatalogReferences] ([Id],[Type],[Code],[Name],[IsActive],[CreatedAt]) VALUES (@FacultyId23, N'Faculty', LEFT(N'Ciencias de la Salud y Bienestar Humano', 80), LEFT(N'Ciencias de la Salud y Bienestar Humano', 180), 1, SYSDATETIMEOFFSET()); END
ELSE UPDATE [CatalogReferences] SET [Name] = LEFT(N'Ciencias de la Salud y Bienestar Humano', 180), [IsActive] = 1 WHERE [Id] = @FacultyId23;
DECLARE @CampusId23 uniqueidentifier = (SELECT TOP 1 [Id] FROM [CatalogReferences] WHERE [Type] = N'Campus' AND [Code] = LEFT(N'AMBATO', 80));
IF @CampusId23 IS NULL SET @CampusId23 = (SELECT TOP 1 [Id] FROM [CatalogReferences] WHERE [Type] = N'Campus' AND [Name] = LEFT(N'AMBATO', 180));
IF @CampusId23 IS NULL BEGIN SET @CampusId23 = '43316cdf-7ce3-5d1d-66c2-e9bba66ed5ff'; INSERT INTO [CatalogReferences] ([Id],[Type],[Code],[Name],[IsActive],[CreatedAt]) VALUES (@CampusId23, N'Campus', LEFT(N'AMBATO', 80), LEFT(N'AMBATO', 180), 1, SYSDATETIMEOFFSET()); END
ELSE UPDATE [CatalogReferences] SET [Name] = LEFT(N'AMBATO', 180), [IsActive] = 1 WHERE [Id] = @CampusId23;
DECLARE @EventFormatId23 uniqueidentifier = (SELECT TOP 1 [Id] FROM [CatalogReferences] WHERE [Type] = N'FormatoEvento' AND [Code] = LEFT(N'Será un taller/ reunión con los entrenadores de la Federación Deportiva Provincial de Tungurahua (FDT). Donde se explicaran los beneficios del proyecto y de su participación y tendrá como segundo punto la organización del horario de valoración nutricional y toma de datos como compromiso por parte de los entrenadores.', 80));
IF @EventFormatId23 IS NULL SET @EventFormatId23 = (SELECT TOP 1 [Id] FROM [CatalogReferences] WHERE [Type] = N'FormatoEvento' AND [Name] = LEFT(N'Será un taller/ reunión con los entrenadores de la Federación Deportiva Provincial de Tungurahua (FDT). Donde se explicaran los beneficios del proyecto y de su participación y tendrá como segundo punto la organización del horario de valoración nutricional y toma de datos como compromiso por parte de los entrenadores.', 180));
IF @EventFormatId23 IS NULL BEGIN SET @EventFormatId23 = 'b29cdc19-4729-0d16-6dc9-a20c972932b2'; INSERT INTO [CatalogReferences] ([Id],[Type],[Code],[Name],[IsActive],[CreatedAt]) VALUES (@EventFormatId23, N'FormatoEvento', LEFT(N'Será un taller/ reunión con los entrenadores de la Federación Deportiva Provincial de Tungurahua (FDT). Donde se explicaran los beneficios del proyecto y de su participación y tendrá como segundo punto la organización del horario de valoración nutricional y toma de datos como compromiso por parte de los entrenadores.', 80), LEFT(N'Será un taller/ reunión con los entrenadores de la Federación Deportiva Provincial de Tungurahua (FDT). Donde se explicaran los beneficios del proyecto y de su participación y tendrá como segundo punto la organización del horario de valoración nutricional y toma de datos como compromiso por parte de los entrenadores.', 180), 1, SYSDATETIMEOFFSET()); END
ELSE UPDATE [CatalogReferences] SET [Name] = LEFT(N'Será un taller/ reunión con los entrenadores de la Federación Deportiva Provincial de Tungurahua (FDT). Donde se explicaran los beneficios del proyecto y de su participación y tendrá como segundo punto la organización del horario de valoración nutricional y toma de datos como compromiso por parte de los entrenadores.', 180), [IsActive] = 1 WHERE [Id] = @EventFormatId23;
DECLARE @StatusId23 uniqueidentifier = (SELECT TOP 1 [Id] FROM [CatalogReferences] WHERE [Type] = N'EstadoRequerimiento' AND [Code] = LEFT(N'InAnalysis', 80));
IF @StatusId23 IS NULL SET @StatusId23 = (SELECT TOP 1 [Id] FROM [CatalogReferences] WHERE [Type] = N'EstadoRequerimiento' AND [Name] = LEFT(N'En análisis', 180));
IF @StatusId23 IS NULL BEGIN SET @StatusId23 = '33333333-3333-3333-3333-333333333393'; INSERT INTO [CatalogReferences] ([Id],[Type],[Code],[Name],[IsActive],[CreatedAt]) VALUES (@StatusId23, N'EstadoRequerimiento', LEFT(N'InAnalysis', 80), LEFT(N'En análisis', 180), 1, SYSDATETIMEOFFSET()); END
ELSE UPDATE [CatalogReferences] SET [Name] = LEFT(N'En análisis', 180), [IsActive] = 1 WHERE [Id] = @StatusId23;
IF EXISTS (SELECT 1 FROM [Requirements] WHERE [Code] = N'REQ-2026062023')
BEGIN
  UPDATE [Requirements] SET [ActivityOrEvent] = LEFT(N'Cafe Cientifico', 240), [RequestedBy] = LEFT(N'Germania Vayas', 120), [FacultyId] = @FacultyId23, [Faculty] = LEFT(N'Ciencias de la Salud y Bienestar Humano', 160), [Career] = LEFT(N'Medicina', 160), [CampusId] = @CampusId23, [Campus] = LEFT(N'AMBATO', 120), [Place] = LEFT(N'Federación deportiva de tungurahua (oficinas)', 180), [StartDate] = '2026-06-05', [EndDate] = '2026-06-05', [EventObjective] = LEFT(N'El propósito de este encuentro es realizar una charla de inducción dirigida a los entrenadores de la FDT para explicarles la importancia clínica de la valoración nutricional en sus deportistas y detallar los lineamientos, metodología y acciones coordinadas que requerimos de su parte para ejecutar con éxito nuestro proyecto de vinculación.', 4000), [EventFormatId] = @EventFormatId23, [EventFormat] = LEFT(N'Será un taller/ reunión con los entrenadores de la Federación Deportiva Provincial de Tungurahua (FDT). Donde se explicaran los beneficios del proyecto y de su participación y tendrá como segundo punto la organización del horario de valoración nutricional y toma de datos como compromiso por parte de los entrenadores.', 80), [RequestDate] = '2026-06-22', [Status] = N'InAnalysis', [StatusId] = @StatusId23, [UpdatedAt] = TODATETIMEOFFSET(CONVERT(datetime2, '2026-06-22 00:00:00'), '+00:00') WHERE [Code] = N'REQ-2026062023';
END
ELSE
BEGIN
  INSERT INTO [Requirements] ([Id],[Code],[ActivityOrEvent],[RequestedBy],[FacultyId],[Faculty],[Career],[CampusId],[Campus],[Place],[StartDate],[EndDate],[EventObjective],[EventFormatId],[EventFormat],[RequestDate],[Status],[StatusId],[CreatedAt],[UpdatedAt]) VALUES ('a5a7aa69-4da2-be5e-61b6-c10411b34f42', N'REQ-2026062023', LEFT(N'Cafe Cientifico', 240), LEFT(N'Germania Vayas', 120), @FacultyId23, LEFT(N'Ciencias de la Salud y Bienestar Humano', 160), LEFT(N'Medicina', 160), @CampusId23, LEFT(N'AMBATO', 120), LEFT(N'Federación deportiva de tungurahua (oficinas)', 180), '2026-06-05', '2026-06-05', LEFT(N'El propósito de este encuentro es realizar una charla de inducción dirigida a los entrenadores de la FDT para explicarles la importancia clínica de la valoración nutricional en sus deportistas y detallar los lineamientos, metodología y acciones coordinadas que requerimos de su parte para ejecutar con éxito nuestro proyecto de vinculación.', 4000), @EventFormatId23, LEFT(N'Será un taller/ reunión con los entrenadores de la Federación Deportiva Provincial de Tungurahua (FDT). Donde se explicaran los beneficios del proyecto y de su participación y tendrá como segundo punto la organización del horario de valoración nutricional y toma de datos como compromiso por parte de los entrenadores.', 80), '2026-06-22', N'InAnalysis', @StatusId23, TODATETIMEOFFSET(CONVERT(datetime2, '2026-06-22 00:00:00'), '+00:00'), TODATETIMEOFFSET(CONVERT(datetime2, '2026-06-22 00:00:00'), '+00:00'));
  INSERT INTO [RequirementAuditEvents] ([Id],[RequirementId],[FromStatus],[ToStatus],[Action],[PerformedBy],[Comments],[OccurredAt]) VALUES (NEWID(), 'a5a7aa69-4da2-be5e-61b6-c10411b34f42', NULL, N'InAnalysis', N'Carga inicial desde portapapeles', LEFT(N'Germania Vayas', 160), N'Registro importado desde tabla de requerimientos', SYSDATETIMEOFFSET());
END
-- REQ-2026062024
DECLARE @FacultyId24 uniqueidentifier = (SELECT TOP 1 [Id] FROM [CatalogReferences] WHERE [Type] = N'Faculty' AND [Code] = LEFT(N'Ciencias Sociales y Humanas', 80));
IF @FacultyId24 IS NULL SET @FacultyId24 = (SELECT TOP 1 [Id] FROM [CatalogReferences] WHERE [Type] = N'Faculty' AND [Name] = LEFT(N'Ciencias Sociales y Humanas', 180));
IF @FacultyId24 IS NULL BEGIN SET @FacultyId24 = 'e56dd316-90da-40de-30b2-f44a8f0cc6df'; INSERT INTO [CatalogReferences] ([Id],[Type],[Code],[Name],[IsActive],[CreatedAt]) VALUES (@FacultyId24, N'Faculty', LEFT(N'Ciencias Sociales y Humanas', 80), LEFT(N'Ciencias Sociales y Humanas', 180), 1, SYSDATETIMEOFFSET()); END
ELSE UPDATE [CatalogReferences] SET [Name] = LEFT(N'Ciencias Sociales y Humanas', 180), [IsActive] = 1 WHERE [Id] = @FacultyId24;
DECLARE @CampusId24 uniqueidentifier = (SELECT TOP 1 [Id] FROM [CatalogReferences] WHERE [Type] = N'Campus' AND [Code] = LEFT(N'AMBATO', 80));
IF @CampusId24 IS NULL SET @CampusId24 = (SELECT TOP 1 [Id] FROM [CatalogReferences] WHERE [Type] = N'Campus' AND [Name] = LEFT(N'AMBATO', 180));
IF @CampusId24 IS NULL BEGIN SET @CampusId24 = '43316cdf-7ce3-5d1d-66c2-e9bba66ed5ff'; INSERT INTO [CatalogReferences] ([Id],[Type],[Code],[Name],[IsActive],[CreatedAt]) VALUES (@CampusId24, N'Campus', LEFT(N'AMBATO', 80), LEFT(N'AMBATO', 180), 1, SYSDATETIMEOFFSET()); END
ELSE UPDATE [CatalogReferences] SET [Name] = LEFT(N'AMBATO', 180), [IsActive] = 1 WHERE [Id] = @CampusId24;
DECLARE @EventFormatId24 uniqueidentifier = (SELECT TOP 1 [Id] FROM [CatalogReferences] WHERE [Type] = N'FormatoEvento' AND [Code] = LEFT(N'FERIA DE PROYECTOS INTEGRADORES CON LA TEMÁTICA "PSICOLOGÍA AL MUNDIAL" QUE SE DESARROLLARÁ EN DIFERENTES STANDS DIRIGIDO A ESTUDIANTES DE OTRAS CARRERAS MEDIANTE EXPOSICIONES DINÁMICAS E INTERACTIVAS PARA LA SOCIALIZACIÓN DE RESULTADOS ACADÉMICOS DE TEMAS DE INTERÉS COLECTIVO.', 80));
IF @EventFormatId24 IS NULL SET @EventFormatId24 = (SELECT TOP 1 [Id] FROM [CatalogReferences] WHERE [Type] = N'FormatoEvento' AND [Name] = LEFT(N'FERIA DE PROYECTOS INTEGRADORES CON LA TEMÁTICA "PSICOLOGÍA AL MUNDIAL" QUE SE DESARROLLARÁ EN DIFERENTES STANDS DIRIGIDO A ESTUDIANTES DE OTRAS CARRERAS MEDIANTE EXPOSICIONES DINÁMICAS E INTERACTIVAS PARA LA SOCIALIZACIÓN DE RESULTADOS ACADÉMICOS DE TEMAS DE INTERÉS COLECTIVO.', 180));
IF @EventFormatId24 IS NULL BEGIN SET @EventFormatId24 = '7876d722-67a4-ecdd-47a7-3afb4a3dd9cc'; INSERT INTO [CatalogReferences] ([Id],[Type],[Code],[Name],[IsActive],[CreatedAt]) VALUES (@EventFormatId24, N'FormatoEvento', LEFT(N'FERIA DE PROYECTOS INTEGRADORES CON LA TEMÁTICA "PSICOLOGÍA AL MUNDIAL" QUE SE DESARROLLARÁ EN DIFERENTES STANDS DIRIGIDO A ESTUDIANTES DE OTRAS CARRERAS MEDIANTE EXPOSICIONES DINÁMICAS E INTERACTIVAS PARA LA SOCIALIZACIÓN DE RESULTADOS ACADÉMICOS DE TEMAS DE INTERÉS COLECTIVO.', 80), LEFT(N'FERIA DE PROYECTOS INTEGRADORES CON LA TEMÁTICA "PSICOLOGÍA AL MUNDIAL" QUE SE DESARROLLARÁ EN DIFERENTES STANDS DIRIGIDO A ESTUDIANTES DE OTRAS CARRERAS MEDIANTE EXPOSICIONES DINÁMICAS E INTERACTIVAS PARA LA SOCIALIZACIÓN DE RESULTADOS ACADÉMICOS DE TEMAS DE INTERÉS COLECTIVO.', 180), 1, SYSDATETIMEOFFSET()); END
ELSE UPDATE [CatalogReferences] SET [Name] = LEFT(N'FERIA DE PROYECTOS INTEGRADORES CON LA TEMÁTICA "PSICOLOGÍA AL MUNDIAL" QUE SE DESARROLLARÁ EN DIFERENTES STANDS DIRIGIDO A ESTUDIANTES DE OTRAS CARRERAS MEDIANTE EXPOSICIONES DINÁMICAS E INTERACTIVAS PARA LA SOCIALIZACIÓN DE RESULTADOS ACADÉMICOS DE TEMAS DE INTERÉS COLECTIVO.', 180), [IsActive] = 1 WHERE [Id] = @EventFormatId24;
DECLARE @StatusId24 uniqueidentifier = (SELECT TOP 1 [Id] FROM [CatalogReferences] WHERE [Type] = N'EstadoRequerimiento' AND [Code] = LEFT(N'InAnalysis', 80));
IF @StatusId24 IS NULL SET @StatusId24 = (SELECT TOP 1 [Id] FROM [CatalogReferences] WHERE [Type] = N'EstadoRequerimiento' AND [Name] = LEFT(N'En análisis', 180));
IF @StatusId24 IS NULL BEGIN SET @StatusId24 = '33333333-3333-3333-3333-333333333393'; INSERT INTO [CatalogReferences] ([Id],[Type],[Code],[Name],[IsActive],[CreatedAt]) VALUES (@StatusId24, N'EstadoRequerimiento', LEFT(N'InAnalysis', 80), LEFT(N'En análisis', 180), 1, SYSDATETIMEOFFSET()); END
ELSE UPDATE [CatalogReferences] SET [Name] = LEFT(N'En análisis', 180), [IsActive] = 1 WHERE [Id] = @StatusId24;
IF EXISTS (SELECT 1 FROM [Requirements] WHERE [Code] = N'REQ-2026062024')
BEGIN
  UPDATE [Requirements] SET [ActivityOrEvent] = LEFT(N'Seguridad en la Cadena Logística Internacional: el rol estratégico del Operador Económico Autorizado', 240), [RequestedBy] = LEFT(N'Germania Vayas Gabriela Guamanquispe', 120), [FacultyId] = @FacultyId24, [Faculty] = LEFT(N'Ciencias Sociales y Humanas', 160), [Career] = LEFT(N'Psicología Clínica', 160), [CampusId] = @CampusId24, [Campus] = LEFT(N'AMBATO', 120), [Place] = LEFT(N'AUDITORIO MANUELA SAÉNZ - CÁMARA GESELL - AULA TALLER 3', 180), [StartDate] = '2026-07-17', [EndDate] = '2026-07-17', [EventObjective] = LEFT(N'SOCIALIZAR LOS PROYECTOS INTEGRADORES DE LA CARRERA DE PSICOLOGÍA Y PSICOLOGÍA CLÍNICA A TRAVÉS DE UNA EXPOSICIÓN.', 4000), [EventFormatId] = @EventFormatId24, [EventFormat] = LEFT(N'FERIA DE PROYECTOS INTEGRADORES CON LA TEMÁTICA "PSICOLOGÍA AL MUNDIAL" QUE SE DESARROLLARÁ EN DIFERENTES STANDS DIRIGIDO A ESTUDIANTES DE OTRAS CARRERAS MEDIANTE EXPOSICIONES DINÁMICAS E INTERACTIVAS PARA LA SOCIALIZACIÓN DE RESULTADOS ACADÉMICOS DE TEMAS DE INTERÉS COLECTIVO.', 80), [RequestDate] = '2026-06-22', [Status] = N'InAnalysis', [StatusId] = @StatusId24, [UpdatedAt] = TODATETIMEOFFSET(CONVERT(datetime2, '2026-06-22 00:00:00'), '+00:00') WHERE [Code] = N'REQ-2026062024';
END
ELSE
BEGIN
  INSERT INTO [Requirements] ([Id],[Code],[ActivityOrEvent],[RequestedBy],[FacultyId],[Faculty],[Career],[CampusId],[Campus],[Place],[StartDate],[EndDate],[EventObjective],[EventFormatId],[EventFormat],[RequestDate],[Status],[StatusId],[CreatedAt],[UpdatedAt]) VALUES ('16009d58-50b1-06d7-e28c-9a2b25512101', N'REQ-2026062024', LEFT(N'Seguridad en la Cadena Logística Internacional: el rol estratégico del Operador Económico Autorizado', 240), LEFT(N'Germania Vayas Gabriela Guamanquispe', 120), @FacultyId24, LEFT(N'Ciencias Sociales y Humanas', 160), LEFT(N'Psicología Clínica', 160), @CampusId24, LEFT(N'AMBATO', 120), LEFT(N'AUDITORIO MANUELA SAÉNZ - CÁMARA GESELL - AULA TALLER 3', 180), '2026-07-17', '2026-07-17', LEFT(N'SOCIALIZAR LOS PROYECTOS INTEGRADORES DE LA CARRERA DE PSICOLOGÍA Y PSICOLOGÍA CLÍNICA A TRAVÉS DE UNA EXPOSICIÓN.', 4000), @EventFormatId24, LEFT(N'FERIA DE PROYECTOS INTEGRADORES CON LA TEMÁTICA "PSICOLOGÍA AL MUNDIAL" QUE SE DESARROLLARÁ EN DIFERENTES STANDS DIRIGIDO A ESTUDIANTES DE OTRAS CARRERAS MEDIANTE EXPOSICIONES DINÁMICAS E INTERACTIVAS PARA LA SOCIALIZACIÓN DE RESULTADOS ACADÉMICOS DE TEMAS DE INTERÉS COLECTIVO.', 80), '2026-06-22', N'InAnalysis', @StatusId24, TODATETIMEOFFSET(CONVERT(datetime2, '2026-06-22 00:00:00'), '+00:00'), TODATETIMEOFFSET(CONVERT(datetime2, '2026-06-22 00:00:00'), '+00:00'));
  INSERT INTO [RequirementAuditEvents] ([Id],[RequirementId],[FromStatus],[ToStatus],[Action],[PerformedBy],[Comments],[OccurredAt]) VALUES (NEWID(), '16009d58-50b1-06d7-e28c-9a2b25512101', NULL, N'InAnalysis', N'Carga inicial desde portapapeles', LEFT(N'Germania Vayas Gabriela Guamanquispe', 160), N'Registro importado desde tabla de requerimientos', SYSDATETIMEOFFSET());
END
-- REQ-2026062025
DECLARE @FacultyId25 uniqueidentifier = (SELECT TOP 1 [Id] FROM [CatalogReferences] WHERE [Type] = N'Faculty' AND [Code] = LEFT(N'Ciencias Económicas, Administrativas y Negocios', 80));
IF @FacultyId25 IS NULL SET @FacultyId25 = (SELECT TOP 1 [Id] FROM [CatalogReferences] WHERE [Type] = N'Faculty' AND [Name] = LEFT(N'Ciencias Económicas, Administrativas y Negocios', 180));
IF @FacultyId25 IS NULL BEGIN SET @FacultyId25 = '40d4cfd9-eedb-5e82-d542-eea5230d4f10'; INSERT INTO [CatalogReferences] ([Id],[Type],[Code],[Name],[IsActive],[CreatedAt]) VALUES (@FacultyId25, N'Faculty', LEFT(N'Ciencias Económicas, Administrativas y Negocios', 80), LEFT(N'Ciencias Económicas, Administrativas y Negocios', 180), 1, SYSDATETIMEOFFSET()); END
ELSE UPDATE [CatalogReferences] SET [Name] = LEFT(N'Ciencias Económicas, Administrativas y Negocios', 180), [IsActive] = 1 WHERE [Id] = @FacultyId25;
DECLARE @CampusId25 uniqueidentifier = (SELECT TOP 1 [Id] FROM [CatalogReferences] WHERE [Type] = N'Campus' AND [Code] = LEFT(N'INSTITUCIONAL', 80));
IF @CampusId25 IS NULL SET @CampusId25 = (SELECT TOP 1 [Id] FROM [CatalogReferences] WHERE [Type] = N'Campus' AND [Name] = LEFT(N'INSTITUCIONAL', 180));
IF @CampusId25 IS NULL BEGIN SET @CampusId25 = 'af4e2147-0fac-ecc9-a956-9ed347f04fb4'; INSERT INTO [CatalogReferences] ([Id],[Type],[Code],[Name],[IsActive],[CreatedAt]) VALUES (@CampusId25, N'Campus', LEFT(N'INSTITUCIONAL', 80), LEFT(N'INSTITUCIONAL', 180), 1, SYSDATETIMEOFFSET()); END
ELSE UPDATE [CatalogReferences] SET [Name] = LEFT(N'INSTITUCIONAL', 180), [IsActive] = 1 WHERE [Id] = @CampusId25;
DECLARE @EventFormatId25 uniqueidentifier = (SELECT TOP 1 [Id] FROM [CatalogReferences] WHERE [Type] = N'FormatoEvento' AND [Code] = LEFT(N'Se requiere una actualización de los artes para realizar la difusión del proceso de evaluación del desempeño del personal docente, para el periodo académico A26. 
Son 3 artes para la Heteroevaluación, Autoevaluación y Coevaluación.', 80));
IF @EventFormatId25 IS NULL SET @EventFormatId25 = (SELECT TOP 1 [Id] FROM [CatalogReferences] WHERE [Type] = N'FormatoEvento' AND [Name] = LEFT(N'Se requiere una actualización de los artes para realizar la difusión del proceso de evaluación del desempeño del personal docente, para el periodo académico A26. 
Son 3 artes para la Heteroevaluación, Autoevaluación y Coevaluación.', 180));
IF @EventFormatId25 IS NULL BEGIN SET @EventFormatId25 = '9431188d-7ff2-d892-466a-77b9ea4309d1'; INSERT INTO [CatalogReferences] ([Id],[Type],[Code],[Name],[IsActive],[CreatedAt]) VALUES (@EventFormatId25, N'FormatoEvento', LEFT(N'Se requiere una actualización de los artes para realizar la difusión del proceso de evaluación del desempeño del personal docente, para el periodo académico A26. 
Son 3 artes para la Heteroevaluación, Autoevaluación y Coevaluación.', 80), LEFT(N'Se requiere una actualización de los artes para realizar la difusión del proceso de evaluación del desempeño del personal docente, para el periodo académico A26. 
Son 3 artes para la Heteroevaluación, Autoevaluación y Coevaluación.', 180), 1, SYSDATETIMEOFFSET()); END
ELSE UPDATE [CatalogReferences] SET [Name] = LEFT(N'Se requiere una actualización de los artes para realizar la difusión del proceso de evaluación del desempeño del personal docente, para el periodo académico A26. 
Son 3 artes para la Heteroevaluación, Autoevaluación y Coevaluación.', 180), [IsActive] = 1 WHERE [Id] = @EventFormatId25;
DECLARE @StatusId25 uniqueidentifier = (SELECT TOP 1 [Id] FROM [CatalogReferences] WHERE [Type] = N'EstadoRequerimiento' AND [Code] = LEFT(N'InAnalysis', 80));
IF @StatusId25 IS NULL SET @StatusId25 = (SELECT TOP 1 [Id] FROM [CatalogReferences] WHERE [Type] = N'EstadoRequerimiento' AND [Name] = LEFT(N'En análisis', 180));
IF @StatusId25 IS NULL BEGIN SET @StatusId25 = '33333333-3333-3333-3333-333333333393'; INSERT INTO [CatalogReferences] ([Id],[Type],[Code],[Name],[IsActive],[CreatedAt]) VALUES (@StatusId25, N'EstadoRequerimiento', LEFT(N'InAnalysis', 80), LEFT(N'En análisis', 180), 1, SYSDATETIMEOFFSET()); END
ELSE UPDATE [CatalogReferences] SET [Name] = LEFT(N'En análisis', 180), [IsActive] = 1 WHERE [Id] = @StatusId25;
IF EXISTS (SELECT 1 FROM [Requirements] WHERE [Code] = N'REQ-2026062025')
BEGIN
  UPDATE [Requirements] SET [ActivityOrEvent] = LEFT(N'Reunión presencial con la Federación Deportiva Provincial de Tungurahua (FDT)', 240), [RequestedBy] = LEFT(N'Daniela Loaiza', 120), [FacultyId] = @FacultyId25, [Faculty] = LEFT(N'Ciencias Económicas, Administrativas y Negocios', 160), [Career] = LEFT(N'Área Específica', 160), [CampusId] = @CampusId25, [Campus] = LEFT(N'INSTITUCIONAL', 120), [Place] = LEFT(N'SGA Y CORREOS INSTITUCIONALES', 180), [StartDate] = '2026-07-13', [EndDate] = '2026-07-26', [EventObjective] = LEFT(N'Difusión del proceso de Evaluación del Desempeño del personal académico mediante correo masivo y en SGA.', 4000), [EventFormatId] = @EventFormatId25, [EventFormat] = LEFT(N'Se requiere una actualización de los artes para realizar la difusión del proceso de evaluación del desempeño del personal docente, para el periodo académico A26. 
Son 3 artes para la Heteroevaluación, Autoevaluación y Coevaluación.', 80), [RequestDate] = '2026-06-22', [Status] = N'InAnalysis', [StatusId] = @StatusId25, [UpdatedAt] = TODATETIMEOFFSET(CONVERT(datetime2, '2026-06-22 00:00:00'), '+00:00') WHERE [Code] = N'REQ-2026062025';
END
ELSE
BEGIN
  INSERT INTO [Requirements] ([Id],[Code],[ActivityOrEvent],[RequestedBy],[FacultyId],[Faculty],[Career],[CampusId],[Campus],[Place],[StartDate],[EndDate],[EventObjective],[EventFormatId],[EventFormat],[RequestDate],[Status],[StatusId],[CreatedAt],[UpdatedAt]) VALUES ('f9752305-15ae-febd-2535-4e5917960ea3', N'REQ-2026062025', LEFT(N'Reunión presencial con la Federación Deportiva Provincial de Tungurahua (FDT)', 240), LEFT(N'Daniela Loaiza', 120), @FacultyId25, LEFT(N'Ciencias Económicas, Administrativas y Negocios', 160), LEFT(N'Área Específica', 160), @CampusId25, LEFT(N'INSTITUCIONAL', 120), LEFT(N'SGA Y CORREOS INSTITUCIONALES', 180), '2026-07-13', '2026-07-26', LEFT(N'Difusión del proceso de Evaluación del Desempeño del personal académico mediante correo masivo y en SGA.', 4000), @EventFormatId25, LEFT(N'Se requiere una actualización de los artes para realizar la difusión del proceso de evaluación del desempeño del personal docente, para el periodo académico A26. 
Son 3 artes para la Heteroevaluación, Autoevaluación y Coevaluación.', 80), '2026-06-22', N'InAnalysis', @StatusId25, TODATETIMEOFFSET(CONVERT(datetime2, '2026-06-22 00:00:00'), '+00:00'), TODATETIMEOFFSET(CONVERT(datetime2, '2026-06-22 00:00:00'), '+00:00'));
  INSERT INTO [RequirementAuditEvents] ([Id],[RequirementId],[FromStatus],[ToStatus],[Action],[PerformedBy],[Comments],[OccurredAt]) VALUES (NEWID(), 'f9752305-15ae-febd-2535-4e5917960ea3', NULL, N'InAnalysis', N'Carga inicial desde portapapeles', LEFT(N'Daniela Loaiza', 160), N'Registro importado desde tabla de requerimientos', SYSDATETIMEOFFSET());
END
-- REQ-2026062026
DECLARE @FacultyId26 uniqueidentifier = (SELECT TOP 1 [Id] FROM [CatalogReferences] WHERE [Type] = N'Faculty' AND [Code] = LEFT(N'Ciencias Sociales y Humanas', 80));
IF @FacultyId26 IS NULL SET @FacultyId26 = (SELECT TOP 1 [Id] FROM [CatalogReferences] WHERE [Type] = N'Faculty' AND [Name] = LEFT(N'Ciencias Sociales y Humanas', 180));
IF @FacultyId26 IS NULL BEGIN SET @FacultyId26 = 'e56dd316-90da-40de-30b2-f44a8f0cc6df'; INSERT INTO [CatalogReferences] ([Id],[Type],[Code],[Name],[IsActive],[CreatedAt]) VALUES (@FacultyId26, N'Faculty', LEFT(N'Ciencias Sociales y Humanas', 80), LEFT(N'Ciencias Sociales y Humanas', 180), 1, SYSDATETIMEOFFSET()); END
ELSE UPDATE [CatalogReferences] SET [Name] = LEFT(N'Ciencias Sociales y Humanas', 180), [IsActive] = 1 WHERE [Id] = @FacultyId26;
DECLARE @CampusId26 uniqueidentifier = (SELECT TOP 1 [Id] FROM [CatalogReferences] WHERE [Type] = N'Campus' AND [Code] = LEFT(N'AMBATO', 80));
IF @CampusId26 IS NULL SET @CampusId26 = (SELECT TOP 1 [Id] FROM [CatalogReferences] WHERE [Type] = N'Campus' AND [Name] = LEFT(N'AMBATO', 180));
IF @CampusId26 IS NULL BEGIN SET @CampusId26 = '43316cdf-7ce3-5d1d-66c2-e9bba66ed5ff'; INSERT INTO [CatalogReferences] ([Id],[Type],[Code],[Name],[IsActive],[CreatedAt]) VALUES (@CampusId26, N'Campus', LEFT(N'AMBATO', 80), LEFT(N'AMBATO', 180), 1, SYSDATETIMEOFFSET()); END
ELSE UPDATE [CatalogReferences] SET [Name] = LEFT(N'AMBATO', 180), [IsActive] = 1 WHERE [Id] = @CampusId26;
DECLARE @EventFormatId26 uniqueidentifier = (SELECT TOP 1 [Id] FROM [CatalogReferences] WHERE [Type] = N'FormatoEvento' AND [Code] = LEFT(N'CONCURSO DE COMPETENCIAS ACADÉMICAS INTERUNIVERIDADES, EN UN FORMATO DE PREGUNTA - OPCIONES DE RESPUESTA (FORMATO QUIEN QUIERE SER MILLONARIO).', 80));
IF @EventFormatId26 IS NULL SET @EventFormatId26 = (SELECT TOP 1 [Id] FROM [CatalogReferences] WHERE [Type] = N'FormatoEvento' AND [Name] = LEFT(N'CONCURSO DE COMPETENCIAS ACADÉMICAS INTERUNIVERIDADES, EN UN FORMATO DE PREGUNTA - OPCIONES DE RESPUESTA (FORMATO QUIEN QUIERE SER MILLONARIO).', 180));
IF @EventFormatId26 IS NULL BEGIN SET @EventFormatId26 = 'e91f28b0-e959-3d31-6974-5e39dc80fdf5'; INSERT INTO [CatalogReferences] ([Id],[Type],[Code],[Name],[IsActive],[CreatedAt]) VALUES (@EventFormatId26, N'FormatoEvento', LEFT(N'CONCURSO DE COMPETENCIAS ACADÉMICAS INTERUNIVERIDADES, EN UN FORMATO DE PREGUNTA - OPCIONES DE RESPUESTA (FORMATO QUIEN QUIERE SER MILLONARIO).', 80), LEFT(N'CONCURSO DE COMPETENCIAS ACADÉMICAS INTERUNIVERIDADES, EN UN FORMATO DE PREGUNTA - OPCIONES DE RESPUESTA (FORMATO QUIEN QUIERE SER MILLONARIO).', 180), 1, SYSDATETIMEOFFSET()); END
ELSE UPDATE [CatalogReferences] SET [Name] = LEFT(N'CONCURSO DE COMPETENCIAS ACADÉMICAS INTERUNIVERIDADES, EN UN FORMATO DE PREGUNTA - OPCIONES DE RESPUESTA (FORMATO QUIEN QUIERE SER MILLONARIO).', 180), [IsActive] = 1 WHERE [Id] = @EventFormatId26;
DECLARE @StatusId26 uniqueidentifier = (SELECT TOP 1 [Id] FROM [CatalogReferences] WHERE [Type] = N'EstadoRequerimiento' AND [Code] = LEFT(N'InAnalysis', 80));
IF @StatusId26 IS NULL SET @StatusId26 = (SELECT TOP 1 [Id] FROM [CatalogReferences] WHERE [Type] = N'EstadoRequerimiento' AND [Name] = LEFT(N'En análisis', 180));
IF @StatusId26 IS NULL BEGIN SET @StatusId26 = '33333333-3333-3333-3333-333333333393'; INSERT INTO [CatalogReferences] ([Id],[Type],[Code],[Name],[IsActive],[CreatedAt]) VALUES (@StatusId26, N'EstadoRequerimiento', LEFT(N'InAnalysis', 80), LEFT(N'En análisis', 180), 1, SYSDATETIMEOFFSET()); END
ELSE UPDATE [CatalogReferences] SET [Name] = LEFT(N'En análisis', 180), [IsActive] = 1 WHERE [Id] = @StatusId26;
IF EXISTS (SELECT 1 FROM [Requirements] WHERE [Code] = N'REQ-2026062026')
BEGIN
  UPDATE [Requirements] SET [ActivityOrEvent] = LEFT(N'FERIA DE PROYECTOS INTEGRADORES A26', 240), [RequestedBy] = LEFT(N'GABRIELA ABRIL', 120), [FacultyId] = @FacultyId26, [Faculty] = LEFT(N'Ciencias Sociales y Humanas', 160), [Career] = LEFT(N'Psicología Clínica', 160), [CampusId] = @CampusId26, [Campus] = LEFT(N'AMBATO', 120), [Place] = LEFT(N'AUDITORIO MANUELA SÁENZ', 180), [StartDate] = '2026-07-27', [EndDate] = '2026-07-27', [EventObjective] = LEFT(N'COMPARTIR CONOCIMIENTOS ESPECÍFICOS DE LA CARRERA.', 4000), [EventFormatId] = @EventFormatId26, [EventFormat] = LEFT(N'CONCURSO DE COMPETENCIAS ACADÉMICAS INTERUNIVERIDADES, EN UN FORMATO DE PREGUNTA - OPCIONES DE RESPUESTA (FORMATO QUIEN QUIERE SER MILLONARIO).', 80), [RequestDate] = '2026-06-22', [Status] = N'InAnalysis', [StatusId] = @StatusId26, [UpdatedAt] = TODATETIMEOFFSET(CONVERT(datetime2, '2026-06-22 00:00:00'), '+00:00') WHERE [Code] = N'REQ-2026062026';
END
ELSE
BEGIN
  INSERT INTO [Requirements] ([Id],[Code],[ActivityOrEvent],[RequestedBy],[FacultyId],[Faculty],[Career],[CampusId],[Campus],[Place],[StartDate],[EndDate],[EventObjective],[EventFormatId],[EventFormat],[RequestDate],[Status],[StatusId],[CreatedAt],[UpdatedAt]) VALUES ('3fef1268-1458-18f6-1a9d-8e72ce654243', N'REQ-2026062026', LEFT(N'FERIA DE PROYECTOS INTEGRADORES A26', 240), LEFT(N'GABRIELA ABRIL', 120), @FacultyId26, LEFT(N'Ciencias Sociales y Humanas', 160), LEFT(N'Psicología Clínica', 160), @CampusId26, LEFT(N'AMBATO', 120), LEFT(N'AUDITORIO MANUELA SÁENZ', 180), '2026-07-27', '2026-07-27', LEFT(N'COMPARTIR CONOCIMIENTOS ESPECÍFICOS DE LA CARRERA.', 4000), @EventFormatId26, LEFT(N'CONCURSO DE COMPETENCIAS ACADÉMICAS INTERUNIVERIDADES, EN UN FORMATO DE PREGUNTA - OPCIONES DE RESPUESTA (FORMATO QUIEN QUIERE SER MILLONARIO).', 80), '2026-06-22', N'InAnalysis', @StatusId26, TODATETIMEOFFSET(CONVERT(datetime2, '2026-06-22 00:00:00'), '+00:00'), TODATETIMEOFFSET(CONVERT(datetime2, '2026-06-22 00:00:00'), '+00:00'));
  INSERT INTO [RequirementAuditEvents] ([Id],[RequirementId],[FromStatus],[ToStatus],[Action],[PerformedBy],[Comments],[OccurredAt]) VALUES (NEWID(), '3fef1268-1458-18f6-1a9d-8e72ce654243', NULL, N'InAnalysis', N'Carga inicial desde portapapeles', LEFT(N'GABRIELA ABRIL', 160), N'Registro importado desde tabla de requerimientos', SYSDATETIMEOFFSET());
END
-- REQ-2026062027
DECLARE @FacultyId27 uniqueidentifier = (SELECT TOP 1 [Id] FROM [CatalogReferences] WHERE [Type] = N'Faculty' AND [Code] = LEFT(N'Bienestar Universitario', 80));
IF @FacultyId27 IS NULL SET @FacultyId27 = (SELECT TOP 1 [Id] FROM [CatalogReferences] WHERE [Type] = N'Faculty' AND [Name] = LEFT(N'Bienestar Universitario', 180));
IF @FacultyId27 IS NULL BEGIN SET @FacultyId27 = '7fa60d1f-f713-b749-9665-d1e41de80e64'; INSERT INTO [CatalogReferences] ([Id],[Type],[Code],[Name],[IsActive],[CreatedAt]) VALUES (@FacultyId27, N'Faculty', LEFT(N'Bienestar Universitario', 80), LEFT(N'Bienestar Universitario', 180), 1, SYSDATETIMEOFFSET()); END
ELSE UPDATE [CatalogReferences] SET [Name] = LEFT(N'Bienestar Universitario', 180), [IsActive] = 1 WHERE [Id] = @FacultyId27;
DECLARE @CampusId27 uniqueidentifier = (SELECT TOP 1 [Id] FROM [CatalogReferences] WHERE [Type] = N'Campus' AND [Code] = LEFT(N'INSTITUCIONAL', 80));
IF @CampusId27 IS NULL SET @CampusId27 = (SELECT TOP 1 [Id] FROM [CatalogReferences] WHERE [Type] = N'Campus' AND [Name] = LEFT(N'INSTITUCIONAL', 180));
IF @CampusId27 IS NULL BEGIN SET @CampusId27 = 'af4e2147-0fac-ecc9-a956-9ed347f04fb4'; INSERT INTO [CatalogReferences] ([Id],[Type],[Code],[Name],[IsActive],[CreatedAt]) VALUES (@CampusId27, N'Campus', LEFT(N'INSTITUCIONAL', 80), LEFT(N'INSTITUCIONAL', 180), 1, SYSDATETIMEOFFSET()); END
ELSE UPDATE [CatalogReferences] SET [Name] = LEFT(N'INSTITUCIONAL', 180), [IsActive] = 1 WHERE [Id] = @CampusId27;
DECLARE @EventFormatId27 uniqueidentifier = (SELECT TOP 1 [Id] FROM [CatalogReferences] WHERE [Type] = N'FormatoEvento' AND [Code] = LEFT(N'La actividad se desarrollará mediante un conversatorio y espacio de sensibilización dirigido a estudiantes de las diferentes carreras y modalidades académicas de la Universidad. Durante la jornada se abordarán temas relacionados con la diversidad cultural, la interculturalidad, la inclusión, el respeto a los pueblos y nacionalidades del Ecuador y la prevención de prácticas discriminatorias. Además, se difundirá una cápsula educomunicacional denominada "Respeto la diversidad, construyo inclusión", promoviendo la reflexión y el compromiso de los participantes con la construcción de una comunidad universitaria inclusiva y respetuosa de las diferencias culturales', 80));
IF @EventFormatId27 IS NULL SET @EventFormatId27 = (SELECT TOP 1 [Id] FROM [CatalogReferences] WHERE [Type] = N'FormatoEvento' AND [Name] = LEFT(N'La actividad se desarrollará mediante un conversatorio y espacio de sensibilización dirigido a estudiantes de las diferentes carreras y modalidades académicas de la Universidad. Durante la jornada se abordarán temas relacionados con la diversidad cultural, la interculturalidad, la inclusión, el respeto a los pueblos y nacionalidades del Ecuador y la prevención de prácticas discriminatorias. Además, se difundirá una cápsula educomunicacional denominada "Respeto la diversidad, construyo inclusión", promoviendo la reflexión y el compromiso de los participantes con la construcción de una comunidad universitaria inclusiva y respetuosa de las diferencias culturales', 180));
IF @EventFormatId27 IS NULL BEGIN SET @EventFormatId27 = '4671cd5d-83d7-726a-76ea-f42a9fc3d937'; INSERT INTO [CatalogReferences] ([Id],[Type],[Code],[Name],[IsActive],[CreatedAt]) VALUES (@EventFormatId27, N'FormatoEvento', LEFT(N'La actividad se desarrollará mediante un conversatorio y espacio de sensibilización dirigido a estudiantes de las diferentes carreras y modalidades académicas de la Universidad. Durante la jornada se abordarán temas relacionados con la diversidad cultural, la interculturalidad, la inclusión, el respeto a los pueblos y nacionalidades del Ecuador y la prevención de prácticas discriminatorias. Además, se difundirá una cápsula educomunicacional denominada "Respeto la diversidad, construyo inclusión", promoviendo la reflexión y el compromiso de los participantes con la construcción de una comunidad universitaria inclusiva y respetuosa de las diferencias culturales', 80), LEFT(N'La actividad se desarrollará mediante un conversatorio y espacio de sensibilización dirigido a estudiantes de las diferentes carreras y modalidades académicas de la Universidad. Durante la jornada se abordarán temas relacionados con la diversidad cultural, la interculturalidad, la inclusión, el respeto a los pueblos y nacionalidades del Ecuador y la prevención de prácticas discriminatorias. Además, se difundirá una cápsula educomunicacional denominada "Respeto la diversidad, construyo inclusión", promoviendo la reflexión y el compromiso de los participantes con la construcción de una comunidad universitaria inclusiva y respetuosa de las diferencias culturales', 180), 1, SYSDATETIMEOFFSET()); END
ELSE UPDATE [CatalogReferences] SET [Name] = LEFT(N'La actividad se desarrollará mediante un conversatorio y espacio de sensibilización dirigido a estudiantes de las diferentes carreras y modalidades académicas de la Universidad. Durante la jornada se abordarán temas relacionados con la diversidad cultural, la interculturalidad, la inclusión, el respeto a los pueblos y nacionalidades del Ecuador y la prevención de prácticas discriminatorias. Además, se difundirá una cápsula educomunicacional denominada "Respeto la diversidad, construyo inclusión", promoviendo la reflexión y el compromiso de los participantes con la construcción de una comunidad universitaria inclusiva y respetuosa de las diferencias culturales', 180), [IsActive] = 1 WHERE [Id] = @EventFormatId27;
DECLARE @StatusId27 uniqueidentifier = (SELECT TOP 1 [Id] FROM [CatalogReferences] WHERE [Type] = N'EstadoRequerimiento' AND [Code] = LEFT(N'InAnalysis', 80));
IF @StatusId27 IS NULL SET @StatusId27 = (SELECT TOP 1 [Id] FROM [CatalogReferences] WHERE [Type] = N'EstadoRequerimiento' AND [Name] = LEFT(N'En análisis', 180));
IF @StatusId27 IS NULL BEGIN SET @StatusId27 = '33333333-3333-3333-3333-333333333393'; INSERT INTO [CatalogReferences] ([Id],[Type],[Code],[Name],[IsActive],[CreatedAt]) VALUES (@StatusId27, N'EstadoRequerimiento', LEFT(N'InAnalysis', 80), LEFT(N'En análisis', 180), 1, SYSDATETIMEOFFSET()); END
ELSE UPDATE [CatalogReferences] SET [Name] = LEFT(N'En análisis', 180), [IsActive] = 1 WHERE [Id] = @StatusId27;
IF EXISTS (SELECT 1 FROM [Requirements] WHERE [Code] = N'REQ-2026062027')
BEGIN
  UPDATE [Requirements] SET [ActivityOrEvent] = LEFT(N'DIFUSIÓN DEL PROCESO DE EVALUACIÓN DEL DESEMPEÑO ACADÉMICO-PERIODO A26', 240), [RequestedBy] = LEFT(N'ALEXANDRA FREIRE', 120), [FacultyId] = @FacultyId27, [Faculty] = LEFT(N'Bienestar Universitario', 160), [Career] = LEFT(N'Área Específica', 160), [CampusId] = @CampusId27, [Campus] = LEFT(N'INSTITUCIONAL', 120), [Place] = LEFT(N'AUDITORIO CAMPUS EUGENIO ESPEJO / AUDITORIO CAMPUS MANUELA SAENZ', 180), [StartDate] = '2026-07-16', [EndDate] = '2026-07-16', [EventObjective] = LEFT(N'Fortalecer una cultura universitaria inclusiva e intercultural que promueva el respeto, la valoración de la diversidad cultural y la convivencia armónica entre los miembros de la comunidad universitaria, a través de acciones de sensibilización y diálogo intercultural.', 4000), [EventFormatId] = @EventFormatId27, [EventFormat] = LEFT(N'La actividad se desarrollará mediante un conversatorio y espacio de sensibilización dirigido a estudiantes de las diferentes carreras y modalidades académicas de la Universidad. Durante la jornada se abordarán temas relacionados con la diversidad cultural, la interculturalidad, la inclusión, el respeto a los pueblos y nacionalidades del Ecuador y la prevención de prácticas discriminatorias. Además, se difundirá una cápsula educomunicacional denominada "Respeto la diversidad, construyo inclusión", promoviendo la reflexión y el compromiso de los participantes con la construcción de una comunidad universitaria inclusiva y respetuosa de las diferencias culturales', 80), [RequestDate] = '2026-06-22', [Status] = N'InAnalysis', [StatusId] = @StatusId27, [UpdatedAt] = TODATETIMEOFFSET(CONVERT(datetime2, '2026-06-22 00:00:00'), '+00:00') WHERE [Code] = N'REQ-2026062027';
END
ELSE
BEGIN
  INSERT INTO [Requirements] ([Id],[Code],[ActivityOrEvent],[RequestedBy],[FacultyId],[Faculty],[Career],[CampusId],[Campus],[Place],[StartDate],[EndDate],[EventObjective],[EventFormatId],[EventFormat],[RequestDate],[Status],[StatusId],[CreatedAt],[UpdatedAt]) VALUES ('b5daa528-88ef-618f-ebc1-29e8731ea3ae', N'REQ-2026062027', LEFT(N'DIFUSIÓN DEL PROCESO DE EVALUACIÓN DEL DESEMPEÑO ACADÉMICO-PERIODO A26', 240), LEFT(N'ALEXANDRA FREIRE', 120), @FacultyId27, LEFT(N'Bienestar Universitario', 160), LEFT(N'Área Específica', 160), @CampusId27, LEFT(N'INSTITUCIONAL', 120), LEFT(N'AUDITORIO CAMPUS EUGENIO ESPEJO / AUDITORIO CAMPUS MANUELA SAENZ', 180), '2026-07-16', '2026-07-16', LEFT(N'Fortalecer una cultura universitaria inclusiva e intercultural que promueva el respeto, la valoración de la diversidad cultural y la convivencia armónica entre los miembros de la comunidad universitaria, a través de acciones de sensibilización y diálogo intercultural.', 4000), @EventFormatId27, LEFT(N'La actividad se desarrollará mediante un conversatorio y espacio de sensibilización dirigido a estudiantes de las diferentes carreras y modalidades académicas de la Universidad. Durante la jornada se abordarán temas relacionados con la diversidad cultural, la interculturalidad, la inclusión, el respeto a los pueblos y nacionalidades del Ecuador y la prevención de prácticas discriminatorias. Además, se difundirá una cápsula educomunicacional denominada "Respeto la diversidad, construyo inclusión", promoviendo la reflexión y el compromiso de los participantes con la construcción de una comunidad universitaria inclusiva y respetuosa de las diferencias culturales', 80), '2026-06-22', N'InAnalysis', @StatusId27, TODATETIMEOFFSET(CONVERT(datetime2, '2026-06-22 00:00:00'), '+00:00'), TODATETIMEOFFSET(CONVERT(datetime2, '2026-06-22 00:00:00'), '+00:00'));
  INSERT INTO [RequirementAuditEvents] ([Id],[RequirementId],[FromStatus],[ToStatus],[Action],[PerformedBy],[Comments],[OccurredAt]) VALUES (NEWID(), 'b5daa528-88ef-618f-ebc1-29e8731ea3ae', NULL, N'InAnalysis', N'Carga inicial desde portapapeles', LEFT(N'ALEXANDRA FREIRE', 160), N'Registro importado desde tabla de requerimientos', SYSDATETIMEOFFSET());
END
-- REQ-2026062028
DECLARE @FacultyId28 uniqueidentifier = (SELECT TOP 1 [Id] FROM [CatalogReferences] WHERE [Type] = N'Faculty' AND [Code] = LEFT(N'Bienestar Universitario', 80));
IF @FacultyId28 IS NULL SET @FacultyId28 = (SELECT TOP 1 [Id] FROM [CatalogReferences] WHERE [Type] = N'Faculty' AND [Name] = LEFT(N'Bienestar Universitario', 180));
IF @FacultyId28 IS NULL BEGIN SET @FacultyId28 = '7fa60d1f-f713-b749-9665-d1e41de80e64'; INSERT INTO [CatalogReferences] ([Id],[Type],[Code],[Name],[IsActive],[CreatedAt]) VALUES (@FacultyId28, N'Faculty', LEFT(N'Bienestar Universitario', 80), LEFT(N'Bienestar Universitario', 180), 1, SYSDATETIMEOFFSET()); END
ELSE UPDATE [CatalogReferences] SET [Name] = LEFT(N'Bienestar Universitario', 180), [IsActive] = 1 WHERE [Id] = @FacultyId28;
DECLARE @CampusId28 uniqueidentifier = (SELECT TOP 1 [Id] FROM [CatalogReferences] WHERE [Type] = N'Campus' AND [Code] = LEFT(N'QUITO', 80));
IF @CampusId28 IS NULL SET @CampusId28 = (SELECT TOP 1 [Id] FROM [CatalogReferences] WHERE [Type] = N'Campus' AND [Name] = LEFT(N'QUITO', 180));
IF @CampusId28 IS NULL BEGIN SET @CampusId28 = '70c94f24-38e9-dfae-dcf0-625f647c3dd4'; INSERT INTO [CatalogReferences] ([Id],[Type],[Code],[Name],[IsActive],[CreatedAt]) VALUES (@CampusId28, N'Campus', LEFT(N'QUITO', 80), LEFT(N'QUITO', 180), 1, SYSDATETIMEOFFSET()); END
ELSE UPDATE [CatalogReferences] SET [Name] = LEFT(N'QUITO', 180), [IsActive] = 1 WHERE [Id] = @CampusId28;
DECLARE @EventFormatId28 uniqueidentifier = (SELECT TOP 1 [Id] FROM [CatalogReferences] WHERE [Type] = N'FormatoEvento' AND [Code] = LEFT(N'Jornada de vacunación
La actividad se realizará como una jornada de vacunación preventiva con puntos de atención dentro del campus universitario. Participarán estudiantes de Medicina y Enfermería como población prioritaria, además de otros miembros de la comunidad universitaria. La dinámica incluirá sensibilización breve sobre autocuidado y prevención, registro de asistentes, verificación de antecedentes básicos y aplicación de vacunas contra Influenza, Tétanos y Hepatitis B.', 80));
IF @EventFormatId28 IS NULL SET @EventFormatId28 = (SELECT TOP 1 [Id] FROM [CatalogReferences] WHERE [Type] = N'FormatoEvento' AND [Name] = LEFT(N'Jornada de vacunación
La actividad se realizará como una jornada de vacunación preventiva con puntos de atención dentro del campus universitario. Participarán estudiantes de Medicina y Enfermería como población prioritaria, además de otros miembros de la comunidad universitaria. La dinámica incluirá sensibilización breve sobre autocuidado y prevención, registro de asistentes, verificación de antecedentes básicos y aplicación de vacunas contra Influenza, Tétanos y Hepatitis B.', 180));
IF @EventFormatId28 IS NULL BEGIN SET @EventFormatId28 = 'e8f460d4-1f3e-a4d0-21f9-ae2d47f40eb3'; INSERT INTO [CatalogReferences] ([Id],[Type],[Code],[Name],[IsActive],[CreatedAt]) VALUES (@EventFormatId28, N'FormatoEvento', LEFT(N'Jornada de vacunación
La actividad se realizará como una jornada de vacunación preventiva con puntos de atención dentro del campus universitario. Participarán estudiantes de Medicina y Enfermería como población prioritaria, además de otros miembros de la comunidad universitaria. La dinámica incluirá sensibilización breve sobre autocuidado y prevención, registro de asistentes, verificación de antecedentes básicos y aplicación de vacunas contra Influenza, Tétanos y Hepatitis B.', 80), LEFT(N'Jornada de vacunación
La actividad se realizará como una jornada de vacunación preventiva con puntos de atención dentro del campus universitario. Participarán estudiantes de Medicina y Enfermería como población prioritaria, además de otros miembros de la comunidad universitaria. La dinámica incluirá sensibilización breve sobre autocuidado y prevención, registro de asistentes, verificación de antecedentes básicos y aplicación de vacunas contra Influenza, Tétanos y Hepatitis B.', 180), 1, SYSDATETIMEOFFSET()); END
ELSE UPDATE [CatalogReferences] SET [Name] = LEFT(N'Jornada de vacunación
La actividad se realizará como una jornada de vacunación preventiva con puntos de atención dentro del campus universitario. Participarán estudiantes de Medicina y Enfermería como población prioritaria, además de otros miembros de la comunidad universitaria. La dinámica incluirá sensibilización breve sobre autocuidado y prevención, registro de asistentes, verificación de antecedentes básicos y aplicación de vacunas contra Influenza, Tétanos y Hepatitis B.', 180), [IsActive] = 1 WHERE [Id] = @EventFormatId28;
DECLARE @StatusId28 uniqueidentifier = (SELECT TOP 1 [Id] FROM [CatalogReferences] WHERE [Type] = N'EstadoRequerimiento' AND [Code] = LEFT(N'InAnalysis', 80));
IF @StatusId28 IS NULL SET @StatusId28 = (SELECT TOP 1 [Id] FROM [CatalogReferences] WHERE [Type] = N'EstadoRequerimiento' AND [Name] = LEFT(N'En análisis', 180));
IF @StatusId28 IS NULL BEGIN SET @StatusId28 = '33333333-3333-3333-3333-333333333393'; INSERT INTO [CatalogReferences] ([Id],[Type],[Code],[Name],[IsActive],[CreatedAt]) VALUES (@StatusId28, N'EstadoRequerimiento', LEFT(N'InAnalysis', 80), LEFT(N'En análisis', 180), 1, SYSDATETIMEOFFSET()); END
ELSE UPDATE [CatalogReferences] SET [Name] = LEFT(N'En análisis', 180), [IsActive] = 1 WHERE [Id] = @StatusId28;
IF EXISTS (SELECT 1 FROM [Requirements] WHERE [Code] = N'REQ-2026062028')
BEGIN
  UPDATE [Requirements] SET [ActivityOrEvent] = LEFT(N'SABERES PSICOLÓGICOS', 240), [RequestedBy] = LEFT(N'GABRIELA ABRIL', 120), [FacultyId] = @FacultyId28, [Faculty] = LEFT(N'Bienestar Universitario', 160), [Career] = LEFT(N'Área Específica', 160), [CampusId] = @CampusId28, [Campus] = LEFT(N'QUITO', 120), [Place] = LEFT(N'Auditorio de la Sede Eugenio Espejo.', 180), [StartDate] = '2026-07-10', [EndDate] = '2026-07-10', [EventObjective] = LEFT(N'Implementar una jornada de vacunación preventiva (Influenza, Tétanos y Hepatitis B) dirigida a la comunidad universitaria, priorizando a estudiantes de Medicina y Enfermería, con el propósito de prevenir enfermedades, reducir el riesgo de propagación (especialmente respiratoria) y fortalecer la cultura de autocuidado mediante un proceso de sensibilización.', 4000), [EventFormatId] = @EventFormatId28, [EventFormat] = LEFT(N'Jornada de vacunación
La actividad se realizará como una jornada de vacunación preventiva con puntos de atención dentro del campus universitario. Participarán estudiantes de Medicina y Enfermería como población prioritaria, además de otros miembros de la comunidad universitaria. La dinámica incluirá sensibilización breve sobre autocuidado y prevención, registro de asistentes, verificación de antecedentes básicos y aplicación de vacunas contra Influenza, Tétanos y Hepatitis B.', 80), [RequestDate] = '2026-06-22', [Status] = N'InAnalysis', [StatusId] = @StatusId28, [UpdatedAt] = TODATETIMEOFFSET(CONVERT(datetime2, '2026-06-22 00:00:00'), '+00:00') WHERE [Code] = N'REQ-2026062028';
END
ELSE
BEGIN
  INSERT INTO [Requirements] ([Id],[Code],[ActivityOrEvent],[RequestedBy],[FacultyId],[Faculty],[Career],[CampusId],[Campus],[Place],[StartDate],[EndDate],[EventObjective],[EventFormatId],[EventFormat],[RequestDate],[Status],[StatusId],[CreatedAt],[UpdatedAt]) VALUES ('6bb8104d-66e7-3ea6-70c6-af579752a3b3', N'REQ-2026062028', LEFT(N'SABERES PSICOLÓGICOS', 240), LEFT(N'GABRIELA ABRIL', 120), @FacultyId28, LEFT(N'Bienestar Universitario', 160), LEFT(N'Área Específica', 160), @CampusId28, LEFT(N'QUITO', 120), LEFT(N'Auditorio de la Sede Eugenio Espejo.', 180), '2026-07-10', '2026-07-10', LEFT(N'Implementar una jornada de vacunación preventiva (Influenza, Tétanos y Hepatitis B) dirigida a la comunidad universitaria, priorizando a estudiantes de Medicina y Enfermería, con el propósito de prevenir enfermedades, reducir el riesgo de propagación (especialmente respiratoria) y fortalecer la cultura de autocuidado mediante un proceso de sensibilización.', 4000), @EventFormatId28, LEFT(N'Jornada de vacunación
La actividad se realizará como una jornada de vacunación preventiva con puntos de atención dentro del campus universitario. Participarán estudiantes de Medicina y Enfermería como población prioritaria, además de otros miembros de la comunidad universitaria. La dinámica incluirá sensibilización breve sobre autocuidado y prevención, registro de asistentes, verificación de antecedentes básicos y aplicación de vacunas contra Influenza, Tétanos y Hepatitis B.', 80), '2026-06-22', N'InAnalysis', @StatusId28, TODATETIMEOFFSET(CONVERT(datetime2, '2026-06-22 00:00:00'), '+00:00'), TODATETIMEOFFSET(CONVERT(datetime2, '2026-06-22 00:00:00'), '+00:00'));
  INSERT INTO [RequirementAuditEvents] ([Id],[RequirementId],[FromStatus],[ToStatus],[Action],[PerformedBy],[Comments],[OccurredAt]) VALUES (NEWID(), '6bb8104d-66e7-3ea6-70c6-af579752a3b3', NULL, N'InAnalysis', N'Carga inicial desde portapapeles', LEFT(N'GABRIELA ABRIL', 160), N'Registro importado desde tabla de requerimientos', SYSDATETIMEOFFSET());
END
-- REQ-2026062029
DECLARE @FacultyId29 uniqueidentifier = (SELECT TOP 1 [Id] FROM [CatalogReferences] WHERE [Type] = N'Faculty' AND [Code] = LEFT(N'Bienestar Universitario', 80));
IF @FacultyId29 IS NULL SET @FacultyId29 = (SELECT TOP 1 [Id] FROM [CatalogReferences] WHERE [Type] = N'Faculty' AND [Name] = LEFT(N'Bienestar Universitario', 180));
IF @FacultyId29 IS NULL BEGIN SET @FacultyId29 = '7fa60d1f-f713-b749-9665-d1e41de80e64'; INSERT INTO [CatalogReferences] ([Id],[Type],[Code],[Name],[IsActive],[CreatedAt]) VALUES (@FacultyId29, N'Faculty', LEFT(N'Bienestar Universitario', 80), LEFT(N'Bienestar Universitario', 180), 1, SYSDATETIMEOFFSET()); END
ELSE UPDATE [CatalogReferences] SET [Name] = LEFT(N'Bienestar Universitario', 180), [IsActive] = 1 WHERE [Id] = @FacultyId29;
DECLARE @CampusId29 uniqueidentifier = (SELECT TOP 1 [Id] FROM [CatalogReferences] WHERE [Type] = N'Campus' AND [Code] = LEFT(N'INSTITUCIONAL', 80));
IF @CampusId29 IS NULL SET @CampusId29 = (SELECT TOP 1 [Id] FROM [CatalogReferences] WHERE [Type] = N'Campus' AND [Name] = LEFT(N'INSTITUCIONAL', 180));
IF @CampusId29 IS NULL BEGIN SET @CampusId29 = 'af4e2147-0fac-ecc9-a956-9ed347f04fb4'; INSERT INTO [CatalogReferences] ([Id],[Type],[Code],[Name],[IsActive],[CreatedAt]) VALUES (@CampusId29, N'Campus', LEFT(N'INSTITUCIONAL', 80), LEFT(N'INSTITUCIONAL', 180), 1, SYSDATETIMEOFFSET()); END
ELSE UPDATE [CatalogReferences] SET [Name] = LEFT(N'INSTITUCIONAL', 180), [IsActive] = 1 WHERE [Id] = @CampusId29;
DECLARE @EventFormatId29 uniqueidentifier = (SELECT TOP 1 [Id] FROM [CatalogReferences] WHERE [Type] = N'FormatoEvento' AND [Code] = LEFT(N'Infografía: Vida Saludable -Problemas más comunes por el uso excesivo de pantallas', 80));
IF @EventFormatId29 IS NULL SET @EventFormatId29 = (SELECT TOP 1 [Id] FROM [CatalogReferences] WHERE [Type] = N'FormatoEvento' AND [Name] = LEFT(N'Infografía: Vida Saludable -Problemas más comunes por el uso excesivo de pantallas', 180));
IF @EventFormatId29 IS NULL BEGIN SET @EventFormatId29 = '353494c9-e6ba-cd2b-508e-5060f13c180f'; INSERT INTO [CatalogReferences] ([Id],[Type],[Code],[Name],[IsActive],[CreatedAt]) VALUES (@EventFormatId29, N'FormatoEvento', LEFT(N'Infografía: Vida Saludable -Problemas más comunes por el uso excesivo de pantallas', 80), LEFT(N'Infografía: Vida Saludable -Problemas más comunes por el uso excesivo de pantallas', 180), 1, SYSDATETIMEOFFSET()); END
ELSE UPDATE [CatalogReferences] SET [Name] = LEFT(N'Infografía: Vida Saludable -Problemas más comunes por el uso excesivo de pantallas', 180), [IsActive] = 1 WHERE [Id] = @EventFormatId29;
DECLARE @StatusId29 uniqueidentifier = (SELECT TOP 1 [Id] FROM [CatalogReferences] WHERE [Type] = N'EstadoRequerimiento' AND [Code] = LEFT(N'InAnalysis', 80));
IF @StatusId29 IS NULL SET @StatusId29 = (SELECT TOP 1 [Id] FROM [CatalogReferences] WHERE [Type] = N'EstadoRequerimiento' AND [Name] = LEFT(N'En análisis', 180));
IF @StatusId29 IS NULL BEGIN SET @StatusId29 = '33333333-3333-3333-3333-333333333393'; INSERT INTO [CatalogReferences] ([Id],[Type],[Code],[Name],[IsActive],[CreatedAt]) VALUES (@StatusId29, N'EstadoRequerimiento', LEFT(N'InAnalysis', 80), LEFT(N'En análisis', 180), 1, SYSDATETIMEOFFSET()); END
ELSE UPDATE [CatalogReferences] SET [Name] = LEFT(N'En análisis', 180), [IsActive] = 1 WHERE [Id] = @StatusId29;
IF EXISTS (SELECT 1 FROM [Requirements] WHERE [Code] = N'REQ-2026062029')
BEGIN
  UPDATE [Requirements] SET [ActivityOrEvent] = LEFT(N'Raíces, Cultura e Identidad: La Riqueza de los Pueblos y Nacionalidades del Ecuador', 240), [RequestedBy] = LEFT(N'KARLA BAYAS', 120), [FacultyId] = @FacultyId29, [Faculty] = LEFT(N'Bienestar Universitario', 160), [Career] = LEFT(N'Área Específica', 160), [CampusId] = @CampusId29, [Campus] = LEFT(N'INSTITUCIONAL', 120), [Place] = LEFT(N'ONLINE', 180), [StartDate] = '2026-07-21', [EndDate] = '2026-07-21', [EventObjective] = LEFT(N'Difundir información clara, educativa y preventiva mediante una infografía sobre los problemas más comunes asociados al uso excesivo de pantallas, dirigida a los estudiantes universitarios, con el propósito de promover hábitos de uso responsable de la tecnología, prevenir afectaciones en la salud física y mental, y fomentar un estilo de vida saludable que contribuya al bienestar integral de la comunidad estudiantil.', 4000), [EventFormatId] = @EventFormatId29, [EventFormat] = LEFT(N'Infografía: Vida Saludable -Problemas más comunes por el uso excesivo de pantallas', 80), [RequestDate] = '2026-06-22', [Status] = N'InAnalysis', [StatusId] = @StatusId29, [UpdatedAt] = TODATETIMEOFFSET(CONVERT(datetime2, '2026-06-22 00:00:00'), '+00:00') WHERE [Code] = N'REQ-2026062029';
END
ELSE
BEGIN
  INSERT INTO [Requirements] ([Id],[Code],[ActivityOrEvent],[RequestedBy],[FacultyId],[Faculty],[Career],[CampusId],[Campus],[Place],[StartDate],[EndDate],[EventObjective],[EventFormatId],[EventFormat],[RequestDate],[Status],[StatusId],[CreatedAt],[UpdatedAt]) VALUES ('87cd1443-760a-9415-2ca1-91f83aaeba11', N'REQ-2026062029', LEFT(N'Raíces, Cultura e Identidad: La Riqueza de los Pueblos y Nacionalidades del Ecuador', 240), LEFT(N'KARLA BAYAS', 120), @FacultyId29, LEFT(N'Bienestar Universitario', 160), LEFT(N'Área Específica', 160), @CampusId29, LEFT(N'INSTITUCIONAL', 120), LEFT(N'ONLINE', 180), '2026-07-21', '2026-07-21', LEFT(N'Difundir información clara, educativa y preventiva mediante una infografía sobre los problemas más comunes asociados al uso excesivo de pantallas, dirigida a los estudiantes universitarios, con el propósito de promover hábitos de uso responsable de la tecnología, prevenir afectaciones en la salud física y mental, y fomentar un estilo de vida saludable que contribuya al bienestar integral de la comunidad estudiantil.', 4000), @EventFormatId29, LEFT(N'Infografía: Vida Saludable -Problemas más comunes por el uso excesivo de pantallas', 80), '2026-06-22', N'InAnalysis', @StatusId29, TODATETIMEOFFSET(CONVERT(datetime2, '2026-06-22 00:00:00'), '+00:00'), TODATETIMEOFFSET(CONVERT(datetime2, '2026-06-22 00:00:00'), '+00:00'));
  INSERT INTO [RequirementAuditEvents] ([Id],[RequirementId],[FromStatus],[ToStatus],[Action],[PerformedBy],[Comments],[OccurredAt]) VALUES (NEWID(), '87cd1443-760a-9415-2ca1-91f83aaeba11', NULL, N'InAnalysis', N'Carga inicial desde portapapeles', LEFT(N'KARLA BAYAS', 160), N'Registro importado desde tabla de requerimientos', SYSDATETIMEOFFSET());
END
-- REQ-2026062030
DECLARE @FacultyId30 uniqueidentifier = (SELECT TOP 1 [Id] FROM [CatalogReferences] WHERE [Type] = N'Faculty' AND [Code] = LEFT(N'Bienestar Universitario', 80));
IF @FacultyId30 IS NULL SET @FacultyId30 = (SELECT TOP 1 [Id] FROM [CatalogReferences] WHERE [Type] = N'Faculty' AND [Name] = LEFT(N'Bienestar Universitario', 180));
IF @FacultyId30 IS NULL BEGIN SET @FacultyId30 = '7fa60d1f-f713-b749-9665-d1e41de80e64'; INSERT INTO [CatalogReferences] ([Id],[Type],[Code],[Name],[IsActive],[CreatedAt]) VALUES (@FacultyId30, N'Faculty', LEFT(N'Bienestar Universitario', 80), LEFT(N'Bienestar Universitario', 180), 1, SYSDATETIMEOFFSET()); END
ELSE UPDATE [CatalogReferences] SET [Name] = LEFT(N'Bienestar Universitario', 180), [IsActive] = 1 WHERE [Id] = @FacultyId30;
DECLARE @CampusId30 uniqueidentifier = (SELECT TOP 1 [Id] FROM [CatalogReferences] WHERE [Type] = N'Campus' AND [Code] = LEFT(N'AMBATO', 80));
IF @CampusId30 IS NULL SET @CampusId30 = (SELECT TOP 1 [Id] FROM [CatalogReferences] WHERE [Type] = N'Campus' AND [Name] = LEFT(N'AMBATO', 180));
IF @CampusId30 IS NULL BEGIN SET @CampusId30 = '43316cdf-7ce3-5d1d-66c2-e9bba66ed5ff'; INSERT INTO [CatalogReferences] ([Id],[Type],[Code],[Name],[IsActive],[CreatedAt]) VALUES (@CampusId30, N'Campus', LEFT(N'AMBATO', 80), LEFT(N'AMBATO', 180), 1, SYSDATETIMEOFFSET()); END
ELSE UPDATE [CatalogReferences] SET [Name] = LEFT(N'AMBATO', 180), [IsActive] = 1 WHERE [Id] = @CampusId30;
DECLARE @EventFormatId30 uniqueidentifier = (SELECT TOP 1 [Id] FROM [CatalogReferences] WHERE [Type] = N'FormatoEvento' AND [Code] = LEFT(N'La actividad se desarrollará en modalidad de feria abierta de bienestar emocional, ubicada en espacios de alta circulación dentro de cada sede universitaria. Durante la jornada, los participantes podrán recorrer diferentes estaciones recreativas orientadas al autocuidado y la promoción de la salud mental.', 80));
IF @EventFormatId30 IS NULL SET @EventFormatId30 = (SELECT TOP 1 [Id] FROM [CatalogReferences] WHERE [Type] = N'FormatoEvento' AND [Name] = LEFT(N'La actividad se desarrollará en modalidad de feria abierta de bienestar emocional, ubicada en espacios de alta circulación dentro de cada sede universitaria. Durante la jornada, los participantes podrán recorrer diferentes estaciones recreativas orientadas al autocuidado y la promoción de la salud mental.', 180));
IF @EventFormatId30 IS NULL BEGIN SET @EventFormatId30 = '50456427-f588-20ae-269f-0138446419ff'; INSERT INTO [CatalogReferences] ([Id],[Type],[Code],[Name],[IsActive],[CreatedAt]) VALUES (@EventFormatId30, N'FormatoEvento', LEFT(N'La actividad se desarrollará en modalidad de feria abierta de bienestar emocional, ubicada en espacios de alta circulación dentro de cada sede universitaria. Durante la jornada, los participantes podrán recorrer diferentes estaciones recreativas orientadas al autocuidado y la promoción de la salud mental.', 80), LEFT(N'La actividad se desarrollará en modalidad de feria abierta de bienestar emocional, ubicada en espacios de alta circulación dentro de cada sede universitaria. Durante la jornada, los participantes podrán recorrer diferentes estaciones recreativas orientadas al autocuidado y la promoción de la salud mental.', 180), 1, SYSDATETIMEOFFSET()); END
ELSE UPDATE [CatalogReferences] SET [Name] = LEFT(N'La actividad se desarrollará en modalidad de feria abierta de bienestar emocional, ubicada en espacios de alta circulación dentro de cada sede universitaria. Durante la jornada, los participantes podrán recorrer diferentes estaciones recreativas orientadas al autocuidado y la promoción de la salud mental.', 180), [IsActive] = 1 WHERE [Id] = @EventFormatId30;
DECLARE @StatusId30 uniqueidentifier = (SELECT TOP 1 [Id] FROM [CatalogReferences] WHERE [Type] = N'EstadoRequerimiento' AND [Code] = LEFT(N'InAnalysis', 80));
IF @StatusId30 IS NULL SET @StatusId30 = (SELECT TOP 1 [Id] FROM [CatalogReferences] WHERE [Type] = N'EstadoRequerimiento' AND [Name] = LEFT(N'En análisis', 180));
IF @StatusId30 IS NULL BEGIN SET @StatusId30 = '33333333-3333-3333-3333-333333333393'; INSERT INTO [CatalogReferences] ([Id],[Type],[Code],[Name],[IsActive],[CreatedAt]) VALUES (@StatusId30, N'EstadoRequerimiento', LEFT(N'InAnalysis', 80), LEFT(N'En análisis', 180), 1, SYSDATETIMEOFFSET()); END
ELSE UPDATE [CatalogReferences] SET [Name] = LEFT(N'En análisis', 180), [IsActive] = 1 WHERE [Id] = @StatusId30;
IF EXISTS (SELECT 1 FROM [Requirements] WHERE [Code] = N'REQ-2026062030')
BEGIN
  UPDATE [Requirements] SET [ActivityOrEvent] = LEFT(N'Proyecto de Prevención de Enfermedades y Promoción de la Salud', 240), [RequestedBy] = LEFT(N'KARLA BAYAS', 120), [FacultyId] = @FacultyId30, [Faculty] = LEFT(N'Bienestar Universitario', 160), [Career] = LEFT(N'Área Específica', 160), [CampusId] = @CampusId30, [Campus] = LEFT(N'AMBATO', 120), [Place] = LEFT(N'ESPACIOS ABIERTOS DE LA MANUELA SÁENZ Y LATACUNGA', 180), [StartDate] = '2026-07-17', [EndDate] = '2026-07-17', [EventObjective] = LEFT(N'Promover el bienestar emocional, el autocuidado y la gestión saludable del estrés mediante espacios recreativos y participativos que favorezcan la reflexión, la convivencia positiva y la adopción de prácticas de cuidado personal dentro de la comunidad universitaria.', 4000), [EventFormatId] = @EventFormatId30, [EventFormat] = LEFT(N'La actividad se desarrollará en modalidad de feria abierta de bienestar emocional, ubicada en espacios de alta circulación dentro de cada sede universitaria. Durante la jornada, los participantes podrán recorrer diferentes estaciones recreativas orientadas al autocuidado y la promoción de la salud mental.', 80), [RequestDate] = '2026-06-22', [Status] = N'InAnalysis', [StatusId] = @StatusId30, [UpdatedAt] = TODATETIMEOFFSET(CONVERT(datetime2, '2026-06-22 00:00:00'), '+00:00') WHERE [Code] = N'REQ-2026062030';
END
ELSE
BEGIN
  INSERT INTO [Requirements] ([Id],[Code],[ActivityOrEvent],[RequestedBy],[FacultyId],[Faculty],[Career],[CampusId],[Campus],[Place],[StartDate],[EndDate],[EventObjective],[EventFormatId],[EventFormat],[RequestDate],[Status],[StatusId],[CreatedAt],[UpdatedAt]) VALUES ('48b357a8-e934-a09d-1b79-1a7b032f5086', N'REQ-2026062030', LEFT(N'Proyecto de Prevención de Enfermedades y Promoción de la Salud', 240), LEFT(N'KARLA BAYAS', 120), @FacultyId30, LEFT(N'Bienestar Universitario', 160), LEFT(N'Área Específica', 160), @CampusId30, LEFT(N'AMBATO', 120), LEFT(N'ESPACIOS ABIERTOS DE LA MANUELA SÁENZ Y LATACUNGA', 180), '2026-07-17', '2026-07-17', LEFT(N'Promover el bienestar emocional, el autocuidado y la gestión saludable del estrés mediante espacios recreativos y participativos que favorezcan la reflexión, la convivencia positiva y la adopción de prácticas de cuidado personal dentro de la comunidad universitaria.', 4000), @EventFormatId30, LEFT(N'La actividad se desarrollará en modalidad de feria abierta de bienestar emocional, ubicada en espacios de alta circulación dentro de cada sede universitaria. Durante la jornada, los participantes podrán recorrer diferentes estaciones recreativas orientadas al autocuidado y la promoción de la salud mental.', 80), '2026-06-22', N'InAnalysis', @StatusId30, TODATETIMEOFFSET(CONVERT(datetime2, '2026-06-22 00:00:00'), '+00:00'), TODATETIMEOFFSET(CONVERT(datetime2, '2026-06-22 00:00:00'), '+00:00'));
  INSERT INTO [RequirementAuditEvents] ([Id],[RequirementId],[FromStatus],[ToStatus],[Action],[PerformedBy],[Comments],[OccurredAt]) VALUES (NEWID(), '48b357a8-e934-a09d-1b79-1a7b032f5086', NULL, N'InAnalysis', N'Carga inicial desde portapapeles', LEFT(N'KARLA BAYAS', 160), N'Registro importado desde tabla de requerimientos', SYSDATETIMEOFFSET());
END
-- REQ-2026062031
DECLARE @FacultyId31 uniqueidentifier = (SELECT TOP 1 [Id] FROM [CatalogReferences] WHERE [Type] = N'Faculty' AND [Code] = LEFT(N'Bienestar Universitario', 80));
IF @FacultyId31 IS NULL SET @FacultyId31 = (SELECT TOP 1 [Id] FROM [CatalogReferences] WHERE [Type] = N'Faculty' AND [Name] = LEFT(N'Bienestar Universitario', 180));
IF @FacultyId31 IS NULL BEGIN SET @FacultyId31 = '7fa60d1f-f713-b749-9665-d1e41de80e64'; INSERT INTO [CatalogReferences] ([Id],[Type],[Code],[Name],[IsActive],[CreatedAt]) VALUES (@FacultyId31, N'Faculty', LEFT(N'Bienestar Universitario', 80), LEFT(N'Bienestar Universitario', 180), 1, SYSDATETIMEOFFSET()); END
ELSE UPDATE [CatalogReferences] SET [Name] = LEFT(N'Bienestar Universitario', 180), [IsActive] = 1 WHERE [Id] = @FacultyId31;
DECLARE @CampusId31 uniqueidentifier = (SELECT TOP 1 [Id] FROM [CatalogReferences] WHERE [Type] = N'Campus' AND [Code] = LEFT(N'INSTITUCIONAL', 80));
IF @CampusId31 IS NULL SET @CampusId31 = (SELECT TOP 1 [Id] FROM [CatalogReferences] WHERE [Type] = N'Campus' AND [Name] = LEFT(N'INSTITUCIONAL', 180));
IF @CampusId31 IS NULL BEGIN SET @CampusId31 = 'af4e2147-0fac-ecc9-a956-9ed347f04fb4'; INSERT INTO [CatalogReferences] ([Id],[Type],[Code],[Name],[IsActive],[CreatedAt]) VALUES (@CampusId31, N'Campus', LEFT(N'INSTITUCIONAL', 80), LEFT(N'INSTITUCIONAL', 180), 1, SYSDATETIMEOFFSET()); END
ELSE UPDATE [CatalogReferences] SET [Name] = LEFT(N'INSTITUCIONAL', 180), [IsActive] = 1 WHERE [Id] = @CampusId31;
DECLARE @EventFormatId31 uniqueidentifier = (SELECT TOP 1 [Id] FROM [CatalogReferences] WHERE [Type] = N'FormatoEvento' AND [Code] = LEFT(N'INFOGRAFÍA: 13 de Julio | Día Internacional del TDAH', 80));
IF @EventFormatId31 IS NULL SET @EventFormatId31 = (SELECT TOP 1 [Id] FROM [CatalogReferences] WHERE [Type] = N'FormatoEvento' AND [Name] = LEFT(N'INFOGRAFÍA: 13 de Julio | Día Internacional del TDAH', 180));
IF @EventFormatId31 IS NULL BEGIN SET @EventFormatId31 = '1b07bca4-27dc-c42d-90cb-f21e67f64e9f'; INSERT INTO [CatalogReferences] ([Id],[Type],[Code],[Name],[IsActive],[CreatedAt]) VALUES (@EventFormatId31, N'FormatoEvento', LEFT(N'INFOGRAFÍA: 13 de Julio | Día Internacional del TDAH', 80), LEFT(N'INFOGRAFÍA: 13 de Julio | Día Internacional del TDAH', 180), 1, SYSDATETIMEOFFSET()); END
ELSE UPDATE [CatalogReferences] SET [Name] = LEFT(N'INFOGRAFÍA: 13 de Julio | Día Internacional del TDAH', 180), [IsActive] = 1 WHERE [Id] = @EventFormatId31;
DECLARE @StatusId31 uniqueidentifier = (SELECT TOP 1 [Id] FROM [CatalogReferences] WHERE [Type] = N'EstadoRequerimiento' AND [Code] = LEFT(N'Draft', 80));
IF @StatusId31 IS NULL SET @StatusId31 = (SELECT TOP 1 [Id] FROM [CatalogReferences] WHERE [Type] = N'EstadoRequerimiento' AND [Name] = LEFT(N'Borrador', 180));
IF @StatusId31 IS NULL BEGIN SET @StatusId31 = '33333333-3333-3333-3333-333333333391'; INSERT INTO [CatalogReferences] ([Id],[Type],[Code],[Name],[IsActive],[CreatedAt]) VALUES (@StatusId31, N'EstadoRequerimiento', LEFT(N'Draft', 80), LEFT(N'Borrador', 180), 1, SYSDATETIMEOFFSET()); END
ELSE UPDATE [CatalogReferences] SET [Name] = LEFT(N'Borrador', 180), [IsActive] = 1 WHERE [Id] = @StatusId31;
IF EXISTS (SELECT 1 FROM [Requirements] WHERE [Code] = N'REQ-2026062031')
BEGIN
  UPDATE [Requirements] SET [ActivityOrEvent] = LEFT(N'VIDA SALUDABLE - PROBLEMAS MAS COMUNES POR EL USO EXCESIVO DE PANTALLAS', 240), [RequestedBy] = LEFT(N'KARLA BAYAS', 120), [FacultyId] = @FacultyId31, [Faculty] = LEFT(N'Bienestar Universitario', 160), [Career] = LEFT(N'Área Específica', 160), [CampusId] = @CampusId31, [Campus] = LEFT(N'INSTITUCIONAL', 120), [Place] = LEFT(N'ONLINE', 180), [StartDate] = '2026-07-16', [EndDate] = '2026-07-16', [EventObjective] = LEFT(N'Sensibilizar a la comunidad educativa sobre el Trastorno por Déficit de Atención e Hiperactividad (TDAH), promoviendo la comprensión, el respeto y la inclusión de las personas que presentan esta condición. A través de una cápsula educomunicacional, se busca brindar información clara y basada en evidencia, derribar mitos frecuentes y fomentar estrategias de apoyo que favorezcan su bienestar, desarrollo académico, social y emocional.', 4000), [EventFormatId] = @EventFormatId31, [EventFormat] = LEFT(N'INFOGRAFÍA: 13 de Julio | Día Internacional del TDAH', 80), [RequestDate] = '2026-06-22', [Status] = N'Draft', [StatusId] = @StatusId31, [UpdatedAt] = TODATETIMEOFFSET(CONVERT(datetime2, '2026-06-22 00:00:00'), '+00:00') WHERE [Code] = N'REQ-2026062031';
END
ELSE
BEGIN
  INSERT INTO [Requirements] ([Id],[Code],[ActivityOrEvent],[RequestedBy],[FacultyId],[Faculty],[Career],[CampusId],[Campus],[Place],[StartDate],[EndDate],[EventObjective],[EventFormatId],[EventFormat],[RequestDate],[Status],[StatusId],[CreatedAt],[UpdatedAt]) VALUES ('9238b33a-cbf6-34d9-39df-8aa363beb71d', N'REQ-2026062031', LEFT(N'VIDA SALUDABLE - PROBLEMAS MAS COMUNES POR EL USO EXCESIVO DE PANTALLAS', 240), LEFT(N'KARLA BAYAS', 120), @FacultyId31, LEFT(N'Bienestar Universitario', 160), LEFT(N'Área Específica', 160), @CampusId31, LEFT(N'INSTITUCIONAL', 120), LEFT(N'ONLINE', 180), '2026-07-16', '2026-07-16', LEFT(N'Sensibilizar a la comunidad educativa sobre el Trastorno por Déficit de Atención e Hiperactividad (TDAH), promoviendo la comprensión, el respeto y la inclusión de las personas que presentan esta condición. A través de una cápsula educomunicacional, se busca brindar información clara y basada en evidencia, derribar mitos frecuentes y fomentar estrategias de apoyo que favorezcan su bienestar, desarrollo académico, social y emocional.', 4000), @EventFormatId31, LEFT(N'INFOGRAFÍA: 13 de Julio | Día Internacional del TDAH', 80), '2026-06-22', N'Draft', @StatusId31, TODATETIMEOFFSET(CONVERT(datetime2, '2026-06-22 00:00:00'), '+00:00'), TODATETIMEOFFSET(CONVERT(datetime2, '2026-06-22 00:00:00'), '+00:00'));
  INSERT INTO [RequirementAuditEvents] ([Id],[RequirementId],[FromStatus],[ToStatus],[Action],[PerformedBy],[Comments],[OccurredAt]) VALUES (NEWID(), '9238b33a-cbf6-34d9-39df-8aa363beb71d', NULL, N'Draft', N'Carga inicial desde portapapeles', LEFT(N'KARLA BAYAS', 160), N'Registro importado desde tabla de requerimientos', SYSDATETIMEOFFSET());
END
-- REQ-2026062032
DECLARE @FacultyId32 uniqueidentifier = (SELECT TOP 1 [Id] FROM [CatalogReferences] WHERE [Type] = N'Faculty' AND [Code] = LEFT(N'Bienestar Universitario', 80));
IF @FacultyId32 IS NULL SET @FacultyId32 = (SELECT TOP 1 [Id] FROM [CatalogReferences] WHERE [Type] = N'Faculty' AND [Name] = LEFT(N'Bienestar Universitario', 180));
IF @FacultyId32 IS NULL BEGIN SET @FacultyId32 = '7fa60d1f-f713-b749-9665-d1e41de80e64'; INSERT INTO [CatalogReferences] ([Id],[Type],[Code],[Name],[IsActive],[CreatedAt]) VALUES (@FacultyId32, N'Faculty', LEFT(N'Bienestar Universitario', 80), LEFT(N'Bienestar Universitario', 180), 1, SYSDATETIMEOFFSET()); END
ELSE UPDATE [CatalogReferences] SET [Name] = LEFT(N'Bienestar Universitario', 180), [IsActive] = 1 WHERE [Id] = @FacultyId32;
DECLARE @CampusId32 uniqueidentifier = (SELECT TOP 1 [Id] FROM [CatalogReferences] WHERE [Type] = N'Campus' AND [Code] = LEFT(N'INSTITUCIONAL', 80));
IF @CampusId32 IS NULL SET @CampusId32 = (SELECT TOP 1 [Id] FROM [CatalogReferences] WHERE [Type] = N'Campus' AND [Name] = LEFT(N'INSTITUCIONAL', 180));
IF @CampusId32 IS NULL BEGIN SET @CampusId32 = 'af4e2147-0fac-ecc9-a956-9ed347f04fb4'; INSERT INTO [CatalogReferences] ([Id],[Type],[Code],[Name],[IsActive],[CreatedAt]) VALUES (@CampusId32, N'Campus', LEFT(N'INSTITUCIONAL', 80), LEFT(N'INSTITUCIONAL', 180), 1, SYSDATETIMEOFFSET()); END
ELSE UPDATE [CatalogReferences] SET [Name] = LEFT(N'INSTITUCIONAL', 180), [IsActive] = 1 WHERE [Id] = @CampusId32;
DECLARE @EventFormatId32 uniqueidentifier = (SELECT TOP 1 [Id] FROM [CatalogReferences] WHERE [Type] = N'FormatoEvento' AND [Code] = LEFT(N'INFOGRAFÍA: POLITICA DE INCLUSIÓN EDUCATVA PARA ESTUDIANTES CON NECESIDADES EDUCATIVAS ESPECÍFICAS ASOCIADAS Y NO ASOCIADAS A LA DISCAPACIDAD.', 80));
IF @EventFormatId32 IS NULL SET @EventFormatId32 = (SELECT TOP 1 [Id] FROM [CatalogReferences] WHERE [Type] = N'FormatoEvento' AND [Name] = LEFT(N'INFOGRAFÍA: POLITICA DE INCLUSIÓN EDUCATVA PARA ESTUDIANTES CON NECESIDADES EDUCATIVAS ESPECÍFICAS ASOCIADAS Y NO ASOCIADAS A LA DISCAPACIDAD.', 180));
IF @EventFormatId32 IS NULL BEGIN SET @EventFormatId32 = '56481eb8-969f-7d42-e32c-7f0bc015c9bd'; INSERT INTO [CatalogReferences] ([Id],[Type],[Code],[Name],[IsActive],[CreatedAt]) VALUES (@EventFormatId32, N'FormatoEvento', LEFT(N'INFOGRAFÍA: POLITICA DE INCLUSIÓN EDUCATVA PARA ESTUDIANTES CON NECESIDADES EDUCATIVAS ESPECÍFICAS ASOCIADAS Y NO ASOCIADAS A LA DISCAPACIDAD.', 80), LEFT(N'INFOGRAFÍA: POLITICA DE INCLUSIÓN EDUCATVA PARA ESTUDIANTES CON NECESIDADES EDUCATIVAS ESPECÍFICAS ASOCIADAS Y NO ASOCIADAS A LA DISCAPACIDAD.', 180), 1, SYSDATETIMEOFFSET()); END
ELSE UPDATE [CatalogReferences] SET [Name] = LEFT(N'INFOGRAFÍA: POLITICA DE INCLUSIÓN EDUCATVA PARA ESTUDIANTES CON NECESIDADES EDUCATIVAS ESPECÍFICAS ASOCIADAS Y NO ASOCIADAS A LA DISCAPACIDAD.', 180), [IsActive] = 1 WHERE [Id] = @EventFormatId32;
DECLARE @StatusId32 uniqueidentifier = (SELECT TOP 1 [Id] FROM [CatalogReferences] WHERE [Type] = N'EstadoRequerimiento' AND [Code] = LEFT(N'Draft', 80));
IF @StatusId32 IS NULL SET @StatusId32 = (SELECT TOP 1 [Id] FROM [CatalogReferences] WHERE [Type] = N'EstadoRequerimiento' AND [Name] = LEFT(N'Borrador', 180));
IF @StatusId32 IS NULL BEGIN SET @StatusId32 = '33333333-3333-3333-3333-333333333391'; INSERT INTO [CatalogReferences] ([Id],[Type],[Code],[Name],[IsActive],[CreatedAt]) VALUES (@StatusId32, N'EstadoRequerimiento', LEFT(N'Draft', 80), LEFT(N'Borrador', 180), 1, SYSDATETIMEOFFSET()); END
ELSE UPDATE [CatalogReferences] SET [Name] = LEFT(N'Borrador', 180), [IsActive] = 1 WHERE [Id] = @StatusId32;
IF EXISTS (SELECT 1 FROM [Requirements] WHERE [Code] = N'REQ-2026062032')
BEGIN
  UPDATE [Requirements] SET [ActivityOrEvent] = LEFT(N'Pausa para Reconectar: Espacio creativo para el bienestar y autocuidado', 240), [RequestedBy] = LEFT(N'KARLA BAYAS', 120), [FacultyId] = @FacultyId32, [Faculty] = LEFT(N'Bienestar Universitario', 160), [Career] = LEFT(N'Área Específica', 160), [CampusId] = @CampusId32, [Campus] = LEFT(N'INSTITUCIONAL', 120), [Place] = LEFT(N'ONLINE', 180), [StartDate] = '2026-07-02', [EndDate] = '2026-07-02', [EventObjective] = LEFT(N'Socializar la Política de Inclusión Educativa para estudiantes con Necesidades Educativas Específicas (NEE) asociadas y no asociadas a la discapacidad, con el fin de fortalecer el conocimiento y compromiso de la comunidad universitaria respecto a los principios, procedimientos, responsabilidades y mecanismos de acompañamiento establecidos por la institución, promoviendo una cultura de igualdad de oportunidades, accesibilidad, participación e inclusión que garantice el acceso, permanencia, movilidad y titulación de los estudiantes.', 4000), [EventFormatId] = @EventFormatId32, [EventFormat] = LEFT(N'INFOGRAFÍA: POLITICA DE INCLUSIÓN EDUCATVA PARA ESTUDIANTES CON NECESIDADES EDUCATIVAS ESPECÍFICAS ASOCIADAS Y NO ASOCIADAS A LA DISCAPACIDAD.', 80), [RequestDate] = '2026-06-22', [Status] = N'Draft', [StatusId] = @StatusId32, [UpdatedAt] = TODATETIMEOFFSET(CONVERT(datetime2, '2026-06-22 00:00:00'), '+00:00') WHERE [Code] = N'REQ-2026062032';
END
ELSE
BEGIN
  INSERT INTO [Requirements] ([Id],[Code],[ActivityOrEvent],[RequestedBy],[FacultyId],[Faculty],[Career],[CampusId],[Campus],[Place],[StartDate],[EndDate],[EventObjective],[EventFormatId],[EventFormat],[RequestDate],[Status],[StatusId],[CreatedAt],[UpdatedAt]) VALUES ('0f222881-a494-8072-53b6-e0600eee8598', N'REQ-2026062032', LEFT(N'Pausa para Reconectar: Espacio creativo para el bienestar y autocuidado', 240), LEFT(N'KARLA BAYAS', 120), @FacultyId32, LEFT(N'Bienestar Universitario', 160), LEFT(N'Área Específica', 160), @CampusId32, LEFT(N'INSTITUCIONAL', 120), LEFT(N'ONLINE', 180), '2026-07-02', '2026-07-02', LEFT(N'Socializar la Política de Inclusión Educativa para estudiantes con Necesidades Educativas Específicas (NEE) asociadas y no asociadas a la discapacidad, con el fin de fortalecer el conocimiento y compromiso de la comunidad universitaria respecto a los principios, procedimientos, responsabilidades y mecanismos de acompañamiento establecidos por la institución, promoviendo una cultura de igualdad de oportunidades, accesibilidad, participación e inclusión que garantice el acceso, permanencia, movilidad y titulación de los estudiantes.', 4000), @EventFormatId32, LEFT(N'INFOGRAFÍA: POLITICA DE INCLUSIÓN EDUCATVA PARA ESTUDIANTES CON NECESIDADES EDUCATIVAS ESPECÍFICAS ASOCIADAS Y NO ASOCIADAS A LA DISCAPACIDAD.', 80), '2026-06-22', N'Draft', @StatusId32, TODATETIMEOFFSET(CONVERT(datetime2, '2026-06-22 00:00:00'), '+00:00'), TODATETIMEOFFSET(CONVERT(datetime2, '2026-06-22 00:00:00'), '+00:00'));
  INSERT INTO [RequirementAuditEvents] ([Id],[RequirementId],[FromStatus],[ToStatus],[Action],[PerformedBy],[Comments],[OccurredAt]) VALUES (NEWID(), '0f222881-a494-8072-53b6-e0600eee8598', NULL, N'Draft', N'Carga inicial desde portapapeles', LEFT(N'KARLA BAYAS', 160), N'Registro importado desde tabla de requerimientos', SYSDATETIMEOFFSET());
END
-- REQ-2026062033
DECLARE @FacultyId33 uniqueidentifier = (SELECT TOP 1 [Id] FROM [CatalogReferences] WHERE [Type] = N'Faculty' AND [Code] = LEFT(N'Ciencias de la Salud y Bienestar Humano', 80));
IF @FacultyId33 IS NULL SET @FacultyId33 = (SELECT TOP 1 [Id] FROM [CatalogReferences] WHERE [Type] = N'Faculty' AND [Name] = LEFT(N'Ciencias de la Salud y Bienestar Humano', 180));
IF @FacultyId33 IS NULL BEGIN SET @FacultyId33 = 'bd5a4082-5b8e-48b2-2b57-d7bf11de1c3b'; INSERT INTO [CatalogReferences] ([Id],[Type],[Code],[Name],[IsActive],[CreatedAt]) VALUES (@FacultyId33, N'Faculty', LEFT(N'Ciencias de la Salud y Bienestar Humano', 80), LEFT(N'Ciencias de la Salud y Bienestar Humano', 180), 1, SYSDATETIMEOFFSET()); END
ELSE UPDATE [CatalogReferences] SET [Name] = LEFT(N'Ciencias de la Salud y Bienestar Humano', 180), [IsActive] = 1 WHERE [Id] = @FacultyId33;
DECLARE @CampusId33 uniqueidentifier = (SELECT TOP 1 [Id] FROM [CatalogReferences] WHERE [Type] = N'Campus' AND [Code] = LEFT(N'QUITO', 80));
IF @CampusId33 IS NULL SET @CampusId33 = (SELECT TOP 1 [Id] FROM [CatalogReferences] WHERE [Type] = N'Campus' AND [Name] = LEFT(N'QUITO', 180));
IF @CampusId33 IS NULL BEGIN SET @CampusId33 = '70c94f24-38e9-dfae-dcf0-625f647c3dd4'; INSERT INTO [CatalogReferences] ([Id],[Type],[Code],[Name],[IsActive],[CreatedAt]) VALUES (@CampusId33, N'Campus', LEFT(N'QUITO', 80), LEFT(N'QUITO', 180), 1, SYSDATETIMEOFFSET()); END
ELSE UPDATE [CatalogReferences] SET [Name] = LEFT(N'QUITO', 180), [IsActive] = 1 WHERE [Id] = @CampusId33;
DECLARE @EventFormatId33 uniqueidentifier = (SELECT TOP 1 [Id] FROM [CatalogReferences] WHERE [Type] = N'FormatoEvento' AND [Code] = LEFT(N'Se prevé realizar una feria de visibilización del proyecto y entrega de resultados finales.', 80));
IF @EventFormatId33 IS NULL SET @EventFormatId33 = (SELECT TOP 1 [Id] FROM [CatalogReferences] WHERE [Type] = N'FormatoEvento' AND [Name] = LEFT(N'Se prevé realizar una feria de visibilización del proyecto y entrega de resultados finales.', 180));
IF @EventFormatId33 IS NULL BEGIN SET @EventFormatId33 = '1b617ac4-8d92-f5d0-1f68-ba21f034c626'; INSERT INTO [CatalogReferences] ([Id],[Type],[Code],[Name],[IsActive],[CreatedAt]) VALUES (@EventFormatId33, N'FormatoEvento', LEFT(N'Se prevé realizar una feria de visibilización del proyecto y entrega de resultados finales.', 80), LEFT(N'Se prevé realizar una feria de visibilización del proyecto y entrega de resultados finales.', 180), 1, SYSDATETIMEOFFSET()); END
ELSE UPDATE [CatalogReferences] SET [Name] = LEFT(N'Se prevé realizar una feria de visibilización del proyecto y entrega de resultados finales.', 180), [IsActive] = 1 WHERE [Id] = @EventFormatId33;
DECLARE @StatusId33 uniqueidentifier = (SELECT TOP 1 [Id] FROM [CatalogReferences] WHERE [Type] = N'EstadoRequerimiento' AND [Code] = LEFT(N'Draft', 80));
IF @StatusId33 IS NULL SET @StatusId33 = (SELECT TOP 1 [Id] FROM [CatalogReferences] WHERE [Type] = N'EstadoRequerimiento' AND [Name] = LEFT(N'Borrador', 180));
IF @StatusId33 IS NULL BEGIN SET @StatusId33 = '33333333-3333-3333-3333-333333333391'; INSERT INTO [CatalogReferences] ([Id],[Type],[Code],[Name],[IsActive],[CreatedAt]) VALUES (@StatusId33, N'EstadoRequerimiento', LEFT(N'Draft', 80), LEFT(N'Borrador', 180), 1, SYSDATETIMEOFFSET()); END
ELSE UPDATE [CatalogReferences] SET [Name] = LEFT(N'Borrador', 180), [IsActive] = 1 WHERE [Id] = @StatusId33;
IF EXISTS (SELECT 1 FROM [Requirements] WHERE [Code] = N'REQ-2026062033')
BEGIN
  UPDATE [Requirements] SET [ActivityOrEvent] = LEFT(N'Cápsula educomunicacional digital: "13 de Julio | Día Internacional del TDAH"', 240), [RequestedBy] = LEFT(N'KARLA BAYAS', 120), [FacultyId] = @FacultyId33, [Faculty] = LEFT(N'Ciencias de la Salud y Bienestar Humano', 160), [Career] = LEFT(N'Medicina', 160), [CampusId] = @CampusId33, [Campus] = LEFT(N'QUITO', 120), [Place] = LEFT(N'Hospital de Atención Integral del Adulto Mayor', 180), [StartDate] = '2026-07-28', [EndDate] = '2026-07-28', [EventObjective] = LEFT(N'OBJETIVOS
Objetivo General
Realizar una Feria de Cierre del Proyecto Dulce Compañía centrada en primeros auxilios para adultos mayores y detección temprana de ECNT, con impacto clínico directo (tamizaje en vivo) y capacidad de duplicar la convocatoria previa mediante estrategias de difusión barrial, digital e institucional.
Objetivos Específicos
1.
Capacitar a los participantes en el reconocimiento y respuesta inmediata ante las 5 emergencias más frecuentes en adultos mayores: caídas, atragantamiento, crisis hipertensiva, hipoglucemia y paro cardiorrespiratorio.
2.
Realizar tamizaje en vivo de la presión arterial y de la glicemia capilar a todos los asistentes, entregando tarjeta individual de resultados con instrucciones de seguimiento.
3.
Sensibilizar sobre signos de alarma de HTA, DM2, dislipidemia e hipotiroidismo mediante dinámicas gamificadas (bingo, lotería, trivia, ruleta de riesgos).
4.
Ampliar la convocatoria a 80–100 participantes mediante difusión coordinada hospital–UTI desde 3 semanas antes.
5.
Garantizar la cobertura multimedia simultánea desde la Universidad y el hospital, corrigiendo la brecha de difusión académica identificada en el evento anterior.
6.
Sistematizar los datos del tamizaje y las encuestas pre/post como evidencia de impacto para informe publicable o póster científico.', 4000), [EventFormatId] = @EventFormatId33, [EventFormat] = LEFT(N'Se prevé realizar una feria de visibilización del proyecto y entrega de resultados finales.', 80), [RequestDate] = '2026-06-22', [Status] = N'Draft', [StatusId] = @StatusId33, [UpdatedAt] = TODATETIMEOFFSET(CONVERT(datetime2, '2026-06-22 00:00:00'), '+00:00') WHERE [Code] = N'REQ-2026062033';
END
ELSE
BEGIN
  INSERT INTO [Requirements] ([Id],[Code],[ActivityOrEvent],[RequestedBy],[FacultyId],[Faculty],[Career],[CampusId],[Campus],[Place],[StartDate],[EndDate],[EventObjective],[EventFormatId],[EventFormat],[RequestDate],[Status],[StatusId],[CreatedAt],[UpdatedAt]) VALUES ('c063fc00-a1dc-9b56-c178-c5dd9cfed846', N'REQ-2026062033', LEFT(N'Cápsula educomunicacional digital: "13 de Julio | Día Internacional del TDAH"', 240), LEFT(N'KARLA BAYAS', 120), @FacultyId33, LEFT(N'Ciencias de la Salud y Bienestar Humano', 160), LEFT(N'Medicina', 160), @CampusId33, LEFT(N'QUITO', 120), LEFT(N'Hospital de Atención Integral del Adulto Mayor', 180), '2026-07-28', '2026-07-28', LEFT(N'OBJETIVOS
Objetivo General
Realizar una Feria de Cierre del Proyecto Dulce Compañía centrada en primeros auxilios para adultos mayores y detección temprana de ECNT, con impacto clínico directo (tamizaje en vivo) y capacidad de duplicar la convocatoria previa mediante estrategias de difusión barrial, digital e institucional.
Objetivos Específicos
1.
Capacitar a los participantes en el reconocimiento y respuesta inmediata ante las 5 emergencias más frecuentes en adultos mayores: caídas, atragantamiento, crisis hipertensiva, hipoglucemia y paro cardiorrespiratorio.
2.
Realizar tamizaje en vivo de la presión arterial y de la glicemia capilar a todos los asistentes, entregando tarjeta individual de resultados con instrucciones de seguimiento.
3.
Sensibilizar sobre signos de alarma de HTA, DM2, dislipidemia e hipotiroidismo mediante dinámicas gamificadas (bingo, lotería, trivia, ruleta de riesgos).
4.
Ampliar la convocatoria a 80–100 participantes mediante difusión coordinada hospital–UTI desde 3 semanas antes.
5.
Garantizar la cobertura multimedia simultánea desde la Universidad y el hospital, corrigiendo la brecha de difusión académica identificada en el evento anterior.
6.
Sistematizar los datos del tamizaje y las encuestas pre/post como evidencia de impacto para informe publicable o póster científico.', 4000), @EventFormatId33, LEFT(N'Se prevé realizar una feria de visibilización del proyecto y entrega de resultados finales.', 80), '2026-06-22', N'Draft', @StatusId33, TODATETIMEOFFSET(CONVERT(datetime2, '2026-06-22 00:00:00'), '+00:00'), TODATETIMEOFFSET(CONVERT(datetime2, '2026-06-22 00:00:00'), '+00:00'));
  INSERT INTO [RequirementAuditEvents] ([Id],[RequirementId],[FromStatus],[ToStatus],[Action],[PerformedBy],[Comments],[OccurredAt]) VALUES (NEWID(), 'c063fc00-a1dc-9b56-c178-c5dd9cfed846', NULL, N'Draft', N'Carga inicial desde portapapeles', LEFT(N'KARLA BAYAS', 160), N'Registro importado desde tabla de requerimientos', SYSDATETIMEOFFSET());
END
-- REQ-2026062034
DECLARE @FacultyId34 uniqueidentifier = (SELECT TOP 1 [Id] FROM [CatalogReferences] WHERE [Type] = N'Faculty' AND [Code] = LEFT(N'Investigación', 80));
IF @FacultyId34 IS NULL SET @FacultyId34 = (SELECT TOP 1 [Id] FROM [CatalogReferences] WHERE [Type] = N'Faculty' AND [Name] = LEFT(N'Investigación', 180));
IF @FacultyId34 IS NULL BEGIN SET @FacultyId34 = '0fd05615-c362-45c2-6bbc-be88b23eca13'; INSERT INTO [CatalogReferences] ([Id],[Type],[Code],[Name],[IsActive],[CreatedAt]) VALUES (@FacultyId34, N'Faculty', LEFT(N'Investigación', 80), LEFT(N'Investigación', 180), 1, SYSDATETIMEOFFSET()); END
ELSE UPDATE [CatalogReferences] SET [Name] = LEFT(N'Investigación', 180), [IsActive] = 1 WHERE [Id] = @FacultyId34;
DECLARE @CampusId34 uniqueidentifier = (SELECT TOP 1 [Id] FROM [CatalogReferences] WHERE [Type] = N'Campus' AND [Code] = LEFT(N'QUITO', 80));
IF @CampusId34 IS NULL SET @CampusId34 = (SELECT TOP 1 [Id] FROM [CatalogReferences] WHERE [Type] = N'Campus' AND [Name] = LEFT(N'QUITO', 180));
IF @CampusId34 IS NULL BEGIN SET @CampusId34 = '70c94f24-38e9-dfae-dcf0-625f647c3dd4'; INSERT INTO [CatalogReferences] ([Id],[Type],[Code],[Name],[IsActive],[CreatedAt]) VALUES (@CampusId34, N'Campus', LEFT(N'QUITO', 80), LEFT(N'QUITO', 180), 1, SYSDATETIMEOFFSET()); END
ELSE UPDATE [CatalogReferences] SET [Name] = LEFT(N'QUITO', 180), [IsActive] = 1 WHERE [Id] = @CampusId34;
DECLARE @EventFormatId34 uniqueidentifier = (SELECT TOP 1 [Id] FROM [CatalogReferences] WHERE [Type] = N'FormatoEvento' AND [Code] = LEFT(N'ARTES PARA REDES SOCIALES', 80));
IF @EventFormatId34 IS NULL SET @EventFormatId34 = (SELECT TOP 1 [Id] FROM [CatalogReferences] WHERE [Type] = N'FormatoEvento' AND [Name] = LEFT(N'ARTES PARA REDES SOCIALES', 180));
IF @EventFormatId34 IS NULL BEGIN SET @EventFormatId34 = 'aca0adb7-f6ce-e242-498b-fd615094cdf5'; INSERT INTO [CatalogReferences] ([Id],[Type],[Code],[Name],[IsActive],[CreatedAt]) VALUES (@EventFormatId34, N'FormatoEvento', LEFT(N'ARTES PARA REDES SOCIALES', 80), LEFT(N'ARTES PARA REDES SOCIALES', 180), 1, SYSDATETIMEOFFSET()); END
ELSE UPDATE [CatalogReferences] SET [Name] = LEFT(N'ARTES PARA REDES SOCIALES', 180), [IsActive] = 1 WHERE [Id] = @EventFormatId34;
DECLARE @StatusId34 uniqueidentifier = (SELECT TOP 1 [Id] FROM [CatalogReferences] WHERE [Type] = N'EstadoRequerimiento' AND [Code] = LEFT(N'Draft', 80));
IF @StatusId34 IS NULL SET @StatusId34 = (SELECT TOP 1 [Id] FROM [CatalogReferences] WHERE [Type] = N'EstadoRequerimiento' AND [Name] = LEFT(N'Borrador', 180));
IF @StatusId34 IS NULL BEGIN SET @StatusId34 = '33333333-3333-3333-3333-333333333391'; INSERT INTO [CatalogReferences] ([Id],[Type],[Code],[Name],[IsActive],[CreatedAt]) VALUES (@StatusId34, N'EstadoRequerimiento', LEFT(N'Draft', 80), LEFT(N'Borrador', 180), 1, SYSDATETIMEOFFSET()); END
ELSE UPDATE [CatalogReferences] SET [Name] = LEFT(N'Borrador', 180), [IsActive] = 1 WHERE [Id] = @StatusId34;
IF EXISTS (SELECT 1 FROM [Requirements] WHERE [Code] = N'REQ-2026062034')
BEGIN
  UPDATE [Requirements] SET [ActivityOrEvent] = LEFT(N'Cápsula educomunicacional digital: "POLITICA DE INCLUSIÓN EDUCATVA PARA ESTUDIANTES CON NECESIDADES EDUCATIVAS ESPECÍFICAS ASOCIADAS Y NO ASOCIADAS A LA DISCAPACIDAD"', 240), [RequestedBy] = LEFT(N'KARLA BAYAS', 120), [FacultyId] = @FacultyId34, [Faculty] = LEFT(N'Investigación', 160), [Career] = LEFT(N'Área Específica', 160), [CampusId] = @CampusId34, [Campus] = LEFT(N'QUITO', 120), [Place] = LEFT(N'QUITO', 180), [StartDate] = '2026-07-15', [EndDate] = '2026-07-16', [EventObjective] = LEFT(N'DISEÑO DE ARTES SCOPUS (PUBLICADOS ENTRE ABRIL-JUNIO 2026)', 4000), [EventFormatId] = @EventFormatId34, [EventFormat] = LEFT(N'ARTES PARA REDES SOCIALES', 80), [RequestDate] = '2026-06-22', [Status] = N'Draft', [StatusId] = @StatusId34, [UpdatedAt] = TODATETIMEOFFSET(CONVERT(datetime2, '2026-06-22 00:00:00'), '+00:00') WHERE [Code] = N'REQ-2026062034';
END
ELSE
BEGIN
  INSERT INTO [Requirements] ([Id],[Code],[ActivityOrEvent],[RequestedBy],[FacultyId],[Faculty],[Career],[CampusId],[Campus],[Place],[StartDate],[EndDate],[EventObjective],[EventFormatId],[EventFormat],[RequestDate],[Status],[StatusId],[CreatedAt],[UpdatedAt]) VALUES ('47eef671-6d65-e571-5c66-29be5f1e9ad3', N'REQ-2026062034', LEFT(N'Cápsula educomunicacional digital: "POLITICA DE INCLUSIÓN EDUCATVA PARA ESTUDIANTES CON NECESIDADES EDUCATIVAS ESPECÍFICAS ASOCIADAS Y NO ASOCIADAS A LA DISCAPACIDAD"', 240), LEFT(N'KARLA BAYAS', 120), @FacultyId34, LEFT(N'Investigación', 160), LEFT(N'Área Específica', 160), @CampusId34, LEFT(N'QUITO', 120), LEFT(N'QUITO', 180), '2026-07-15', '2026-07-16', LEFT(N'DISEÑO DE ARTES SCOPUS (PUBLICADOS ENTRE ABRIL-JUNIO 2026)', 4000), @EventFormatId34, LEFT(N'ARTES PARA REDES SOCIALES', 80), '2026-06-22', N'Draft', @StatusId34, TODATETIMEOFFSET(CONVERT(datetime2, '2026-06-22 00:00:00'), '+00:00'), TODATETIMEOFFSET(CONVERT(datetime2, '2026-06-22 00:00:00'), '+00:00'));
  INSERT INTO [RequirementAuditEvents] ([Id],[RequirementId],[FromStatus],[ToStatus],[Action],[PerformedBy],[Comments],[OccurredAt]) VALUES (NEWID(), '47eef671-6d65-e571-5c66-29be5f1e9ad3', NULL, N'Draft', N'Carga inicial desde portapapeles', LEFT(N'KARLA BAYAS', 160), N'Registro importado desde tabla de requerimientos', SYSDATETIMEOFFSET());
END
-- REQ-2026062035
DECLARE @FacultyId35 uniqueidentifier = (SELECT TOP 1 [Id] FROM [CatalogReferences] WHERE [Type] = N'Faculty' AND [Code] = LEFT(N'Ciencias Económicas, Administrativas y Negocios', 80));
IF @FacultyId35 IS NULL SET @FacultyId35 = (SELECT TOP 1 [Id] FROM [CatalogReferences] WHERE [Type] = N'Faculty' AND [Name] = LEFT(N'Ciencias Económicas, Administrativas y Negocios', 180));
IF @FacultyId35 IS NULL BEGIN SET @FacultyId35 = '40d4cfd9-eedb-5e82-d542-eea5230d4f10'; INSERT INTO [CatalogReferences] ([Id],[Type],[Code],[Name],[IsActive],[CreatedAt]) VALUES (@FacultyId35, N'Faculty', LEFT(N'Ciencias Económicas, Administrativas y Negocios', 80), LEFT(N'Ciencias Económicas, Administrativas y Negocios', 180), 1, SYSDATETIMEOFFSET()); END
ELSE UPDATE [CatalogReferences] SET [Name] = LEFT(N'Ciencias Económicas, Administrativas y Negocios', 180), [IsActive] = 1 WHERE [Id] = @FacultyId35;
DECLARE @CampusId35 uniqueidentifier = (SELECT TOP 1 [Id] FROM [CatalogReferences] WHERE [Type] = N'Campus' AND [Code] = LEFT(N'QUITO', 80));
IF @CampusId35 IS NULL SET @CampusId35 = (SELECT TOP 1 [Id] FROM [CatalogReferences] WHERE [Type] = N'Campus' AND [Name] = LEFT(N'QUITO', 180));
IF @CampusId35 IS NULL BEGIN SET @CampusId35 = '70c94f24-38e9-dfae-dcf0-625f647c3dd4'; INSERT INTO [CatalogReferences] ([Id],[Type],[Code],[Name],[IsActive],[CreatedAt]) VALUES (@CampusId35, N'Campus', LEFT(N'QUITO', 80), LEFT(N'QUITO', 180), 1, SYSDATETIMEOFFSET()); END
ELSE UPDATE [CatalogReferences] SET [Name] = LEFT(N'QUITO', 180), [IsActive] = 1 WHERE [Id] = @CampusId35;
DECLARE @EventFormatId35 uniqueidentifier = (SELECT TOP 1 [Id] FROM [CatalogReferences] WHERE [Type] = N'FormatoEvento' AND [Code] = LEFT(N'CHARLA - TALLLER
GRADUADOS DE LA FACEAN (CARRERAS DE MARKETING DIGITAL Y ADMINISTRACIÓN DE EMPRESAS)
SE REQUIERE ELABORACIÓN DEL ARTE PARA CONVOCATORIA', 80));
IF @EventFormatId35 IS NULL SET @EventFormatId35 = (SELECT TOP 1 [Id] FROM [CatalogReferences] WHERE [Type] = N'FormatoEvento' AND [Name] = LEFT(N'CHARLA - TALLLER
GRADUADOS DE LA FACEAN (CARRERAS DE MARKETING DIGITAL Y ADMINISTRACIÓN DE EMPRESAS)
SE REQUIERE ELABORACIÓN DEL ARTE PARA CONVOCATORIA', 180));
IF @EventFormatId35 IS NULL BEGIN SET @EventFormatId35 = 'c19f4fd8-e41c-e28c-7d64-72a2f0892441'; INSERT INTO [CatalogReferences] ([Id],[Type],[Code],[Name],[IsActive],[CreatedAt]) VALUES (@EventFormatId35, N'FormatoEvento', LEFT(N'CHARLA - TALLLER
GRADUADOS DE LA FACEAN (CARRERAS DE MARKETING DIGITAL Y ADMINISTRACIÓN DE EMPRESAS)
SE REQUIERE ELABORACIÓN DEL ARTE PARA CONVOCATORIA', 80), LEFT(N'CHARLA - TALLLER
GRADUADOS DE LA FACEAN (CARRERAS DE MARKETING DIGITAL Y ADMINISTRACIÓN DE EMPRESAS)
SE REQUIERE ELABORACIÓN DEL ARTE PARA CONVOCATORIA', 180), 1, SYSDATETIMEOFFSET()); END
ELSE UPDATE [CatalogReferences] SET [Name] = LEFT(N'CHARLA - TALLLER
GRADUADOS DE LA FACEAN (CARRERAS DE MARKETING DIGITAL Y ADMINISTRACIÓN DE EMPRESAS)
SE REQUIERE ELABORACIÓN DEL ARTE PARA CONVOCATORIA', 180), [IsActive] = 1 WHERE [Id] = @EventFormatId35;
DECLARE @StatusId35 uniqueidentifier = (SELECT TOP 1 [Id] FROM [CatalogReferences] WHERE [Type] = N'EstadoRequerimiento' AND [Code] = LEFT(N'Draft', 80));
IF @StatusId35 IS NULL SET @StatusId35 = (SELECT TOP 1 [Id] FROM [CatalogReferences] WHERE [Type] = N'EstadoRequerimiento' AND [Name] = LEFT(N'Borrador', 180));
IF @StatusId35 IS NULL BEGIN SET @StatusId35 = '33333333-3333-3333-3333-333333333391'; INSERT INTO [CatalogReferences] ([Id],[Type],[Code],[Name],[IsActive],[CreatedAt]) VALUES (@StatusId35, N'EstadoRequerimiento', LEFT(N'Draft', 80), LEFT(N'Borrador', 180), 1, SYSDATETIMEOFFSET()); END
ELSE UPDATE [CatalogReferences] SET [Name] = LEFT(N'Borrador', 180), [IsActive] = 1 WHERE [Id] = @StatusId35;
IF EXISTS (SELECT 1 FROM [Requirements] WHERE [Code] = N'REQ-2026062035')
BEGIN
  UPDATE [Requirements] SET [ActivityOrEvent] = LEFT(N'Feria de Difusión de Resultados "dulce Compañía"', 240), [RequestedBy] = LEFT(N'Hugo Guerrero', 120), [FacultyId] = @FacultyId35, [Faculty] = LEFT(N'Ciencias Económicas, Administrativas y Negocios', 160), [Career] = LEFT(N'Administración de Empresas', 160), [CampusId] = @CampusId35, [Campus] = LEFT(N'QUITO', 120), [Place] = LEFT(N'AUDITORIO EUGENIO ESPEJO', 180), [StartDate] = '2026-08-01', [EndDate] = '2026-08-01', [EventObjective] = LEFT(N'Este evento está diseñado como un espacio de reconexión estratégica donde los graduados de Marketing Digital y Administración de empresas. El desarrollo del encuentro se centrará en transformar las métricas frías en historias de éxito, mediante ponencias magistrales sobre el engagement real', 4000), [EventFormatId] = @EventFormatId35, [EventFormat] = LEFT(N'CHARLA - TALLLER
GRADUADOS DE LA FACEAN (CARRERAS DE MARKETING DIGITAL Y ADMINISTRACIÓN DE EMPRESAS)
SE REQUIERE ELABORACIÓN DEL ARTE PARA CONVOCATORIA', 80), [RequestDate] = '2026-06-22', [Status] = N'Draft', [StatusId] = @StatusId35, [UpdatedAt] = TODATETIMEOFFSET(CONVERT(datetime2, '2026-06-22 00:00:00'), '+00:00') WHERE [Code] = N'REQ-2026062035';
END
ELSE
BEGIN
  INSERT INTO [Requirements] ([Id],[Code],[ActivityOrEvent],[RequestedBy],[FacultyId],[Faculty],[Career],[CampusId],[Campus],[Place],[StartDate],[EndDate],[EventObjective],[EventFormatId],[EventFormat],[RequestDate],[Status],[StatusId],[CreatedAt],[UpdatedAt]) VALUES ('8568a8d9-92e4-b0c5-40b0-7ff05fa19162', N'REQ-2026062035', LEFT(N'Feria de Difusión de Resultados "dulce Compañía"', 240), LEFT(N'Hugo Guerrero', 120), @FacultyId35, LEFT(N'Ciencias Económicas, Administrativas y Negocios', 160), LEFT(N'Administración de Empresas', 160), @CampusId35, LEFT(N'QUITO', 120), LEFT(N'AUDITORIO EUGENIO ESPEJO', 180), '2026-08-01', '2026-08-01', LEFT(N'Este evento está diseñado como un espacio de reconexión estratégica donde los graduados de Marketing Digital y Administración de empresas. El desarrollo del encuentro se centrará en transformar las métricas frías en historias de éxito, mediante ponencias magistrales sobre el engagement real', 4000), @EventFormatId35, LEFT(N'CHARLA - TALLLER
GRADUADOS DE LA FACEAN (CARRERAS DE MARKETING DIGITAL Y ADMINISTRACIÓN DE EMPRESAS)
SE REQUIERE ELABORACIÓN DEL ARTE PARA CONVOCATORIA', 80), '2026-06-22', N'Draft', @StatusId35, TODATETIMEOFFSET(CONVERT(datetime2, '2026-06-22 00:00:00'), '+00:00'), TODATETIMEOFFSET(CONVERT(datetime2, '2026-06-22 00:00:00'), '+00:00'));
  INSERT INTO [RequirementAuditEvents] ([Id],[RequirementId],[FromStatus],[ToStatus],[Action],[PerformedBy],[Comments],[OccurredAt]) VALUES (NEWID(), '8568a8d9-92e4-b0c5-40b0-7ff05fa19162', NULL, N'Draft', N'Carga inicial desde portapapeles', LEFT(N'Hugo Guerrero', 160), N'Registro importado desde tabla de requerimientos', SYSDATETIMEOFFSET());
END
-- REQ-2026062036
DECLARE @FacultyId36 uniqueidentifier = (SELECT TOP 1 [Id] FROM [CatalogReferences] WHERE [Type] = N'Faculty' AND [Code] = LEFT(N'Internacionalización', 80));
IF @FacultyId36 IS NULL SET @FacultyId36 = (SELECT TOP 1 [Id] FROM [CatalogReferences] WHERE [Type] = N'Faculty' AND [Name] = LEFT(N'Internacionalización', 180));
IF @FacultyId36 IS NULL BEGIN SET @FacultyId36 = 'c4e60f83-b9b4-2149-16ca-6b58da9fb6f4'; INSERT INTO [CatalogReferences] ([Id],[Type],[Code],[Name],[IsActive],[CreatedAt]) VALUES (@FacultyId36, N'Faculty', LEFT(N'Internacionalización', 80), LEFT(N'Internacionalización', 180), 1, SYSDATETIMEOFFSET()); END
ELSE UPDATE [CatalogReferences] SET [Name] = LEFT(N'Internacionalización', 180), [IsActive] = 1 WHERE [Id] = @FacultyId36;
DECLARE @CampusId36 uniqueidentifier = (SELECT TOP 1 [Id] FROM [CatalogReferences] WHERE [Type] = N'Campus' AND [Code] = LEFT(N'AMBATO', 80));
IF @CampusId36 IS NULL SET @CampusId36 = (SELECT TOP 1 [Id] FROM [CatalogReferences] WHERE [Type] = N'Campus' AND [Name] = LEFT(N'AMBATO', 180));
IF @CampusId36 IS NULL BEGIN SET @CampusId36 = '43316cdf-7ce3-5d1d-66c2-e9bba66ed5ff'; INSERT INTO [CatalogReferences] ([Id],[Type],[Code],[Name],[IsActive],[CreatedAt]) VALUES (@CampusId36, N'Campus', LEFT(N'AMBATO', 80), LEFT(N'AMBATO', 180), 1, SYSDATETIMEOFFSET()); END
ELSE UPDATE [CatalogReferences] SET [Name] = LEFT(N'AMBATO', 180), [IsActive] = 1 WHERE [Id] = @CampusId36;
DECLARE @EventFormatId36 uniqueidentifier = (SELECT TOP 1 [Id] FROM [CatalogReferences] WHERE [Type] = N'FormatoEvento' AND [Code] = LEFT(N'Son talleres y conferencias a realizarse durante las fechas indicadas.', 80));
IF @EventFormatId36 IS NULL SET @EventFormatId36 = (SELECT TOP 1 [Id] FROM [CatalogReferences] WHERE [Type] = N'FormatoEvento' AND [Name] = LEFT(N'Son talleres y conferencias a realizarse durante las fechas indicadas.', 180));
IF @EventFormatId36 IS NULL BEGIN SET @EventFormatId36 = '1a6b82bf-18e3-88c5-7976-ebdc2f9992d0'; INSERT INTO [CatalogReferences] ([Id],[Type],[Code],[Name],[IsActive],[CreatedAt]) VALUES (@EventFormatId36, N'FormatoEvento', LEFT(N'Son talleres y conferencias a realizarse durante las fechas indicadas.', 80), LEFT(N'Son talleres y conferencias a realizarse durante las fechas indicadas.', 180), 1, SYSDATETIMEOFFSET()); END
ELSE UPDATE [CatalogReferences] SET [Name] = LEFT(N'Son talleres y conferencias a realizarse durante las fechas indicadas.', 180), [IsActive] = 1 WHERE [Id] = @EventFormatId36;
DECLARE @StatusId36 uniqueidentifier = (SELECT TOP 1 [Id] FROM [CatalogReferences] WHERE [Type] = N'EstadoRequerimiento' AND [Code] = LEFT(N'Draft', 80));
IF @StatusId36 IS NULL SET @StatusId36 = (SELECT TOP 1 [Id] FROM [CatalogReferences] WHERE [Type] = N'EstadoRequerimiento' AND [Name] = LEFT(N'Borrador', 180));
IF @StatusId36 IS NULL BEGIN SET @StatusId36 = '33333333-3333-3333-3333-333333333391'; INSERT INTO [CatalogReferences] ([Id],[Type],[Code],[Name],[IsActive],[CreatedAt]) VALUES (@StatusId36, N'EstadoRequerimiento', LEFT(N'Draft', 80), LEFT(N'Borrador', 180), 1, SYSDATETIMEOFFSET()); END
ELSE UPDATE [CatalogReferences] SET [Name] = LEFT(N'Borrador', 180), [IsActive] = 1 WHERE [Id] = @StatusId36;
IF EXISTS (SELECT 1 FROM [Requirements] WHERE [Code] = N'REQ-2026062036')
BEGIN
  UPDATE [Requirements] SET [ActivityOrEvent] = LEFT(N'SCOPUS 2DA DIFUSIÓN 2026', 240), [RequestedBy] = LEFT(N'ANAÍS MADRID', 120), [FacultyId] = @FacultyId36, [Faculty] = LEFT(N'Internacionalización', 160), [Career] = LEFT(N'Pedagogía de los idiomas nacionales y extranjeros', 160), [CampusId] = @CampusId36, [Campus] = LEFT(N'AMBATO', 120), [Place] = LEFT(N'Campus Simón Bolívar', 180), [StartDate] = '2026-07-01', [EndDate] = '2026-07-03', [EventObjective] = LEFT(N'Esta actividad tiene como objetivo promover el intercambio académico entre los profesores del área de inglés de la universidad con los docentes de Brigham Young University. Se invitará a la colectividad para que participen de este intercambio.', 4000), [EventFormatId] = @EventFormatId36, [EventFormat] = LEFT(N'Son talleres y conferencias a realizarse durante las fechas indicadas.', 80), [RequestDate] = '2026-06-22', [Status] = N'Draft', [StatusId] = @StatusId36, [UpdatedAt] = TODATETIMEOFFSET(CONVERT(datetime2, '2026-06-22 00:00:00'), '+00:00') WHERE [Code] = N'REQ-2026062036';
END
ELSE
BEGIN
  INSERT INTO [Requirements] ([Id],[Code],[ActivityOrEvent],[RequestedBy],[FacultyId],[Faculty],[Career],[CampusId],[Campus],[Place],[StartDate],[EndDate],[EventObjective],[EventFormatId],[EventFormat],[RequestDate],[Status],[StatusId],[CreatedAt],[UpdatedAt]) VALUES ('1f760e92-1333-9b8d-8e1c-705d5530fb25', N'REQ-2026062036', LEFT(N'SCOPUS 2DA DIFUSIÓN 2026', 240), LEFT(N'ANAÍS MADRID', 120), @FacultyId36, LEFT(N'Internacionalización', 160), LEFT(N'Pedagogía de los idiomas nacionales y extranjeros', 160), @CampusId36, LEFT(N'AMBATO', 120), LEFT(N'Campus Simón Bolívar', 180), '2026-07-01', '2026-07-03', LEFT(N'Esta actividad tiene como objetivo promover el intercambio académico entre los profesores del área de inglés de la universidad con los docentes de Brigham Young University. Se invitará a la colectividad para que participen de este intercambio.', 4000), @EventFormatId36, LEFT(N'Son talleres y conferencias a realizarse durante las fechas indicadas.', 80), '2026-06-22', N'Draft', @StatusId36, TODATETIMEOFFSET(CONVERT(datetime2, '2026-06-22 00:00:00'), '+00:00'), TODATETIMEOFFSET(CONVERT(datetime2, '2026-06-22 00:00:00'), '+00:00'));
  INSERT INTO [RequirementAuditEvents] ([Id],[RequirementId],[FromStatus],[ToStatus],[Action],[PerformedBy],[Comments],[OccurredAt]) VALUES (NEWID(), '1f760e92-1333-9b8d-8e1c-705d5530fb25', NULL, N'Draft', N'Carga inicial desde portapapeles', LEFT(N'ANAÍS MADRID', 160), N'Registro importado desde tabla de requerimientos', SYSDATETIMEOFFSET());
END
-- REQ-2026062037
DECLARE @FacultyId37 uniqueidentifier = (SELECT TOP 1 [Id] FROM [CatalogReferences] WHERE [Type] = N'Faculty' AND [Code] = LEFT(N'Rectorado', 80));
IF @FacultyId37 IS NULL SET @FacultyId37 = (SELECT TOP 1 [Id] FROM [CatalogReferences] WHERE [Type] = N'Faculty' AND [Name] = LEFT(N'Rectorado', 180));
IF @FacultyId37 IS NULL BEGIN SET @FacultyId37 = 'd807aca6-2962-2415-1d34-7a92b7039055'; INSERT INTO [CatalogReferences] ([Id],[Type],[Code],[Name],[IsActive],[CreatedAt]) VALUES (@FacultyId37, N'Faculty', LEFT(N'Rectorado', 80), LEFT(N'Rectorado', 180), 1, SYSDATETIMEOFFSET()); END
ELSE UPDATE [CatalogReferences] SET [Name] = LEFT(N'Rectorado', 180), [IsActive] = 1 WHERE [Id] = @FacultyId37;
DECLARE @CampusId37 uniqueidentifier = (SELECT TOP 1 [Id] FROM [CatalogReferences] WHERE [Type] = N'Campus' AND [Code] = LEFT(N'AMBATO', 80));
IF @CampusId37 IS NULL SET @CampusId37 = (SELECT TOP 1 [Id] FROM [CatalogReferences] WHERE [Type] = N'Campus' AND [Name] = LEFT(N'AMBATO', 180));
IF @CampusId37 IS NULL BEGIN SET @CampusId37 = '43316cdf-7ce3-5d1d-66c2-e9bba66ed5ff'; INSERT INTO [CatalogReferences] ([Id],[Type],[Code],[Name],[IsActive],[CreatedAt]) VALUES (@CampusId37, N'Campus', LEFT(N'AMBATO', 80), LEFT(N'AMBATO', 180), 1, SYSDATETIMEOFFSET()); END
ELSE UPDATE [CatalogReferences] SET [Name] = LEFT(N'AMBATO', 180), [IsActive] = 1 WHERE [Id] = @CampusId37;
DECLARE @EventFormatId37 uniqueidentifier = (SELECT TOP 1 [Id] FROM [CatalogReferences] WHERE [Type] = N'FormatoEvento' AND [Code] = LEFT(N'Arte informativo - comunicación interna', 80));
IF @EventFormatId37 IS NULL SET @EventFormatId37 = (SELECT TOP 1 [Id] FROM [CatalogReferences] WHERE [Type] = N'FormatoEvento' AND [Name] = LEFT(N'Arte informativo - comunicación interna', 180));
IF @EventFormatId37 IS NULL BEGIN SET @EventFormatId37 = '2be2e006-c379-14e7-96d1-ea0555df0306'; INSERT INTO [CatalogReferences] ([Id],[Type],[Code],[Name],[IsActive],[CreatedAt]) VALUES (@EventFormatId37, N'FormatoEvento', LEFT(N'Arte informativo - comunicación interna', 80), LEFT(N'Arte informativo - comunicación interna', 180), 1, SYSDATETIMEOFFSET()); END
ELSE UPDATE [CatalogReferences] SET [Name] = LEFT(N'Arte informativo - comunicación interna', 180), [IsActive] = 1 WHERE [Id] = @EventFormatId37;
DECLARE @StatusId37 uniqueidentifier = (SELECT TOP 1 [Id] FROM [CatalogReferences] WHERE [Type] = N'EstadoRequerimiento' AND [Code] = LEFT(N'Draft', 80));
IF @StatusId37 IS NULL SET @StatusId37 = (SELECT TOP 1 [Id] FROM [CatalogReferences] WHERE [Type] = N'EstadoRequerimiento' AND [Name] = LEFT(N'Borrador', 180));
IF @StatusId37 IS NULL BEGIN SET @StatusId37 = '33333333-3333-3333-3333-333333333391'; INSERT INTO [CatalogReferences] ([Id],[Type],[Code],[Name],[IsActive],[CreatedAt]) VALUES (@StatusId37, N'EstadoRequerimiento', LEFT(N'Draft', 80), LEFT(N'Borrador', 180), 1, SYSDATETIMEOFFSET()); END
ELSE UPDATE [CatalogReferences] SET [Name] = LEFT(N'Borrador', 180), [IsActive] = 1 WHERE [Id] = @StatusId37;
IF EXISTS (SELECT 1 FROM [Requirements] WHERE [Code] = N'REQ-2026062037')
BEGIN
  UPDATE [Requirements] SET [ActivityOrEvent] = LEFT(N'Tu Próximo Nivel Empieza Aquí: De la Data al Engagement Real (Evento de encuentro a graduados FACEAN)', 240), [RequestedBy] = LEFT(N'IVANNA SÁNCHEZ MONTERO', 120), [FacultyId] = @FacultyId37, [Faculty] = LEFT(N'Rectorado', 160), [Career] = LEFT(N'Área Específica', 160), [CampusId] = @CampusId37, [Campus] = LEFT(N'AMBATO', 120), [Place] = LEFT(N'Correo institucional', 180), [StartDate] = '2026-07-27', [EndDate] = '2026-07-27', [EventObjective] = LEFT(N'Solicitar comedidamente un arte para difundir mediante correo institucional, información correspondiente a la parte de prevención de Salud en el Trabajo, se adjunta la imagen referencial.', 4000), [EventFormatId] = @EventFormatId37, [EventFormat] = LEFT(N'Arte informativo - comunicación interna', 80), [RequestDate] = '2026-06-22', [Status] = N'Draft', [StatusId] = @StatusId37, [UpdatedAt] = TODATETIMEOFFSET(CONVERT(datetime2, '2026-06-22 00:00:00'), '+00:00') WHERE [Code] = N'REQ-2026062037';
END
ELSE
BEGIN
  INSERT INTO [Requirements] ([Id],[Code],[ActivityOrEvent],[RequestedBy],[FacultyId],[Faculty],[Career],[CampusId],[Campus],[Place],[StartDate],[EndDate],[EventObjective],[EventFormatId],[EventFormat],[RequestDate],[Status],[StatusId],[CreatedAt],[UpdatedAt]) VALUES ('157bb93d-5c96-fb12-0faf-4b3d7b17bcb9', N'REQ-2026062037', LEFT(N'Tu Próximo Nivel Empieza Aquí: De la Data al Engagement Real (Evento de encuentro a graduados FACEAN)', 240), LEFT(N'IVANNA SÁNCHEZ MONTERO', 120), @FacultyId37, LEFT(N'Rectorado', 160), LEFT(N'Área Específica', 160), @CampusId37, LEFT(N'AMBATO', 120), LEFT(N'Correo institucional', 180), '2026-07-27', '2026-07-27', LEFT(N'Solicitar comedidamente un arte para difundir mediante correo institucional, información correspondiente a la parte de prevención de Salud en el Trabajo, se adjunta la imagen referencial.', 4000), @EventFormatId37, LEFT(N'Arte informativo - comunicación interna', 80), '2026-06-22', N'Draft', @StatusId37, TODATETIMEOFFSET(CONVERT(datetime2, '2026-06-22 00:00:00'), '+00:00'), TODATETIMEOFFSET(CONVERT(datetime2, '2026-06-22 00:00:00'), '+00:00'));
  INSERT INTO [RequirementAuditEvents] ([Id],[RequirementId],[FromStatus],[ToStatus],[Action],[PerformedBy],[Comments],[OccurredAt]) VALUES (NEWID(), '157bb93d-5c96-fb12-0faf-4b3d7b17bcb9', NULL, N'Draft', N'Carga inicial desde portapapeles', LEFT(N'IVANNA SÁNCHEZ MONTERO', 160), N'Registro importado desde tabla de requerimientos', SYSDATETIMEOFFSET());
END
-- REQ-2026062038
DECLARE @FacultyId38 uniqueidentifier = (SELECT TOP 1 [Id] FROM [CatalogReferences] WHERE [Type] = N'Faculty' AND [Code] = LEFT(N'Arquitectura, Artes y Diseño', 80));
IF @FacultyId38 IS NULL SET @FacultyId38 = (SELECT TOP 1 [Id] FROM [CatalogReferences] WHERE [Type] = N'Faculty' AND [Name] = LEFT(N'Arquitectura, Artes y Diseño', 180));
IF @FacultyId38 IS NULL BEGIN SET @FacultyId38 = '3fbfc453-592a-0afb-8030-9fedad1e418a'; INSERT INTO [CatalogReferences] ([Id],[Type],[Code],[Name],[IsActive],[CreatedAt]) VALUES (@FacultyId38, N'Faculty', LEFT(N'Arquitectura, Artes y Diseño', 80), LEFT(N'Arquitectura, Artes y Diseño', 180), 1, SYSDATETIMEOFFSET()); END
ELSE UPDATE [CatalogReferences] SET [Name] = LEFT(N'Arquitectura, Artes y Diseño', 180), [IsActive] = 1 WHERE [Id] = @FacultyId38;
DECLARE @CampusId38 uniqueidentifier = (SELECT TOP 1 [Id] FROM [CatalogReferences] WHERE [Type] = N'Campus' AND [Code] = LEFT(N'QUITO', 80));
IF @CampusId38 IS NULL SET @CampusId38 = (SELECT TOP 1 [Id] FROM [CatalogReferences] WHERE [Type] = N'Campus' AND [Name] = LEFT(N'QUITO', 180));
IF @CampusId38 IS NULL BEGIN SET @CampusId38 = '70c94f24-38e9-dfae-dcf0-625f647c3dd4'; INSERT INTO [CatalogReferences] ([Id],[Type],[Code],[Name],[IsActive],[CreatedAt]) VALUES (@CampusId38, N'Campus', LEFT(N'QUITO', 80), LEFT(N'QUITO', 180), 1, SYSDATETIMEOFFSET()); END
ELSE UPDATE [CatalogReferences] SET [Name] = LEFT(N'QUITO', 180), [IsActive] = 1 WHERE [Id] = @CampusId38;
DECLARE @EventFormatId38 uniqueidentifier = (SELECT TOP 1 [Id] FROM [CatalogReferences] WHERE [Type] = N'FormatoEvento' AND [Code] = LEFT(N'La actividad se llevará a cabo mediante una presentación formal de los resultados del proyecto de vinculación “Espacios para sentir y aprender”, en la cual se expondrá el trabajo realizado por estudiantes y docentes de la carrera de Diseño Gráfico. Asistirán los directivos del Centro Una Familia de Familias, representantes institucionales, docentes y estudiantes participantes, con el propósito de socializar los productos desarrollados y su aporte a la comunidad.', 80));
IF @EventFormatId38 IS NULL SET @EventFormatId38 = (SELECT TOP 1 [Id] FROM [CatalogReferences] WHERE [Type] = N'FormatoEvento' AND [Name] = LEFT(N'La actividad se llevará a cabo mediante una presentación formal de los resultados del proyecto de vinculación “Espacios para sentir y aprender”, en la cual se expondrá el trabajo realizado por estudiantes y docentes de la carrera de Diseño Gráfico. Asistirán los directivos del Centro Una Familia de Familias, representantes institucionales, docentes y estudiantes participantes, con el propósito de socializar los productos desarrollados y su aporte a la comunidad.', 180));
IF @EventFormatId38 IS NULL BEGIN SET @EventFormatId38 = '9e4cdcf3-54c4-0085-b3d8-2c95262d268f'; INSERT INTO [CatalogReferences] ([Id],[Type],[Code],[Name],[IsActive],[CreatedAt]) VALUES (@EventFormatId38, N'FormatoEvento', LEFT(N'La actividad se llevará a cabo mediante una presentación formal de los resultados del proyecto de vinculación “Espacios para sentir y aprender”, en la cual se expondrá el trabajo realizado por estudiantes y docentes de la carrera de Diseño Gráfico. Asistirán los directivos del Centro Una Familia de Familias, representantes institucionales, docentes y estudiantes participantes, con el propósito de socializar los productos desarrollados y su aporte a la comunidad.', 80), LEFT(N'La actividad se llevará a cabo mediante una presentación formal de los resultados del proyecto de vinculación “Espacios para sentir y aprender”, en la cual se expondrá el trabajo realizado por estudiantes y docentes de la carrera de Diseño Gráfico. Asistirán los directivos del Centro Una Familia de Familias, representantes institucionales, docentes y estudiantes participantes, con el propósito de socializar los productos desarrollados y su aporte a la comunidad.', 180), 1, SYSDATETIMEOFFSET()); END
ELSE UPDATE [CatalogReferences] SET [Name] = LEFT(N'La actividad se llevará a cabo mediante una presentación formal de los resultados del proyecto de vinculación “Espacios para sentir y aprender”, en la cual se expondrá el trabajo realizado por estudiantes y docentes de la carrera de Diseño Gráfico. Asistirán los directivos del Centro Una Familia de Familias, representantes institucionales, docentes y estudiantes participantes, con el propósito de socializar los productos desarrollados y su aporte a la comunidad.', 180), [IsActive] = 1 WHERE [Id] = @EventFormatId38;
DECLARE @StatusId38 uniqueidentifier = (SELECT TOP 1 [Id] FROM [CatalogReferences] WHERE [Type] = N'EstadoRequerimiento' AND [Code] = LEFT(N'Draft', 80));
IF @StatusId38 IS NULL SET @StatusId38 = (SELECT TOP 1 [Id] FROM [CatalogReferences] WHERE [Type] = N'EstadoRequerimiento' AND [Name] = LEFT(N'Borrador', 180));
IF @StatusId38 IS NULL BEGIN SET @StatusId38 = '33333333-3333-3333-3333-333333333391'; INSERT INTO [CatalogReferences] ([Id],[Type],[Code],[Name],[IsActive],[CreatedAt]) VALUES (@StatusId38, N'EstadoRequerimiento', LEFT(N'Draft', 80), LEFT(N'Borrador', 180), 1, SYSDATETIMEOFFSET()); END
ELSE UPDATE [CatalogReferences] SET [Name] = LEFT(N'Borrador', 180), [IsActive] = 1 WHERE [Id] = @StatusId38;
IF EXISTS (SELECT 1 FROM [Requirements] WHERE [Code] = N'REQ-2026062038')
BEGIN
  UPDATE [Requirements] SET [ActivityOrEvent] = LEFT(N'ACADEMIC SUMMIT', 240), [RequestedBy] = LEFT(N'GABRIELA LOPEZ JARAMILLO', 120), [FacultyId] = @FacultyId38, [Faculty] = LEFT(N'Arquitectura, Artes y Diseño', 160), [Career] = LEFT(N'Diseño Gráfico', 160), [CampusId] = @CampusId38, [Campus] = LEFT(N'QUITO', 120), [Place] = LEFT(N'CENTRO DEL MUCHACHO TRABAJADOR', 180), [StartDate] = '2026-07-27', [EndDate] = '2026-07-27', [EventObjective] = LEFT(N'En el marco de la entrega final del proyecto de vinculación “Espacios para sentir y aprender”, se considera necesaria la cobertura fotográfica y audiovisual del evento, con el fin de registrar y evidenciar el trabajo desarrollado por la carrera de Diseño Gráfico en beneficio de la comunidad. Esta cobertura permitirá documentar los resultados obtenidos, la participación de estudiantes, docentes y beneficiarios, así como el impacto del proyecto en la transformación de espacios educativos y lúdicos. Además, el material generado servirá como respaldo institucional, memoria visual del proceso y recurso de difusión para visibilizar el compromiso de la universidad con la vinculación social y el aprendizaje significativo.', 4000), [EventFormatId] = @EventFormatId38, [EventFormat] = LEFT(N'La actividad se llevará a cabo mediante una presentación formal de los resultados del proyecto de vinculación “Espacios para sentir y aprender”, en la cual se expondrá el trabajo realizado por estudiantes y docentes de la carrera de Diseño Gráfico. Asistirán los directivos del Centro Una Familia de Familias, representantes institucionales, docentes y estudiantes participantes, con el propósito de socializar los productos desarrollados y su aporte a la comunidad.', 80), [RequestDate] = '2026-06-22', [Status] = N'Draft', [StatusId] = @StatusId38, [UpdatedAt] = TODATETIMEOFFSET(CONVERT(datetime2, '2026-06-22 00:00:00'), '+00:00') WHERE [Code] = N'REQ-2026062038';
END
ELSE
BEGIN
  INSERT INTO [Requirements] ([Id],[Code],[ActivityOrEvent],[RequestedBy],[FacultyId],[Faculty],[Career],[CampusId],[Campus],[Place],[StartDate],[EndDate],[EventObjective],[EventFormatId],[EventFormat],[RequestDate],[Status],[StatusId],[CreatedAt],[UpdatedAt]) VALUES ('894044c9-d678-5372-a98d-ad6b03943cde', N'REQ-2026062038', LEFT(N'ACADEMIC SUMMIT', 240), LEFT(N'GABRIELA LOPEZ JARAMILLO', 120), @FacultyId38, LEFT(N'Arquitectura, Artes y Diseño', 160), LEFT(N'Diseño Gráfico', 160), @CampusId38, LEFT(N'QUITO', 120), LEFT(N'CENTRO DEL MUCHACHO TRABAJADOR', 180), '2026-07-27', '2026-07-27', LEFT(N'En el marco de la entrega final del proyecto de vinculación “Espacios para sentir y aprender”, se considera necesaria la cobertura fotográfica y audiovisual del evento, con el fin de registrar y evidenciar el trabajo desarrollado por la carrera de Diseño Gráfico en beneficio de la comunidad. Esta cobertura permitirá documentar los resultados obtenidos, la participación de estudiantes, docentes y beneficiarios, así como el impacto del proyecto en la transformación de espacios educativos y lúdicos. Además, el material generado servirá como respaldo institucional, memoria visual del proceso y recurso de difusión para visibilizar el compromiso de la universidad con la vinculación social y el aprendizaje significativo.', 4000), @EventFormatId38, LEFT(N'La actividad se llevará a cabo mediante una presentación formal de los resultados del proyecto de vinculación “Espacios para sentir y aprender”, en la cual se expondrá el trabajo realizado por estudiantes y docentes de la carrera de Diseño Gráfico. Asistirán los directivos del Centro Una Familia de Familias, representantes institucionales, docentes y estudiantes participantes, con el propósito de socializar los productos desarrollados y su aporte a la comunidad.', 80), '2026-06-22', N'Draft', @StatusId38, TODATETIMEOFFSET(CONVERT(datetime2, '2026-06-22 00:00:00'), '+00:00'), TODATETIMEOFFSET(CONVERT(datetime2, '2026-06-22 00:00:00'), '+00:00'));
  INSERT INTO [RequirementAuditEvents] ([Id],[RequirementId],[FromStatus],[ToStatus],[Action],[PerformedBy],[Comments],[OccurredAt]) VALUES (NEWID(), '894044c9-d678-5372-a98d-ad6b03943cde', NULL, N'Draft', N'Carga inicial desde portapapeles', LEFT(N'GABRIELA LOPEZ JARAMILLO', 160), N'Registro importado desde tabla de requerimientos', SYSDATETIMEOFFSET());
END
-- REQ-2026062039
DECLARE @FacultyId39 uniqueidentifier = (SELECT TOP 1 [Id] FROM [CatalogReferences] WHERE [Type] = N'Faculty' AND [Code] = LEFT(N'Ciencias Sociales y Humanas', 80));
IF @FacultyId39 IS NULL SET @FacultyId39 = (SELECT TOP 1 [Id] FROM [CatalogReferences] WHERE [Type] = N'Faculty' AND [Name] = LEFT(N'Ciencias Sociales y Humanas', 180));
IF @FacultyId39 IS NULL BEGIN SET @FacultyId39 = 'e56dd316-90da-40de-30b2-f44a8f0cc6df'; INSERT INTO [CatalogReferences] ([Id],[Type],[Code],[Name],[IsActive],[CreatedAt]) VALUES (@FacultyId39, N'Faculty', LEFT(N'Ciencias Sociales y Humanas', 80), LEFT(N'Ciencias Sociales y Humanas', 180), 1, SYSDATETIMEOFFSET()); END
ELSE UPDATE [CatalogReferences] SET [Name] = LEFT(N'Ciencias Sociales y Humanas', 180), [IsActive] = 1 WHERE [Id] = @FacultyId39;
DECLARE @CampusId39 uniqueidentifier = (SELECT TOP 1 [Id] FROM [CatalogReferences] WHERE [Type] = N'Campus' AND [Code] = LEFT(N'AMBATO', 80));
IF @CampusId39 IS NULL SET @CampusId39 = (SELECT TOP 1 [Id] FROM [CatalogReferences] WHERE [Type] = N'Campus' AND [Name] = LEFT(N'AMBATO', 180));
IF @CampusId39 IS NULL BEGIN SET @CampusId39 = '43316cdf-7ce3-5d1d-66c2-e9bba66ed5ff'; INSERT INTO [CatalogReferences] ([Id],[Type],[Code],[Name],[IsActive],[CreatedAt]) VALUES (@CampusId39, N'Campus', LEFT(N'AMBATO', 80), LEFT(N'AMBATO', 180), 1, SYSDATETIMEOFFSET()); END
ELSE UPDATE [CatalogReferences] SET [Name] = LEFT(N'AMBATO', 180), [IsActive] = 1 WHERE [Id] = @CampusId39;
DECLARE @EventFormatId39 uniqueidentifier = (SELECT TOP 1 [Id] FROM [CatalogReferences] WHERE [Type] = N'FormatoEvento' AND [Code] = LEFT(N'El programa tendrá los siguientes criterios:
-Desempeño académico del estudiante de acuerdo a los promedios más altos de cada nivel en las carreras de Psicología y Psicología Clínica en la modalidad presencial, durante el periodo
académico B25.
-Desempeño en las actividades académicas destacadas de vinculación, prácticas pre-profesionales, investigación y deporte.
-Desempeño docente de acuerdo a la evaluación institucional, considerando las tres puntuaciones
más altas.', 80));
IF @EventFormatId39 IS NULL SET @EventFormatId39 = (SELECT TOP 1 [Id] FROM [CatalogReferences] WHERE [Type] = N'FormatoEvento' AND [Name] = LEFT(N'El programa tendrá los siguientes criterios:
-Desempeño académico del estudiante de acuerdo a los promedios más altos de cada nivel en las carreras de Psicología y Psicología Clínica en la modalidad presencial, durante el periodo
académico B25.
-Desempeño en las actividades académicas destacadas de vinculación, prácticas pre-profesionales, investigación y deporte.
-Desempeño docente de acuerdo a la evaluación institucional, considerando las tres puntuaciones
más altas.', 180));
IF @EventFormatId39 IS NULL BEGIN SET @EventFormatId39 = '980c5497-4821-0eb6-c39e-a69f0a3545ea'; INSERT INTO [CatalogReferences] ([Id],[Type],[Code],[Name],[IsActive],[CreatedAt]) VALUES (@EventFormatId39, N'FormatoEvento', LEFT(N'El programa tendrá los siguientes criterios:
-Desempeño académico del estudiante de acuerdo a los promedios más altos de cada nivel en las carreras de Psicología y Psicología Clínica en la modalidad presencial, durante el periodo
académico B25.
-Desempeño en las actividades académicas destacadas de vinculación, prácticas pre-profesionales, investigación y deporte.
-Desempeño docente de acuerdo a la evaluación institucional, considerando las tres puntuaciones
más altas.', 80), LEFT(N'El programa tendrá los siguientes criterios:
-Desempeño académico del estudiante de acuerdo a los promedios más altos de cada nivel en las carreras de Psicología y Psicología Clínica en la modalidad presencial, durante el periodo
académico B25.
-Desempeño en las actividades académicas destacadas de vinculación, prácticas pre-profesionales, investigación y deporte.
-Desempeño docente de acuerdo a la evaluación institucional, considerando las tres puntuaciones
más altas.', 180), 1, SYSDATETIMEOFFSET()); END
ELSE UPDATE [CatalogReferences] SET [Name] = LEFT(N'El programa tendrá los siguientes criterios:
-Desempeño académico del estudiante de acuerdo a los promedios más altos de cada nivel en las carreras de Psicología y Psicología Clínica en la modalidad presencial, durante el periodo
académico B25.
-Desempeño en las actividades académicas destacadas de vinculación, prácticas pre-profesionales, investigación y deporte.
-Desempeño docente de acuerdo a la evaluación institucional, considerando las tres puntuaciones
más altas.', 180), [IsActive] = 1 WHERE [Id] = @EventFormatId39;
DECLARE @StatusId39 uniqueidentifier = (SELECT TOP 1 [Id] FROM [CatalogReferences] WHERE [Type] = N'EstadoRequerimiento' AND [Code] = LEFT(N'Draft', 80));
IF @StatusId39 IS NULL SET @StatusId39 = (SELECT TOP 1 [Id] FROM [CatalogReferences] WHERE [Type] = N'EstadoRequerimiento' AND [Name] = LEFT(N'Borrador', 180));
IF @StatusId39 IS NULL BEGIN SET @StatusId39 = '33333333-3333-3333-3333-333333333391'; INSERT INTO [CatalogReferences] ([Id],[Type],[Code],[Name],[IsActive],[CreatedAt]) VALUES (@StatusId39, N'EstadoRequerimiento', LEFT(N'Draft', 80), LEFT(N'Borrador', 180), 1, SYSDATETIMEOFFSET()); END
ELSE UPDATE [CatalogReferences] SET [Name] = LEFT(N'Borrador', 180), [IsActive] = 1 WHERE [Id] = @StatusId39;
IF EXISTS (SELECT 1 FROM [Requirements] WHERE [Code] = N'REQ-2026062039')
BEGIN
  UPDATE [Requirements] SET [ActivityOrEvent] = LEFT(N'ARTE', 240), [RequestedBy] = LEFT(N'Mariela Guevara', 120), [FacultyId] = @FacultyId39, [Faculty] = LEFT(N'Ciencias Sociales y Humanas', 160), [Career] = LEFT(N'Psicología Clínica', 160), [CampusId] = @CampusId39, [Campus] = LEFT(N'AMBATO', 120), [Place] = LEFT(N'Auditorio Manuelita Sáenz', 180), [StartDate] = '2026-07-02', [EndDate] = '2026-07-02', [EventObjective] = LEFT(N'Reconocer a estudiantes y docentes de las carreras de Psicología y Psicología Clínica que fortalezca el sentido de pertenencia y los valores institucionales de la Universidad Tecnológica Indoamérica.', 4000), [EventFormatId] = @EventFormatId39, [EventFormat] = LEFT(N'El programa tendrá los siguientes criterios:
-Desempeño académico del estudiante de acuerdo a los promedios más altos de cada nivel en las carreras de Psicología y Psicología Clínica en la modalidad presencial, durante el periodo
académico B25.
-Desempeño en las actividades académicas destacadas de vinculación, prácticas pre-profesionales, investigación y deporte.
-Desempeño docente de acuerdo a la evaluación institucional, considerando las tres puntuaciones
más altas.', 80), [RequestDate] = '2026-06-22', [Status] = N'Draft', [StatusId] = @StatusId39, [UpdatedAt] = TODATETIMEOFFSET(CONVERT(datetime2, '2026-06-22 00:00:00'), '+00:00') WHERE [Code] = N'REQ-2026062039';
END
ELSE
BEGIN
  INSERT INTO [Requirements] ([Id],[Code],[ActivityOrEvent],[RequestedBy],[FacultyId],[Faculty],[Career],[CampusId],[Campus],[Place],[StartDate],[EndDate],[EventObjective],[EventFormatId],[EventFormat],[RequestDate],[Status],[StatusId],[CreatedAt],[UpdatedAt]) VALUES ('8715760b-d682-7877-1778-e0361acfd15d', N'REQ-2026062039', LEFT(N'ARTE', 240), LEFT(N'Mariela Guevara', 120), @FacultyId39, LEFT(N'Ciencias Sociales y Humanas', 160), LEFT(N'Psicología Clínica', 160), @CampusId39, LEFT(N'AMBATO', 120), LEFT(N'Auditorio Manuelita Sáenz', 180), '2026-07-02', '2026-07-02', LEFT(N'Reconocer a estudiantes y docentes de las carreras de Psicología y Psicología Clínica que fortalezca el sentido de pertenencia y los valores institucionales de la Universidad Tecnológica Indoamérica.', 4000), @EventFormatId39, LEFT(N'El programa tendrá los siguientes criterios:
-Desempeño académico del estudiante de acuerdo a los promedios más altos de cada nivel en las carreras de Psicología y Psicología Clínica en la modalidad presencial, durante el periodo
académico B25.
-Desempeño en las actividades académicas destacadas de vinculación, prácticas pre-profesionales, investigación y deporte.
-Desempeño docente de acuerdo a la evaluación institucional, considerando las tres puntuaciones
más altas.', 80), '2026-06-22', N'Draft', @StatusId39, TODATETIMEOFFSET(CONVERT(datetime2, '2026-06-22 00:00:00'), '+00:00'), TODATETIMEOFFSET(CONVERT(datetime2, '2026-06-22 00:00:00'), '+00:00'));
  INSERT INTO [RequirementAuditEvents] ([Id],[RequirementId],[FromStatus],[ToStatus],[Action],[PerformedBy],[Comments],[OccurredAt]) VALUES (NEWID(), '8715760b-d682-7877-1778-e0361acfd15d', NULL, N'Draft', N'Carga inicial desde portapapeles', LEFT(N'Mariela Guevara', 160), N'Registro importado desde tabla de requerimientos', SYSDATETIMEOFFSET());
END
-- REQ-2026062040
DECLARE @FacultyId40 uniqueidentifier = (SELECT TOP 1 [Id] FROM [CatalogReferences] WHERE [Type] = N'Faculty' AND [Code] = LEFT(N'Jurisprudencia y Ciencias Políticas', 80));
IF @FacultyId40 IS NULL SET @FacultyId40 = (SELECT TOP 1 [Id] FROM [CatalogReferences] WHERE [Type] = N'Faculty' AND [Name] = LEFT(N'Jurisprudencia y Ciencias Políticas', 180));
IF @FacultyId40 IS NULL BEGIN SET @FacultyId40 = '4d5c433b-b1e4-663c-a8a3-8407e12bcae6'; INSERT INTO [CatalogReferences] ([Id],[Type],[Code],[Name],[IsActive],[CreatedAt]) VALUES (@FacultyId40, N'Faculty', LEFT(N'Jurisprudencia y Ciencias Políticas', 80), LEFT(N'Jurisprudencia y Ciencias Políticas', 180), 1, SYSDATETIMEOFFSET()); END
ELSE UPDATE [CatalogReferences] SET [Name] = LEFT(N'Jurisprudencia y Ciencias Políticas', 180), [IsActive] = 1 WHERE [Id] = @FacultyId40;
DECLARE @CampusId40 uniqueidentifier = (SELECT TOP 1 [Id] FROM [CatalogReferences] WHERE [Type] = N'Campus' AND [Code] = LEFT(N'AMBATO', 80));
IF @CampusId40 IS NULL SET @CampusId40 = (SELECT TOP 1 [Id] FROM [CatalogReferences] WHERE [Type] = N'Campus' AND [Name] = LEFT(N'AMBATO', 180));
IF @CampusId40 IS NULL BEGIN SET @CampusId40 = '43316cdf-7ce3-5d1d-66c2-e9bba66ed5ff'; INSERT INTO [CatalogReferences] ([Id],[Type],[Code],[Name],[IsActive],[CreatedAt]) VALUES (@CampusId40, N'Campus', LEFT(N'AMBATO', 80), LEFT(N'AMBATO', 180), 1, SYSDATETIMEOFFSET()); END
ELSE UPDATE [CatalogReferences] SET [Name] = LEFT(N'AMBATO', 180), [IsActive] = 1 WHERE [Id] = @CampusId40;
DECLARE @EventFormatId40 uniqueidentifier = (SELECT TOP 1 [Id] FROM [CatalogReferences] WHERE [Type] = N'FormatoEvento' AND [Code] = LEFT(N'Realizar una charla con el personal interno , con un promedio de asistente de 120 personas de la ATM -BABAHOYO.

Por favor enviar material promocional.', 80));
IF @EventFormatId40 IS NULL SET @EventFormatId40 = (SELECT TOP 1 [Id] FROM [CatalogReferences] WHERE [Type] = N'FormatoEvento' AND [Name] = LEFT(N'Realizar una charla con el personal interno , con un promedio de asistente de 120 personas de la ATM -BABAHOYO.

Por favor enviar material promocional.', 180));
IF @EventFormatId40 IS NULL BEGIN SET @EventFormatId40 = '32492de7-b968-95e1-dbca-93807af389e1'; INSERT INTO [CatalogReferences] ([Id],[Type],[Code],[Name],[IsActive],[CreatedAt]) VALUES (@EventFormatId40, N'FormatoEvento', LEFT(N'Realizar una charla con el personal interno , con un promedio de asistente de 120 personas de la ATM -BABAHOYO.

Por favor enviar material promocional.', 80), LEFT(N'Realizar una charla con el personal interno , con un promedio de asistente de 120 personas de la ATM -BABAHOYO.

Por favor enviar material promocional.', 180), 1, SYSDATETIMEOFFSET()); END
ELSE UPDATE [CatalogReferences] SET [Name] = LEFT(N'Realizar una charla con el personal interno , con un promedio de asistente de 120 personas de la ATM -BABAHOYO.

Por favor enviar material promocional.', 180), [IsActive] = 1 WHERE [Id] = @EventFormatId40;
DECLARE @StatusId40 uniqueidentifier = (SELECT TOP 1 [Id] FROM [CatalogReferences] WHERE [Type] = N'EstadoRequerimiento' AND [Code] = LEFT(N'Draft', 80));
IF @StatusId40 IS NULL SET @StatusId40 = (SELECT TOP 1 [Id] FROM [CatalogReferences] WHERE [Type] = N'EstadoRequerimiento' AND [Name] = LEFT(N'Borrador', 180));
IF @StatusId40 IS NULL BEGIN SET @StatusId40 = '33333333-3333-3333-3333-333333333391'; INSERT INTO [CatalogReferences] ([Id],[Type],[Code],[Name],[IsActive],[CreatedAt]) VALUES (@StatusId40, N'EstadoRequerimiento', LEFT(N'Draft', 80), LEFT(N'Borrador', 180), 1, SYSDATETIMEOFFSET()); END
ELSE UPDATE [CatalogReferences] SET [Name] = LEFT(N'Borrador', 180), [IsActive] = 1 WHERE [Id] = @StatusId40;
IF EXISTS (SELECT 1 FROM [Requirements] WHERE [Code] = N'REQ-2026062040')
BEGIN
  UPDATE [Requirements] SET [ActivityOrEvent] = LEFT(N'ENTREGA DEL PROYECTO DE VINCULACION ESPACIOS PARA SENTIR Y APRENDER', 240), [RequestedBy] = LEFT(N'KARLA CISNEROS TORRES', 120), [FacultyId] = @FacultyId40, [Faculty] = LEFT(N'Jurisprudencia y Ciencias Políticas', 160), [Career] = LEFT(N'Derecho', 160), [CampusId] = @CampusId40, [Campus] = LEFT(N'AMBATO', 120), [Place] = LEFT(N'AGENCIA DE TRANSITO MUNICIPAL ATB "BABAHOYO"', 180), [StartDate] = '2026-06-25', [EndDate] = '2026-06-25', [EventObjective] = LEFT(N'Difundir oferta académica que brinda la Universidad Indoamérica a postulantes para primer nivel y homologaciones en conocimientos ,experiencia profesional y contenidos, dirigido al personal de la AGENCIA DE TRANSITO MUNICIPAL DE BABAHOYO.', 4000), [EventFormatId] = @EventFormatId40, [EventFormat] = LEFT(N'Realizar una charla con el personal interno , con un promedio de asistente de 120 personas de la ATM -BABAHOYO.

Por favor enviar material promocional.', 80), [RequestDate] = '2026-06-22', [Status] = N'Draft', [StatusId] = @StatusId40, [UpdatedAt] = TODATETIMEOFFSET(CONVERT(datetime2, '2026-06-22 00:00:00'), '+00:00') WHERE [Code] = N'REQ-2026062040';
END
ELSE
BEGIN
  INSERT INTO [Requirements] ([Id],[Code],[ActivityOrEvent],[RequestedBy],[FacultyId],[Faculty],[Career],[CampusId],[Campus],[Place],[StartDate],[EndDate],[EventObjective],[EventFormatId],[EventFormat],[RequestDate],[Status],[StatusId],[CreatedAt],[UpdatedAt]) VALUES ('e809206f-e4e5-247e-a249-1e5949e14f6f', N'REQ-2026062040', LEFT(N'ENTREGA DEL PROYECTO DE VINCULACION ESPACIOS PARA SENTIR Y APRENDER', 240), LEFT(N'KARLA CISNEROS TORRES', 120), @FacultyId40, LEFT(N'Jurisprudencia y Ciencias Políticas', 160), LEFT(N'Derecho', 160), @CampusId40, LEFT(N'AMBATO', 120), LEFT(N'AGENCIA DE TRANSITO MUNICIPAL ATB "BABAHOYO"', 180), '2026-06-25', '2026-06-25', LEFT(N'Difundir oferta académica que brinda la Universidad Indoamérica a postulantes para primer nivel y homologaciones en conocimientos ,experiencia profesional y contenidos, dirigido al personal de la AGENCIA DE TRANSITO MUNICIPAL DE BABAHOYO.', 4000), @EventFormatId40, LEFT(N'Realizar una charla con el personal interno , con un promedio de asistente de 120 personas de la ATM -BABAHOYO.

Por favor enviar material promocional.', 80), '2026-06-22', N'Draft', @StatusId40, TODATETIMEOFFSET(CONVERT(datetime2, '2026-06-22 00:00:00'), '+00:00'), TODATETIMEOFFSET(CONVERT(datetime2, '2026-06-22 00:00:00'), '+00:00'));
  INSERT INTO [RequirementAuditEvents] ([Id],[RequirementId],[FromStatus],[ToStatus],[Action],[PerformedBy],[Comments],[OccurredAt]) VALUES (NEWID(), 'e809206f-e4e5-247e-a249-1e5949e14f6f', NULL, N'Draft', N'Carga inicial desde portapapeles', LEFT(N'KARLA CISNEROS TORRES', 160), N'Registro importado desde tabla de requerimientos', SYSDATETIMEOFFSET());
END
-- REQ-2026062041
DECLARE @FacultyId41 uniqueidentifier = (SELECT TOP 1 [Id] FROM [CatalogReferences] WHERE [Type] = N'Faculty' AND [Code] = LEFT(N'Bienestar Universitario', 80));
IF @FacultyId41 IS NULL SET @FacultyId41 = (SELECT TOP 1 [Id] FROM [CatalogReferences] WHERE [Type] = N'Faculty' AND [Name] = LEFT(N'Bienestar Universitario', 180));
IF @FacultyId41 IS NULL BEGIN SET @FacultyId41 = '7fa60d1f-f713-b749-9665-d1e41de80e64'; INSERT INTO [CatalogReferences] ([Id],[Type],[Code],[Name],[IsActive],[CreatedAt]) VALUES (@FacultyId41, N'Faculty', LEFT(N'Bienestar Universitario', 80), LEFT(N'Bienestar Universitario', 180), 1, SYSDATETIMEOFFSET()); END
ELSE UPDATE [CatalogReferences] SET [Name] = LEFT(N'Bienestar Universitario', 180), [IsActive] = 1 WHERE [Id] = @FacultyId41;
DECLARE @CampusId41 uniqueidentifier = (SELECT TOP 1 [Id] FROM [CatalogReferences] WHERE [Type] = N'Campus' AND [Code] = LEFT(N'INSTITUCIONAL', 80));
IF @CampusId41 IS NULL SET @CampusId41 = (SELECT TOP 1 [Id] FROM [CatalogReferences] WHERE [Type] = N'Campus' AND [Name] = LEFT(N'INSTITUCIONAL', 180));
IF @CampusId41 IS NULL BEGIN SET @CampusId41 = 'af4e2147-0fac-ecc9-a956-9ed347f04fb4'; INSERT INTO [CatalogReferences] ([Id],[Type],[Code],[Name],[IsActive],[CreatedAt]) VALUES (@CampusId41, N'Campus', LEFT(N'INSTITUCIONAL', 80), LEFT(N'INSTITUCIONAL', 180), 1, SYSDATETIMEOFFSET()); END
ELSE UPDATE [CatalogReferences] SET [Name] = LEFT(N'INSTITUCIONAL', 180), [IsActive] = 1 WHERE [Id] = @CampusId41;
DECLARE @EventFormatId41 uniqueidentifier = (SELECT TOP 1 [Id] FROM [CatalogReferences] WHERE [Type] = N'FormatoEvento' AND [Code] = LEFT(N'PARA LA COMUNIDAD ESTUDIANTIL, DIFUNDIR INFORMACIÓN.


COMUNICADO A LA COMUNIDAD ESTUDIANTIL

Becas MINEDEC – Jóvenes del Nuevo Ecuador 2026

Se informa a la comunidad estudiantil interesada en postular a las Becas MINEDEC – Jóvenes del Nuevo Ecuador 2026 que, para la obtención del certificado ”No Mantiene un Beneficio de Beca Vigente” deberán realizar el siguiente procedimiento:

Ingresar al Sistema de Gestión Académica (SGA).
Dirigirse al menú “Solicitudes”.
Seleccionar la opción “Otros Servicios Educativos”.
Generar la solicitud correspondiente.
Cancelar el rubro asignado.

Una vez realizado el proceso, la solicitud será revisada por Secretaría y, en un plazo aproximado de 24 horas, el certificado será remitido en formato PDF al correo electrónico registrado en el sistema.

Información que contendrá el certificado

El documento será emitido en hoja membretada institucional e incluirá:

Nombres completos y número de documento de identidad del estudiante.
Fecha de inicio y fecha de finalización del período académico vigente.
Carrera que cursa el estudiante.
Modalidad de estudios.
Constancia de que el estudiante no mantiene un beneficio de beca vigente, de acuerdo con los registros institucionales.
Firma de la autoridad competente de la Universidad Tecnológica Indoamérica.

En caso de requerir el documento en formato físico, este podrá ser enviado a la sede más cercana para su respectiva entrega.

Agradecemos su atención y les deseamos éxitos en su proceso de postulación.


Universidad Tecnológica Indoamérica', 80));
IF @EventFormatId41 IS NULL SET @EventFormatId41 = (SELECT TOP 1 [Id] FROM [CatalogReferences] WHERE [Type] = N'FormatoEvento' AND [Name] = LEFT(N'PARA LA COMUNIDAD ESTUDIANTIL, DIFUNDIR INFORMACIÓN.


COMUNICADO A LA COMUNIDAD ESTUDIANTIL

Becas MINEDEC – Jóvenes del Nuevo Ecuador 2026

Se informa a la comunidad estudiantil interesada en postular a las Becas MINEDEC – Jóvenes del Nuevo Ecuador 2026 que, para la obtención del certificado ”No Mantiene un Beneficio de Beca Vigente” deberán realizar el siguiente procedimiento:

Ingresar al Sistema de Gestión Académica (SGA).
Dirigirse al menú “Solicitudes”.
Seleccionar la opción “Otros Servicios Educativos”.
Generar la solicitud correspondiente.
Cancelar el rubro asignado.

Una vez realizado el proceso, la solicitud será revisada por Secretaría y, en un plazo aproximado de 24 horas, el certificado será remitido en formato PDF al correo electrónico registrado en el sistema.

Información que contendrá el certificado

El documento será emitido en hoja membretada institucional e incluirá:

Nombres completos y número de documento de identidad del estudiante.
Fecha de inicio y fecha de finalización del período académico vigente.
Carrera que cursa el estudiante.
Modalidad de estudios.
Constancia de que el estudiante no mantiene un beneficio de beca vigente, de acuerdo con los registros institucionales.
Firma de la autoridad competente de la Universidad Tecnológica Indoamérica.

En caso de requerir el documento en formato físico, este podrá ser enviado a la sede más cercana para su respectiva entrega.

Agradecemos su atención y les deseamos éxitos en su proceso de postulación.


Universidad Tecnológica Indoamérica', 180));
IF @EventFormatId41 IS NULL BEGIN SET @EventFormatId41 = '73fedab0-d8fc-af7d-847f-966a375621fd'; INSERT INTO [CatalogReferences] ([Id],[Type],[Code],[Name],[IsActive],[CreatedAt]) VALUES (@EventFormatId41, N'FormatoEvento', LEFT(N'PARA LA COMUNIDAD ESTUDIANTIL, DIFUNDIR INFORMACIÓN.


COMUNICADO A LA COMUNIDAD ESTUDIANTIL

Becas MINEDEC – Jóvenes del Nuevo Ecuador 2026

Se informa a la comunidad estudiantil interesada en postular a las Becas MINEDEC – Jóvenes del Nuevo Ecuador 2026 que, para la obtención del certificado ”No Mantiene un Beneficio de Beca Vigente” deberán realizar el siguiente procedimiento:

Ingresar al Sistema de Gestión Académica (SGA).
Dirigirse al menú “Solicitudes”.
Seleccionar la opción “Otros Servicios Educativos”.
Generar la solicitud correspondiente.
Cancelar el rubro asignado.

Una vez realizado el proceso, la solicitud será revisada por Secretaría y, en un plazo aproximado de 24 horas, el certificado será remitido en formato PDF al correo electrónico registrado en el sistema.

Información que contendrá el certificado

El documento será emitido en hoja membretada institucional e incluirá:

Nombres completos y número de documento de identidad del estudiante.
Fecha de inicio y fecha de finalización del período académico vigente.
Carrera que cursa el estudiante.
Modalidad de estudios.
Constancia de que el estudiante no mantiene un beneficio de beca vigente, de acuerdo con los registros institucionales.
Firma de la autoridad competente de la Universidad Tecnológica Indoamérica.

En caso de requerir el documento en formato físico, este podrá ser enviado a la sede más cercana para su respectiva entrega.

Agradecemos su atención y les deseamos éxitos en su proceso de postulación.


Universidad Tecnológica Indoamérica', 80), LEFT(N'PARA LA COMUNIDAD ESTUDIANTIL, DIFUNDIR INFORMACIÓN.


COMUNICADO A LA COMUNIDAD ESTUDIANTIL

Becas MINEDEC – Jóvenes del Nuevo Ecuador 2026

Se informa a la comunidad estudiantil interesada en postular a las Becas MINEDEC – Jóvenes del Nuevo Ecuador 2026 que, para la obtención del certificado ”No Mantiene un Beneficio de Beca Vigente” deberán realizar el siguiente procedimiento:

Ingresar al Sistema de Gestión Académica (SGA).
Dirigirse al menú “Solicitudes”.
Seleccionar la opción “Otros Servicios Educativos”.
Generar la solicitud correspondiente.
Cancelar el rubro asignado.

Una vez realizado el proceso, la solicitud será revisada por Secretaría y, en un plazo aproximado de 24 horas, el certificado será remitido en formato PDF al correo electrónico registrado en el sistema.

Información que contendrá el certificado

El documento será emitido en hoja membretada institucional e incluirá:

Nombres completos y número de documento de identidad del estudiante.
Fecha de inicio y fecha de finalización del período académico vigente.
Carrera que cursa el estudiante.
Modalidad de estudios.
Constancia de que el estudiante no mantiene un beneficio de beca vigente, de acuerdo con los registros institucionales.
Firma de la autoridad competente de la Universidad Tecnológica Indoamérica.

En caso de requerir el documento en formato físico, este podrá ser enviado a la sede más cercana para su respectiva entrega.

Agradecemos su atención y les deseamos éxitos en su proceso de postulación.


Universidad Tecnológica Indoamérica', 180), 1, SYSDATETIMEOFFSET()); END
ELSE UPDATE [CatalogReferences] SET [Name] = LEFT(N'PARA LA COMUNIDAD ESTUDIANTIL, DIFUNDIR INFORMACIÓN.


COMUNICADO A LA COMUNIDAD ESTUDIANTIL

Becas MINEDEC – Jóvenes del Nuevo Ecuador 2026

Se informa a la comunidad estudiantil interesada en postular a las Becas MINEDEC – Jóvenes del Nuevo Ecuador 2026 que, para la obtención del certificado ”No Mantiene un Beneficio de Beca Vigente” deberán realizar el siguiente procedimiento:

Ingresar al Sistema de Gestión Académica (SGA).
Dirigirse al menú “Solicitudes”.
Seleccionar la opción “Otros Servicios Educativos”.
Generar la solicitud correspondiente.
Cancelar el rubro asignado.

Una vez realizado el proceso, la solicitud será revisada por Secretaría y, en un plazo aproximado de 24 horas, el certificado será remitido en formato PDF al correo electrónico registrado en el sistema.

Información que contendrá el certificado

El documento será emitido en hoja membretada institucional e incluirá:

Nombres completos y número de documento de identidad del estudiante.
Fecha de inicio y fecha de finalización del período académico vigente.
Carrera que cursa el estudiante.
Modalidad de estudios.
Constancia de que el estudiante no mantiene un beneficio de beca vigente, de acuerdo con los registros institucionales.
Firma de la autoridad competente de la Universidad Tecnológica Indoamérica.

En caso de requerir el documento en formato físico, este podrá ser enviado a la sede más cercana para su respectiva entrega.

Agradecemos su atención y les deseamos éxitos en su proceso de postulación.


Universidad Tecnológica Indoamérica', 180), [IsActive] = 1 WHERE [Id] = @EventFormatId41;
DECLARE @StatusId41 uniqueidentifier = (SELECT TOP 1 [Id] FROM [CatalogReferences] WHERE [Type] = N'EstadoRequerimiento' AND [Code] = LEFT(N'Draft', 80));
IF @StatusId41 IS NULL SET @StatusId41 = (SELECT TOP 1 [Id] FROM [CatalogReferences] WHERE [Type] = N'EstadoRequerimiento' AND [Name] = LEFT(N'Borrador', 180));
IF @StatusId41 IS NULL BEGIN SET @StatusId41 = '33333333-3333-3333-3333-333333333391'; INSERT INTO [CatalogReferences] ([Id],[Type],[Code],[Name],[IsActive],[CreatedAt]) VALUES (@StatusId41, N'EstadoRequerimiento', LEFT(N'Draft', 80), LEFT(N'Borrador', 180), 1, SYSDATETIMEOFFSET()); END
ELSE UPDATE [CatalogReferences] SET [Name] = LEFT(N'Borrador', 180), [IsActive] = 1 WHERE [Id] = @StatusId41;
IF EXISTS (SELECT 1 FROM [Requirements] WHERE [Code] = N'REQ-2026062041')
BEGIN
  UPDATE [Requirements] SET [ActivityOrEvent] = LEFT(N'Reconocimiento a estudiantes y docentes - despedida de estudiantes 8vo.', 240), [RequestedBy] = LEFT(N'Gabriela Abril', 120), [FacultyId] = @FacultyId41, [Faculty] = LEFT(N'Bienestar Universitario', 160), [Career] = LEFT(N'Área Específica', 160), [CampusId] = @CampusId41, [Campus] = LEFT(N'INSTITUCIONAL', 120), [Place] = LEFT(N'ONLINE', 180), [StartDate] = '2026-06-10', [EndDate] = '2026-06-11', [EventObjective] = LEFT(N'DIFUNDIR INFORMACIÓN BECAS MINEDEC', 4000), [EventFormatId] = @EventFormatId41, [EventFormat] = LEFT(N'PARA LA COMUNIDAD ESTUDIANTIL, DIFUNDIR INFORMACIÓN.


COMUNICADO A LA COMUNIDAD ESTUDIANTIL

Becas MINEDEC – Jóvenes del Nuevo Ecuador 2026

Se informa a la comunidad estudiantil interesada en postular a las Becas MINEDEC – Jóvenes del Nuevo Ecuador 2026 que, para la obtención del certificado ”No Mantiene un Beneficio de Beca Vigente” deberán realizar el siguiente procedimiento:

Ingresar al Sistema de Gestión Académica (SGA).
Dirigirse al menú “Solicitudes”.
Seleccionar la opción “Otros Servicios Educativos”.
Generar la solicitud correspondiente.
Cancelar el rubro asignado.

Una vez realizado el proceso, la solicitud será revisada por Secretaría y, en un plazo aproximado de 24 horas, el certificado será remitido en formato PDF al correo electrónico registrado en el sistema.

Información que contendrá el certificado

El documento será emitido en hoja membretada institucional e incluirá:

Nombres completos y número de documento de identidad del estudiante.
Fecha de inicio y fecha de finalización del período académico vigente.
Carrera que cursa el estudiante.
Modalidad de estudios.
Constancia de que el estudiante no mantiene un beneficio de beca vigente, de acuerdo con los registros institucionales.
Firma de la autoridad competente de la Universidad Tecnológica Indoamérica.

En caso de requerir el documento en formato físico, este podrá ser enviado a la sede más cercana para su respectiva entrega.

Agradecemos su atención y les deseamos éxitos en su proceso de postulación.


Universidad Tecnológica Indoamérica', 80), [RequestDate] = '2026-06-22', [Status] = N'Draft', [StatusId] = @StatusId41, [UpdatedAt] = TODATETIMEOFFSET(CONVERT(datetime2, '2026-06-22 00:00:00'), '+00:00') WHERE [Code] = N'REQ-2026062041';
END
ELSE
BEGIN
  INSERT INTO [Requirements] ([Id],[Code],[ActivityOrEvent],[RequestedBy],[FacultyId],[Faculty],[Career],[CampusId],[Campus],[Place],[StartDate],[EndDate],[EventObjective],[EventFormatId],[EventFormat],[RequestDate],[Status],[StatusId],[CreatedAt],[UpdatedAt]) VALUES ('782a72c1-0414-2a47-520e-0081a1fdd7c4', N'REQ-2026062041', LEFT(N'Reconocimiento a estudiantes y docentes - despedida de estudiantes 8vo.', 240), LEFT(N'Gabriela Abril', 120), @FacultyId41, LEFT(N'Bienestar Universitario', 160), LEFT(N'Área Específica', 160), @CampusId41, LEFT(N'INSTITUCIONAL', 120), LEFT(N'ONLINE', 180), '2026-06-10', '2026-06-11', LEFT(N'DIFUNDIR INFORMACIÓN BECAS MINEDEC', 4000), @EventFormatId41, LEFT(N'PARA LA COMUNIDAD ESTUDIANTIL, DIFUNDIR INFORMACIÓN.


COMUNICADO A LA COMUNIDAD ESTUDIANTIL

Becas MINEDEC – Jóvenes del Nuevo Ecuador 2026

Se informa a la comunidad estudiantil interesada en postular a las Becas MINEDEC – Jóvenes del Nuevo Ecuador 2026 que, para la obtención del certificado ”No Mantiene un Beneficio de Beca Vigente” deberán realizar el siguiente procedimiento:

Ingresar al Sistema de Gestión Académica (SGA).
Dirigirse al menú “Solicitudes”.
Seleccionar la opción “Otros Servicios Educativos”.
Generar la solicitud correspondiente.
Cancelar el rubro asignado.

Una vez realizado el proceso, la solicitud será revisada por Secretaría y, en un plazo aproximado de 24 horas, el certificado será remitido en formato PDF al correo electrónico registrado en el sistema.

Información que contendrá el certificado

El documento será emitido en hoja membretada institucional e incluirá:

Nombres completos y número de documento de identidad del estudiante.
Fecha de inicio y fecha de finalización del período académico vigente.
Carrera que cursa el estudiante.
Modalidad de estudios.
Constancia de que el estudiante no mantiene un beneficio de beca vigente, de acuerdo con los registros institucionales.
Firma de la autoridad competente de la Universidad Tecnológica Indoamérica.

En caso de requerir el documento en formato físico, este podrá ser enviado a la sede más cercana para su respectiva entrega.

Agradecemos su atención y les deseamos éxitos en su proceso de postulación.


Universidad Tecnológica Indoamérica', 80), '2026-06-22', N'Draft', @StatusId41, TODATETIMEOFFSET(CONVERT(datetime2, '2026-06-22 00:00:00'), '+00:00'), TODATETIMEOFFSET(CONVERT(datetime2, '2026-06-22 00:00:00'), '+00:00'));
  INSERT INTO [RequirementAuditEvents] ([Id],[RequirementId],[FromStatus],[ToStatus],[Action],[PerformedBy],[Comments],[OccurredAt]) VALUES (NEWID(), '782a72c1-0414-2a47-520e-0081a1fdd7c4', NULL, N'Draft', N'Carga inicial desde portapapeles', LEFT(N'Gabriela Abril', 160), N'Registro importado desde tabla de requerimientos', SYSDATETIMEOFFSET());
END
-- REQ-2026062042
DECLARE @FacultyId42 uniqueidentifier = (SELECT TOP 1 [Id] FROM [CatalogReferences] WHERE [Type] = N'Faculty' AND [Code] = LEFT(N'Ciencias Económicas, Administrativas y Negocios', 80));
IF @FacultyId42 IS NULL SET @FacultyId42 = (SELECT TOP 1 [Id] FROM [CatalogReferences] WHERE [Type] = N'Faculty' AND [Name] = LEFT(N'Ciencias Económicas, Administrativas y Negocios', 180));
IF @FacultyId42 IS NULL BEGIN SET @FacultyId42 = '40d4cfd9-eedb-5e82-d542-eea5230d4f10'; INSERT INTO [CatalogReferences] ([Id],[Type],[Code],[Name],[IsActive],[CreatedAt]) VALUES (@FacultyId42, N'Faculty', LEFT(N'Ciencias Económicas, Administrativas y Negocios', 80), LEFT(N'Ciencias Económicas, Administrativas y Negocios', 180), 1, SYSDATETIMEOFFSET()); END
ELSE UPDATE [CatalogReferences] SET [Name] = LEFT(N'Ciencias Económicas, Administrativas y Negocios', 180), [IsActive] = 1 WHERE [Id] = @FacultyId42;
DECLARE @CampusId42 uniqueidentifier = (SELECT TOP 1 [Id] FROM [CatalogReferences] WHERE [Type] = N'Campus' AND [Code] = LEFT(N'INSTITUCIONAL', 80));
IF @CampusId42 IS NULL SET @CampusId42 = (SELECT TOP 1 [Id] FROM [CatalogReferences] WHERE [Type] = N'Campus' AND [Name] = LEFT(N'INSTITUCIONAL', 180));
IF @CampusId42 IS NULL BEGIN SET @CampusId42 = 'af4e2147-0fac-ecc9-a956-9ed347f04fb4'; INSERT INTO [CatalogReferences] ([Id],[Type],[Code],[Name],[IsActive],[CreatedAt]) VALUES (@CampusId42, N'Campus', LEFT(N'INSTITUCIONAL', 80), LEFT(N'INSTITUCIONAL', 180), 1, SYSDATETIMEOFFSET()); END
ELSE UPDATE [CatalogReferences] SET [Name] = LEFT(N'INSTITUCIONAL', 180), [IsActive] = 1 WHERE [Id] = @CampusId42;
DECLARE @EventFormatId42 uniqueidentifier = (SELECT TOP 1 [Id] FROM [CatalogReferences] WHERE [Type] = N'FormatoEvento' AND [Code] = LEFT(N'La actividad se desarrollará mediante reuniones informativas presenciales, apoyadas por unaa charla formativa de orden académico, en las que se presentará la oferta académica, los beneficios de la homologación y el proceso de admisión. Participarán potenciales estudiantes provenientes de institutos con convenio, así como autoridades y personal académico y administrativo encargado de orientar y resolver inquietudes de los asistentes.', 80));
IF @EventFormatId42 IS NULL SET @EventFormatId42 = (SELECT TOP 1 [Id] FROM [CatalogReferences] WHERE [Type] = N'FormatoEvento' AND [Name] = LEFT(N'La actividad se desarrollará mediante reuniones informativas presenciales, apoyadas por unaa charla formativa de orden académico, en las que se presentará la oferta académica, los beneficios de la homologación y el proceso de admisión. Participarán potenciales estudiantes provenientes de institutos con convenio, así como autoridades y personal académico y administrativo encargado de orientar y resolver inquietudes de los asistentes.', 180));
IF @EventFormatId42 IS NULL BEGIN SET @EventFormatId42 = 'f93d3c39-6244-0508-6df9-b9d979e6adf6'; INSERT INTO [CatalogReferences] ([Id],[Type],[Code],[Name],[IsActive],[CreatedAt]) VALUES (@EventFormatId42, N'FormatoEvento', LEFT(N'La actividad se desarrollará mediante reuniones informativas presenciales, apoyadas por unaa charla formativa de orden académico, en las que se presentará la oferta académica, los beneficios de la homologación y el proceso de admisión. Participarán potenciales estudiantes provenientes de institutos con convenio, así como autoridades y personal académico y administrativo encargado de orientar y resolver inquietudes de los asistentes.', 80), LEFT(N'La actividad se desarrollará mediante reuniones informativas presenciales, apoyadas por unaa charla formativa de orden académico, en las que se presentará la oferta académica, los beneficios de la homologación y el proceso de admisión. Participarán potenciales estudiantes provenientes de institutos con convenio, así como autoridades y personal académico y administrativo encargado de orientar y resolver inquietudes de los asistentes.', 180), 1, SYSDATETIMEOFFSET()); END
ELSE UPDATE [CatalogReferences] SET [Name] = LEFT(N'La actividad se desarrollará mediante reuniones informativas presenciales, apoyadas por unaa charla formativa de orden académico, en las que se presentará la oferta académica, los beneficios de la homologación y el proceso de admisión. Participarán potenciales estudiantes provenientes de institutos con convenio, así como autoridades y personal académico y administrativo encargado de orientar y resolver inquietudes de los asistentes.', 180), [IsActive] = 1 WHERE [Id] = @EventFormatId42;
DECLARE @StatusId42 uniqueidentifier = (SELECT TOP 1 [Id] FROM [CatalogReferences] WHERE [Type] = N'EstadoRequerimiento' AND [Code] = LEFT(N'Draft', 80));
IF @StatusId42 IS NULL SET @StatusId42 = (SELECT TOP 1 [Id] FROM [CatalogReferences] WHERE [Type] = N'EstadoRequerimiento' AND [Name] = LEFT(N'Borrador', 180));
IF @StatusId42 IS NULL BEGIN SET @StatusId42 = '33333333-3333-3333-3333-333333333391'; INSERT INTO [CatalogReferences] ([Id],[Type],[Code],[Name],[IsActive],[CreatedAt]) VALUES (@StatusId42, N'EstadoRequerimiento', LEFT(N'Draft', 80), LEFT(N'Borrador', 180), 1, SYSDATETIMEOFFSET()); END
ELSE UPDATE [CatalogReferences] SET [Name] = LEFT(N'Borrador', 180), [IsActive] = 1 WHERE [Id] = @StatusId42;
IF EXISTS (SELECT 1 FROM [Requirements] WHERE [Code] = N'REQ-2026062042')
BEGIN
  UPDATE [Requirements] SET [ActivityOrEvent] = LEFT(N'OFERTA PROMOCIONAL HOMOLOGACIONES ATM "BABAHOYO"', 240), [RequestedBy] = LEFT(N'MARIA EUGENIA MONTERO RODRIGUEZ', 120), [FacultyId] = @FacultyId42, [Faculty] = LEFT(N'Ciencias Económicas, Administrativas y Negocios', 160), [Career] = LEFT(N'Área Específica', 160), [CampusId] = @CampusId42, [Campus] = LEFT(N'INSTITUCIONAL', 120), [Place] = LEFT(N'Auditorio del Campus Eugenio Espejo.', 180), [StartDate] = '2026-07-11', [EndDate] = '2026-07-11', [EventObjective] = LEFT(N'Propiciar espacios de encuentro con potenciales interesados en las carreras mediante procesos de homologación, con el fin de brindar información oportuna, resolver inquietudes y orientar la continuidad de sus estudios, favoreciendo la incorporación de nuevos estudiantes y fortaleciendo las oportunidades de acceso y permanencia en la educación superior.', 4000), [EventFormatId] = @EventFormatId42, [EventFormat] = LEFT(N'La actividad se desarrollará mediante reuniones informativas presenciales, apoyadas por unaa charla formativa de orden académico, en las que se presentará la oferta académica, los beneficios de la homologación y el proceso de admisión. Participarán potenciales estudiantes provenientes de institutos con convenio, así como autoridades y personal académico y administrativo encargado de orientar y resolver inquietudes de los asistentes.', 80), [RequestDate] = '2026-06-22', [Status] = N'Draft', [StatusId] = @StatusId42, [UpdatedAt] = TODATETIMEOFFSET(CONVERT(datetime2, '2026-06-22 00:00:00'), '+00:00') WHERE [Code] = N'REQ-2026062042';
END
ELSE
BEGIN
  INSERT INTO [Requirements] ([Id],[Code],[ActivityOrEvent],[RequestedBy],[FacultyId],[Faculty],[Career],[CampusId],[Campus],[Place],[StartDate],[EndDate],[EventObjective],[EventFormatId],[EventFormat],[RequestDate],[Status],[StatusId],[CreatedAt],[UpdatedAt]) VALUES ('bd8b6db3-1b7f-0aa1-835f-9ff8dfcbd231', N'REQ-2026062042', LEFT(N'OFERTA PROMOCIONAL HOMOLOGACIONES ATM "BABAHOYO"', 240), LEFT(N'MARIA EUGENIA MONTERO RODRIGUEZ', 120), @FacultyId42, LEFT(N'Ciencias Económicas, Administrativas y Negocios', 160), LEFT(N'Área Específica', 160), @CampusId42, LEFT(N'INSTITUCIONAL', 120), LEFT(N'Auditorio del Campus Eugenio Espejo.', 180), '2026-07-11', '2026-07-11', LEFT(N'Propiciar espacios de encuentro con potenciales interesados en las carreras mediante procesos de homologación, con el fin de brindar información oportuna, resolver inquietudes y orientar la continuidad de sus estudios, favoreciendo la incorporación de nuevos estudiantes y fortaleciendo las oportunidades de acceso y permanencia en la educación superior.', 4000), @EventFormatId42, LEFT(N'La actividad se desarrollará mediante reuniones informativas presenciales, apoyadas por unaa charla formativa de orden académico, en las que se presentará la oferta académica, los beneficios de la homologación y el proceso de admisión. Participarán potenciales estudiantes provenientes de institutos con convenio, así como autoridades y personal académico y administrativo encargado de orientar y resolver inquietudes de los asistentes.', 80), '2026-06-22', N'Draft', @StatusId42, TODATETIMEOFFSET(CONVERT(datetime2, '2026-06-22 00:00:00'), '+00:00'), TODATETIMEOFFSET(CONVERT(datetime2, '2026-06-22 00:00:00'), '+00:00'));
  INSERT INTO [RequirementAuditEvents] ([Id],[RequirementId],[FromStatus],[ToStatus],[Action],[PerformedBy],[Comments],[OccurredAt]) VALUES (NEWID(), 'bd8b6db3-1b7f-0aa1-835f-9ff8dfcbd231', NULL, N'Draft', N'Carga inicial desde portapapeles', LEFT(N'MARIA EUGENIA MONTERO RODRIGUEZ', 160), N'Registro importado desde tabla de requerimientos', SYSDATETIMEOFFSET());
END
-- REQ-2026062043
DECLARE @FacultyId43 uniqueidentifier = (SELECT TOP 1 [Id] FROM [CatalogReferences] WHERE [Type] = N'Faculty' AND [Code] = LEFT(N'Ciencias Económicas, Administrativas y Negocios', 80));
IF @FacultyId43 IS NULL SET @FacultyId43 = (SELECT TOP 1 [Id] FROM [CatalogReferences] WHERE [Type] = N'Faculty' AND [Name] = LEFT(N'Ciencias Económicas, Administrativas y Negocios', 180));
IF @FacultyId43 IS NULL BEGIN SET @FacultyId43 = '40d4cfd9-eedb-5e82-d542-eea5230d4f10'; INSERT INTO [CatalogReferences] ([Id],[Type],[Code],[Name],[IsActive],[CreatedAt]) VALUES (@FacultyId43, N'Faculty', LEFT(N'Ciencias Económicas, Administrativas y Negocios', 80), LEFT(N'Ciencias Económicas, Administrativas y Negocios', 180), 1, SYSDATETIMEOFFSET()); END
ELSE UPDATE [CatalogReferences] SET [Name] = LEFT(N'Ciencias Económicas, Administrativas y Negocios', 180), [IsActive] = 1 WHERE [Id] = @FacultyId43;
DECLARE @CampusId43 uniqueidentifier = (SELECT TOP 1 [Id] FROM [CatalogReferences] WHERE [Type] = N'Campus' AND [Code] = LEFT(N'INSTITUCIONAL', 80));
IF @CampusId43 IS NULL SET @CampusId43 = (SELECT TOP 1 [Id] FROM [CatalogReferences] WHERE [Type] = N'Campus' AND [Name] = LEFT(N'INSTITUCIONAL', 180));
IF @CampusId43 IS NULL BEGIN SET @CampusId43 = 'af4e2147-0fac-ecc9-a956-9ed347f04fb4'; INSERT INTO [CatalogReferences] ([Id],[Type],[Code],[Name],[IsActive],[CreatedAt]) VALUES (@CampusId43, N'Campus', LEFT(N'INSTITUCIONAL', 80), LEFT(N'INSTITUCIONAL', 180), 1, SYSDATETIMEOFFSET()); END
ELSE UPDATE [CatalogReferences] SET [Name] = LEFT(N'INSTITUCIONAL', 180), [IsActive] = 1 WHERE [Id] = @CampusId43;
DECLARE @EventFormatId43 uniqueidentifier = (SELECT TOP 1 [Id] FROM [CatalogReferences] WHERE [Type] = N'FormatoEvento' AND [Code] = LEFT(N'La actividad se desarrollará en modalidad de feria y charla académica, en el cual promocionaremos a la Facultad de Ciencias Administrativas y Negocios de la Universidad Indoamérica. El evento combinará espacios de exposición cultural y comunitaria con intervenciones académicas, promoviendo la participación de estudiantes, docentes y público externo en un entorno de integración y aprendizaje.', 80));
IF @EventFormatId43 IS NULL SET @EventFormatId43 = (SELECT TOP 1 [Id] FROM [CatalogReferences] WHERE [Type] = N'FormatoEvento' AND [Name] = LEFT(N'La actividad se desarrollará en modalidad de feria y charla académica, en el cual promocionaremos a la Facultad de Ciencias Administrativas y Negocios de la Universidad Indoamérica. El evento combinará espacios de exposición cultural y comunitaria con intervenciones académicas, promoviendo la participación de estudiantes, docentes y público externo en un entorno de integración y aprendizaje.', 180));
IF @EventFormatId43 IS NULL BEGIN SET @EventFormatId43 = '28c0046a-6791-e097-b34e-fc3f01f89d10'; INSERT INTO [CatalogReferences] ([Id],[Type],[Code],[Name],[IsActive],[CreatedAt]) VALUES (@EventFormatId43, N'FormatoEvento', LEFT(N'La actividad se desarrollará en modalidad de feria y charla académica, en el cual promocionaremos a la Facultad de Ciencias Administrativas y Negocios de la Universidad Indoamérica. El evento combinará espacios de exposición cultural y comunitaria con intervenciones académicas, promoviendo la participación de estudiantes, docentes y público externo en un entorno de integración y aprendizaje.', 80), LEFT(N'La actividad se desarrollará en modalidad de feria y charla académica, en el cual promocionaremos a la Facultad de Ciencias Administrativas y Negocios de la Universidad Indoamérica. El evento combinará espacios de exposición cultural y comunitaria con intervenciones académicas, promoviendo la participación de estudiantes, docentes y público externo en un entorno de integración y aprendizaje.', 180), 1, SYSDATETIMEOFFSET()); END
ELSE UPDATE [CatalogReferences] SET [Name] = LEFT(N'La actividad se desarrollará en modalidad de feria y charla académica, en el cual promocionaremos a la Facultad de Ciencias Administrativas y Negocios de la Universidad Indoamérica. El evento combinará espacios de exposición cultural y comunitaria con intervenciones académicas, promoviendo la participación de estudiantes, docentes y público externo en un entorno de integración y aprendizaje.', 180), [IsActive] = 1 WHERE [Id] = @EventFormatId43;
DECLARE @StatusId43 uniqueidentifier = (SELECT TOP 1 [Id] FROM [CatalogReferences] WHERE [Type] = N'EstadoRequerimiento' AND [Code] = LEFT(N'Draft', 80));
IF @StatusId43 IS NULL SET @StatusId43 = (SELECT TOP 1 [Id] FROM [CatalogReferences] WHERE [Type] = N'EstadoRequerimiento' AND [Name] = LEFT(N'Borrador', 180));
IF @StatusId43 IS NULL BEGIN SET @StatusId43 = '33333333-3333-3333-3333-333333333391'; INSERT INTO [CatalogReferences] ([Id],[Type],[Code],[Name],[IsActive],[CreatedAt]) VALUES (@StatusId43, N'EstadoRequerimiento', LEFT(N'Draft', 80), LEFT(N'Borrador', 180), 1, SYSDATETIMEOFFSET()); END
ELSE UPDATE [CatalogReferences] SET [Name] = LEFT(N'Borrador', 180), [IsActive] = 1 WHERE [Id] = @StatusId43;
IF EXISTS (SELECT 1 FROM [Requirements] WHERE [Code] = N'REQ-2026062043')
BEGIN
  UPDATE [Requirements] SET [ActivityOrEvent] = LEFT(N'COMUNICADO INSTITUCIONAL', 240), [RequestedBy] = LEFT(N'KARLA BAYAS', 120), [FacultyId] = @FacultyId43, [Faculty] = LEFT(N'Ciencias Económicas, Administrativas y Negocios', 160), [Career] = LEFT(N'Actividad de Facultad', 160), [CampusId] = @CampusId43, [Campus] = LEFT(N'INSTITUCIONAL', 120), [Place] = LEFT(N'Coliseo central de la parroquia Sevilla', 180), [StartDate] = '2026-07-09', [EndDate] = '2026-06-11', [EventObjective] = LEFT(N'Promover la integración cultural y comunitaria mediante la celebración tradicional de las Fiestas de Sevilla, fortaleciendo la vinculación de la universidad con la comunidad y aportando al posicionamiento institucional en la región.', 4000), [EventFormatId] = @EventFormatId43, [EventFormat] = LEFT(N'La actividad se desarrollará en modalidad de feria y charla académica, en el cual promocionaremos a la Facultad de Ciencias Administrativas y Negocios de la Universidad Indoamérica. El evento combinará espacios de exposición cultural y comunitaria con intervenciones académicas, promoviendo la participación de estudiantes, docentes y público externo en un entorno de integración y aprendizaje.', 80), [RequestDate] = '2026-06-22', [Status] = N'Draft', [StatusId] = @StatusId43, [UpdatedAt] = TODATETIMEOFFSET(CONVERT(datetime2, '2026-06-22 00:00:00'), '+00:00') WHERE [Code] = N'REQ-2026062043';
END
ELSE
BEGIN
  INSERT INTO [Requirements] ([Id],[Code],[ActivityOrEvent],[RequestedBy],[FacultyId],[Faculty],[Career],[CampusId],[Campus],[Place],[StartDate],[EndDate],[EventObjective],[EventFormatId],[EventFormat],[RequestDate],[Status],[StatusId],[CreatedAt],[UpdatedAt]) VALUES ('0a9e39d3-8661-a13a-9a6b-3068c3330b6b', N'REQ-2026062043', LEFT(N'COMUNICADO INSTITUCIONAL', 240), LEFT(N'KARLA BAYAS', 120), @FacultyId43, LEFT(N'Ciencias Económicas, Administrativas y Negocios', 160), LEFT(N'Actividad de Facultad', 160), @CampusId43, LEFT(N'INSTITUCIONAL', 120), LEFT(N'Coliseo central de la parroquia Sevilla', 180), '2026-07-09', '2026-06-11', LEFT(N'Promover la integración cultural y comunitaria mediante la celebración tradicional de las Fiestas de Sevilla, fortaleciendo la vinculación de la universidad con la comunidad y aportando al posicionamiento institucional en la región.', 4000), @EventFormatId43, LEFT(N'La actividad se desarrollará en modalidad de feria y charla académica, en el cual promocionaremos a la Facultad de Ciencias Administrativas y Negocios de la Universidad Indoamérica. El evento combinará espacios de exposición cultural y comunitaria con intervenciones académicas, promoviendo la participación de estudiantes, docentes y público externo en un entorno de integración y aprendizaje.', 80), '2026-06-22', N'Draft', @StatusId43, TODATETIMEOFFSET(CONVERT(datetime2, '2026-06-22 00:00:00'), '+00:00'), TODATETIMEOFFSET(CONVERT(datetime2, '2026-06-22 00:00:00'), '+00:00'));
  INSERT INTO [RequirementAuditEvents] ([Id],[RequirementId],[FromStatus],[ToStatus],[Action],[PerformedBy],[Comments],[OccurredAt]) VALUES (NEWID(), '0a9e39d3-8661-a13a-9a6b-3068c3330b6b', NULL, N'Draft', N'Carga inicial desde portapapeles', LEFT(N'KARLA BAYAS', 160), N'Registro importado desde tabla de requerimientos', SYSDATETIMEOFFSET());
END
-- REQ-2026062044
DECLARE @FacultyId44 uniqueidentifier = (SELECT TOP 1 [Id] FROM [CatalogReferences] WHERE [Type] = N'Faculty' AND [Code] = LEFT(N'Jurisprudencia y Ciencias Políticas', 80));
IF @FacultyId44 IS NULL SET @FacultyId44 = (SELECT TOP 1 [Id] FROM [CatalogReferences] WHERE [Type] = N'Faculty' AND [Name] = LEFT(N'Jurisprudencia y Ciencias Políticas', 180));
IF @FacultyId44 IS NULL BEGIN SET @FacultyId44 = '4d5c433b-b1e4-663c-a8a3-8407e12bcae6'; INSERT INTO [CatalogReferences] ([Id],[Type],[Code],[Name],[IsActive],[CreatedAt]) VALUES (@FacultyId44, N'Faculty', LEFT(N'Jurisprudencia y Ciencias Políticas', 80), LEFT(N'Jurisprudencia y Ciencias Políticas', 180), 1, SYSDATETIMEOFFSET()); END
ELSE UPDATE [CatalogReferences] SET [Name] = LEFT(N'Jurisprudencia y Ciencias Políticas', 180), [IsActive] = 1 WHERE [Id] = @FacultyId44;
DECLARE @CampusId44 uniqueidentifier = (SELECT TOP 1 [Id] FROM [CatalogReferences] WHERE [Type] = N'Campus' AND [Code] = LEFT(N'INSTITUCIONAL', 80));
IF @CampusId44 IS NULL SET @CampusId44 = (SELECT TOP 1 [Id] FROM [CatalogReferences] WHERE [Type] = N'Campus' AND [Name] = LEFT(N'INSTITUCIONAL', 180));
IF @CampusId44 IS NULL BEGIN SET @CampusId44 = 'af4e2147-0fac-ecc9-a956-9ed347f04fb4'; INSERT INTO [CatalogReferences] ([Id],[Type],[Code],[Name],[IsActive],[CreatedAt]) VALUES (@CampusId44, N'Campus', LEFT(N'INSTITUCIONAL', 80), LEFT(N'INSTITUCIONAL', 180), 1, SYSDATETIMEOFFSET()); END
ELSE UPDATE [CatalogReferences] SET [Name] = LEFT(N'INSTITUCIONAL', 180), [IsActive] = 1 WHERE [Id] = @CampusId44;
DECLARE @EventFormatId44 uniqueidentifier = (SELECT TOP 1 [Id] FROM [CatalogReferences] WHERE [Type] = N'FormatoEvento' AND [Code] = LEFT(N'La actividad se llevará a cabo en modalidad de feria y charla académica, organizada por la Facultad de Jurisprudencia y Ciencias Políticas. Se combinarán espacios de exposición cultural con intervenciones académicas, fomentando la participación de estudiantes, docentes y público externo en un entorno de integración y aprendizaje.', 80));
IF @EventFormatId44 IS NULL SET @EventFormatId44 = (SELECT TOP 1 [Id] FROM [CatalogReferences] WHERE [Type] = N'FormatoEvento' AND [Name] = LEFT(N'La actividad se llevará a cabo en modalidad de feria y charla académica, organizada por la Facultad de Jurisprudencia y Ciencias Políticas. Se combinarán espacios de exposición cultural con intervenciones académicas, fomentando la participación de estudiantes, docentes y público externo en un entorno de integración y aprendizaje.', 180));
IF @EventFormatId44 IS NULL BEGIN SET @EventFormatId44 = '7a7911dc-1847-ab2d-7efb-b4e1b8430045'; INSERT INTO [CatalogReferences] ([Id],[Type],[Code],[Name],[IsActive],[CreatedAt]) VALUES (@EventFormatId44, N'FormatoEvento', LEFT(N'La actividad se llevará a cabo en modalidad de feria y charla académica, organizada por la Facultad de Jurisprudencia y Ciencias Políticas. Se combinarán espacios de exposición cultural con intervenciones académicas, fomentando la participación de estudiantes, docentes y público externo en un entorno de integración y aprendizaje.', 80), LEFT(N'La actividad se llevará a cabo en modalidad de feria y charla académica, organizada por la Facultad de Jurisprudencia y Ciencias Políticas. Se combinarán espacios de exposición cultural con intervenciones académicas, fomentando la participación de estudiantes, docentes y público externo en un entorno de integración y aprendizaje.', 180), 1, SYSDATETIMEOFFSET()); END
ELSE UPDATE [CatalogReferences] SET [Name] = LEFT(N'La actividad se llevará a cabo en modalidad de feria y charla académica, organizada por la Facultad de Jurisprudencia y Ciencias Políticas. Se combinarán espacios de exposición cultural con intervenciones académicas, fomentando la participación de estudiantes, docentes y público externo en un entorno de integración y aprendizaje.', 180), [IsActive] = 1 WHERE [Id] = @EventFormatId44;
DECLARE @StatusId44 uniqueidentifier = (SELECT TOP 1 [Id] FROM [CatalogReferences] WHERE [Type] = N'EstadoRequerimiento' AND [Code] = LEFT(N'Draft', 80));
IF @StatusId44 IS NULL SET @StatusId44 = (SELECT TOP 1 [Id] FROM [CatalogReferences] WHERE [Type] = N'EstadoRequerimiento' AND [Name] = LEFT(N'Borrador', 180));
IF @StatusId44 IS NULL BEGIN SET @StatusId44 = '33333333-3333-3333-3333-333333333391'; INSERT INTO [CatalogReferences] ([Id],[Type],[Code],[Name],[IsActive],[CreatedAt]) VALUES (@StatusId44, N'EstadoRequerimiento', LEFT(N'Draft', 80), LEFT(N'Borrador', 180), 1, SYSDATETIMEOFFSET()); END
ELSE UPDATE [CatalogReferences] SET [Name] = LEFT(N'Borrador', 180), [IsActive] = 1 WHERE [Id] = @StatusId44;
IF EXISTS (SELECT 1 FROM [Requirements] WHERE [Code] = N'REQ-2026062044')
BEGIN
  UPDATE [Requirements] SET [ActivityOrEvent] = LEFT(N'SOCIALIZACIÓN DE CONVENIOS FIRMADOS', 240), [RequestedBy] = LEFT(N'Mario González', 120), [FacultyId] = @FacultyId44, [Faculty] = LEFT(N'Jurisprudencia y Ciencias Políticas', 160), [Career] = LEFT(N'Actividad de Facultad', 160), [CampusId] = @CampusId44, [Campus] = LEFT(N'INSTITUCIONAL', 120), [Place] = LEFT(N'Parroquia Palma Roja, Cantón Putumayo', 180), [StartDate] = '2026-07-02', [EndDate] = '2026-07-05', [EventObjective] = LEFT(N'Promocionar la Facultad de Jurisprudencia y Ciencias Políticas de la Universidad Indoamérica mediante su participación en las Fiestas de Palma Roja, fortaleciendo la vinculación comunitaria y el posicionamiento institucional en la región.', 4000), [EventFormatId] = @EventFormatId44, [EventFormat] = LEFT(N'La actividad se llevará a cabo en modalidad de feria y charla académica, organizada por la Facultad de Jurisprudencia y Ciencias Políticas. Se combinarán espacios de exposición cultural con intervenciones académicas, fomentando la participación de estudiantes, docentes y público externo en un entorno de integración y aprendizaje.', 80), [RequestDate] = '2026-06-22', [Status] = N'Draft', [StatusId] = @StatusId44, [UpdatedAt] = TODATETIMEOFFSET(CONVERT(datetime2, '2026-06-22 00:00:00'), '+00:00') WHERE [Code] = N'REQ-2026062044';
END
ELSE
BEGIN
  INSERT INTO [Requirements] ([Id],[Code],[ActivityOrEvent],[RequestedBy],[FacultyId],[Faculty],[Career],[CampusId],[Campus],[Place],[StartDate],[EndDate],[EventObjective],[EventFormatId],[EventFormat],[RequestDate],[Status],[StatusId],[CreatedAt],[UpdatedAt]) VALUES ('5f3bddca-f113-c013-d513-c9ad004e5c70', N'REQ-2026062044', LEFT(N'SOCIALIZACIÓN DE CONVENIOS FIRMADOS', 240), LEFT(N'Mario González', 120), @FacultyId44, LEFT(N'Jurisprudencia y Ciencias Políticas', 160), LEFT(N'Actividad de Facultad', 160), @CampusId44, LEFT(N'INSTITUCIONAL', 120), LEFT(N'Parroquia Palma Roja, Cantón Putumayo', 180), '2026-07-02', '2026-07-05', LEFT(N'Promocionar la Facultad de Jurisprudencia y Ciencias Políticas de la Universidad Indoamérica mediante su participación en las Fiestas de Palma Roja, fortaleciendo la vinculación comunitaria y el posicionamiento institucional en la región.', 4000), @EventFormatId44, LEFT(N'La actividad se llevará a cabo en modalidad de feria y charla académica, organizada por la Facultad de Jurisprudencia y Ciencias Políticas. Se combinarán espacios de exposición cultural con intervenciones académicas, fomentando la participación de estudiantes, docentes y público externo en un entorno de integración y aprendizaje.', 80), '2026-06-22', N'Draft', @StatusId44, TODATETIMEOFFSET(CONVERT(datetime2, '2026-06-22 00:00:00'), '+00:00'), TODATETIMEOFFSET(CONVERT(datetime2, '2026-06-22 00:00:00'), '+00:00'));
  INSERT INTO [RequirementAuditEvents] ([Id],[RequirementId],[FromStatus],[ToStatus],[Action],[PerformedBy],[Comments],[OccurredAt]) VALUES (NEWID(), '5f3bddca-f113-c013-d513-c9ad004e5c70', NULL, N'Draft', N'Carga inicial desde portapapeles', LEFT(N'Mario González', 160), N'Registro importado desde tabla de requerimientos', SYSDATETIMEOFFSET());
END
-- REQ-2026062045
DECLARE @FacultyId45 uniqueidentifier = (SELECT TOP 1 [Id] FROM [CatalogReferences] WHERE [Type] = N'Faculty' AND [Code] = LEFT(N'Ciencias de la Educación', 80));
IF @FacultyId45 IS NULL SET @FacultyId45 = (SELECT TOP 1 [Id] FROM [CatalogReferences] WHERE [Type] = N'Faculty' AND [Name] = LEFT(N'Ciencias de la Educación', 180));
IF @FacultyId45 IS NULL BEGIN SET @FacultyId45 = 'dc4af3b5-e6a7-de7f-9c47-898798c90771'; INSERT INTO [CatalogReferences] ([Id],[Type],[Code],[Name],[IsActive],[CreatedAt]) VALUES (@FacultyId45, N'Faculty', LEFT(N'Ciencias de la Educación', 80), LEFT(N'Ciencias de la Educación', 180), 1, SYSDATETIMEOFFSET()); END
ELSE UPDATE [CatalogReferences] SET [Name] = LEFT(N'Ciencias de la Educación', 180), [IsActive] = 1 WHERE [Id] = @FacultyId45;
DECLARE @CampusId45 uniqueidentifier = (SELECT TOP 1 [Id] FROM [CatalogReferences] WHERE [Type] = N'Campus' AND [Code] = LEFT(N'INSTITUCIONAL', 80));
IF @CampusId45 IS NULL SET @CampusId45 = (SELECT TOP 1 [Id] FROM [CatalogReferences] WHERE [Type] = N'Campus' AND [Name] = LEFT(N'INSTITUCIONAL', 180));
IF @CampusId45 IS NULL BEGIN SET @CampusId45 = 'af4e2147-0fac-ecc9-a956-9ed347f04fb4'; INSERT INTO [CatalogReferences] ([Id],[Type],[Code],[Name],[IsActive],[CreatedAt]) VALUES (@CampusId45, N'Campus', LEFT(N'INSTITUCIONAL', 80), LEFT(N'INSTITUCIONAL', 180), 1, SYSDATETIMEOFFSET()); END
ELSE UPDATE [CatalogReferences] SET [Name] = LEFT(N'INSTITUCIONAL', 180), [IsActive] = 1 WHERE [Id] = @CampusId45;
DECLARE @EventFormatId45 uniqueidentifier = (SELECT TOP 1 [Id] FROM [CatalogReferences] WHERE [Type] = N'FormatoEvento' AND [Code] = LEFT(N'La actividad se desarrollará en modalidad de feria y charla académica, organizada por la Facultad de Ciencias de la Educación. Se combinarán espacios de exposición cultural con intervenciones académicas, fomentando la participación de estudiantes, docentes y público externo en un entorno de integración y aprendizaje.', 80));
IF @EventFormatId45 IS NULL SET @EventFormatId45 = (SELECT TOP 1 [Id] FROM [CatalogReferences] WHERE [Type] = N'FormatoEvento' AND [Name] = LEFT(N'La actividad se desarrollará en modalidad de feria y charla académica, organizada por la Facultad de Ciencias de la Educación. Se combinarán espacios de exposición cultural con intervenciones académicas, fomentando la participación de estudiantes, docentes y público externo en un entorno de integración y aprendizaje.', 180));
IF @EventFormatId45 IS NULL BEGIN SET @EventFormatId45 = 'f9e4792a-5430-7dbc-5339-b034e7d844ae'; INSERT INTO [CatalogReferences] ([Id],[Type],[Code],[Name],[IsActive],[CreatedAt]) VALUES (@EventFormatId45, N'FormatoEvento', LEFT(N'La actividad se desarrollará en modalidad de feria y charla académica, organizada por la Facultad de Ciencias de la Educación. Se combinarán espacios de exposición cultural con intervenciones académicas, fomentando la participación de estudiantes, docentes y público externo en un entorno de integración y aprendizaje.', 80), LEFT(N'La actividad se desarrollará en modalidad de feria y charla académica, organizada por la Facultad de Ciencias de la Educación. Se combinarán espacios de exposición cultural con intervenciones académicas, fomentando la participación de estudiantes, docentes y público externo en un entorno de integración y aprendizaje.', 180), 1, SYSDATETIMEOFFSET()); END
ELSE UPDATE [CatalogReferences] SET [Name] = LEFT(N'La actividad se desarrollará en modalidad de feria y charla académica, organizada por la Facultad de Ciencias de la Educación. Se combinarán espacios de exposición cultural con intervenciones académicas, fomentando la participación de estudiantes, docentes y público externo en un entorno de integración y aprendizaje.', 180), [IsActive] = 1 WHERE [Id] = @EventFormatId45;
DECLARE @StatusId45 uniqueidentifier = (SELECT TOP 1 [Id] FROM [CatalogReferences] WHERE [Type] = N'EstadoRequerimiento' AND [Code] = LEFT(N'Draft', 80));
IF @StatusId45 IS NULL SET @StatusId45 = (SELECT TOP 1 [Id] FROM [CatalogReferences] WHERE [Type] = N'EstadoRequerimiento' AND [Name] = LEFT(N'Borrador', 180));
IF @StatusId45 IS NULL BEGIN SET @StatusId45 = '33333333-3333-3333-3333-333333333391'; INSERT INTO [CatalogReferences] ([Id],[Type],[Code],[Name],[IsActive],[CreatedAt]) VALUES (@StatusId45, N'EstadoRequerimiento', LEFT(N'Draft', 80), LEFT(N'Borrador', 180), 1, SYSDATETIMEOFFSET()); END
ELSE UPDATE [CatalogReferences] SET [Name] = LEFT(N'Borrador', 180), [IsActive] = 1 WHERE [Id] = @StatusId45;
IF EXISTS (SELECT 1 FROM [Requirements] WHERE [Code] = N'REQ-2026062045')
BEGIN
  UPDATE [Requirements] SET [ActivityOrEvent] = LEFT(N'Fiestas de Sevilla en Palma Roja', 240), [RequestedBy] = LEFT(N'Margarita Isabel Yela Granda', 120), [FacultyId] = @FacultyId45, [Faculty] = LEFT(N'Ciencias de la Educación', 160), [Career] = LEFT(N'Actividad de Facultad', 160), [CampusId] = @CampusId45, [Campus] = LEFT(N'INSTITUCIONAL', 120), [Place] = LEFT(N'Coliseo central de la Parroquia 07 de Julio, Cantón Shushufindi', 180), [StartDate] = '2026-07-04', [EndDate] = '2026-07-06', [EventObjective] = LEFT(N'Promocionar la Facultad de Ciencias de la Educación de la Universidad Indoamérica mediante su participación en las Fiestas de la parroquia 07 de Julio, fortaleciendo la vinculación comunitaria y el posicionamiento institucional en la región.', 4000), [EventFormatId] = @EventFormatId45, [EventFormat] = LEFT(N'La actividad se desarrollará en modalidad de feria y charla académica, organizada por la Facultad de Ciencias de la Educación. Se combinarán espacios de exposición cultural con intervenciones académicas, fomentando la participación de estudiantes, docentes y público externo en un entorno de integración y aprendizaje.', 80), [RequestDate] = '2026-06-22', [Status] = N'Draft', [StatusId] = @StatusId45, [UpdatedAt] = TODATETIMEOFFSET(CONVERT(datetime2, '2026-06-22 00:00:00'), '+00:00') WHERE [Code] = N'REQ-2026062045';
END
ELSE
BEGIN
  INSERT INTO [Requirements] ([Id],[Code],[ActivityOrEvent],[RequestedBy],[FacultyId],[Faculty],[Career],[CampusId],[Campus],[Place],[StartDate],[EndDate],[EventObjective],[EventFormatId],[EventFormat],[RequestDate],[Status],[StatusId],[CreatedAt],[UpdatedAt]) VALUES ('94e89bd5-a642-926f-01d3-65c7f41c3676', N'REQ-2026062045', LEFT(N'Fiestas de Sevilla en Palma Roja', 240), LEFT(N'Margarita Isabel Yela Granda', 120), @FacultyId45, LEFT(N'Ciencias de la Educación', 160), LEFT(N'Actividad de Facultad', 160), @CampusId45, LEFT(N'INSTITUCIONAL', 120), LEFT(N'Coliseo central de la Parroquia 07 de Julio, Cantón Shushufindi', 180), '2026-07-04', '2026-07-06', LEFT(N'Promocionar la Facultad de Ciencias de la Educación de la Universidad Indoamérica mediante su participación en las Fiestas de la parroquia 07 de Julio, fortaleciendo la vinculación comunitaria y el posicionamiento institucional en la región.', 4000), @EventFormatId45, LEFT(N'La actividad se desarrollará en modalidad de feria y charla académica, organizada por la Facultad de Ciencias de la Educación. Se combinarán espacios de exposición cultural con intervenciones académicas, fomentando la participación de estudiantes, docentes y público externo en un entorno de integración y aprendizaje.', 80), '2026-06-22', N'Draft', @StatusId45, TODATETIMEOFFSET(CONVERT(datetime2, '2026-06-22 00:00:00'), '+00:00'), TODATETIMEOFFSET(CONVERT(datetime2, '2026-06-22 00:00:00'), '+00:00'));
  INSERT INTO [RequirementAuditEvents] ([Id],[RequirementId],[FromStatus],[ToStatus],[Action],[PerformedBy],[Comments],[OccurredAt]) VALUES (NEWID(), '94e89bd5-a642-926f-01d3-65c7f41c3676', NULL, N'Draft', N'Carga inicial desde portapapeles', LEFT(N'Margarita Isabel Yela Granda', 160), N'Registro importado desde tabla de requerimientos', SYSDATETIMEOFFSET());
END
-- REQ-2026062046
DECLARE @FacultyId46 uniqueidentifier = (SELECT TOP 1 [Id] FROM [CatalogReferences] WHERE [Type] = N'Faculty' AND [Code] = LEFT(N'Ingenierías', 80));
IF @FacultyId46 IS NULL SET @FacultyId46 = (SELECT TOP 1 [Id] FROM [CatalogReferences] WHERE [Type] = N'Faculty' AND [Name] = LEFT(N'Ingenierías', 180));
IF @FacultyId46 IS NULL BEGIN SET @FacultyId46 = '03d28f2e-1ec6-fa3b-bd19-0f9d39075a0a'; INSERT INTO [CatalogReferences] ([Id],[Type],[Code],[Name],[IsActive],[CreatedAt]) VALUES (@FacultyId46, N'Faculty', LEFT(N'Ingenierías', 80), LEFT(N'Ingenierías', 180), 1, SYSDATETIMEOFFSET()); END
ELSE UPDATE [CatalogReferences] SET [Name] = LEFT(N'Ingenierías', 180), [IsActive] = 1 WHERE [Id] = @FacultyId46;
DECLARE @CampusId46 uniqueidentifier = (SELECT TOP 1 [Id] FROM [CatalogReferences] WHERE [Type] = N'Campus' AND [Code] = LEFT(N'INSTITUCIONAL', 80));
IF @CampusId46 IS NULL SET @CampusId46 = (SELECT TOP 1 [Id] FROM [CatalogReferences] WHERE [Type] = N'Campus' AND [Name] = LEFT(N'INSTITUCIONAL', 180));
IF @CampusId46 IS NULL BEGIN SET @CampusId46 = 'af4e2147-0fac-ecc9-a956-9ed347f04fb4'; INSERT INTO [CatalogReferences] ([Id],[Type],[Code],[Name],[IsActive],[CreatedAt]) VALUES (@CampusId46, N'Campus', LEFT(N'INSTITUCIONAL', 80), LEFT(N'INSTITUCIONAL', 180), 1, SYSDATETIMEOFFSET()); END
ELSE UPDATE [CatalogReferences] SET [Name] = LEFT(N'INSTITUCIONAL', 180), [IsActive] = 1 WHERE [Id] = @CampusId46;
DECLARE @EventFormatId46 uniqueidentifier = (SELECT TOP 1 [Id] FROM [CatalogReferences] WHERE [Type] = N'FormatoEvento' AND [Code] = LEFT(N'La actividad se desarrollará en modalidad de feria y charla técnica, organizada por la Facultad de Ingenierías. Se presentarán proyectos académicos, demostraciones prácticas y espacios de interacción con la comunidad, fomentando la participación de estudiantes, docentes y público externo en un entorno de aprendizaje e innovación.', 80));
IF @EventFormatId46 IS NULL SET @EventFormatId46 = (SELECT TOP 1 [Id] FROM [CatalogReferences] WHERE [Type] = N'FormatoEvento' AND [Name] = LEFT(N'La actividad se desarrollará en modalidad de feria y charla técnica, organizada por la Facultad de Ingenierías. Se presentarán proyectos académicos, demostraciones prácticas y espacios de interacción con la comunidad, fomentando la participación de estudiantes, docentes y público externo en un entorno de aprendizaje e innovación.', 180));
IF @EventFormatId46 IS NULL BEGIN SET @EventFormatId46 = 'c75cb1c0-af8d-b803-76cd-ec4a204379cf'; INSERT INTO [CatalogReferences] ([Id],[Type],[Code],[Name],[IsActive],[CreatedAt]) VALUES (@EventFormatId46, N'FormatoEvento', LEFT(N'La actividad se desarrollará en modalidad de feria y charla técnica, organizada por la Facultad de Ingenierías. Se presentarán proyectos académicos, demostraciones prácticas y espacios de interacción con la comunidad, fomentando la participación de estudiantes, docentes y público externo en un entorno de aprendizaje e innovación.', 80), LEFT(N'La actividad se desarrollará en modalidad de feria y charla técnica, organizada por la Facultad de Ingenierías. Se presentarán proyectos académicos, demostraciones prácticas y espacios de interacción con la comunidad, fomentando la participación de estudiantes, docentes y público externo en un entorno de aprendizaje e innovación.', 180), 1, SYSDATETIMEOFFSET()); END
ELSE UPDATE [CatalogReferences] SET [Name] = LEFT(N'La actividad se desarrollará en modalidad de feria y charla técnica, organizada por la Facultad de Ingenierías. Se presentarán proyectos académicos, demostraciones prácticas y espacios de interacción con la comunidad, fomentando la participación de estudiantes, docentes y público externo en un entorno de aprendizaje e innovación.', 180), [IsActive] = 1 WHERE [Id] = @EventFormatId46;
DECLARE @StatusId46 uniqueidentifier = (SELECT TOP 1 [Id] FROM [CatalogReferences] WHERE [Type] = N'EstadoRequerimiento' AND [Code] = LEFT(N'Draft', 80));
IF @StatusId46 IS NULL SET @StatusId46 = (SELECT TOP 1 [Id] FROM [CatalogReferences] WHERE [Type] = N'EstadoRequerimiento' AND [Name] = LEFT(N'Borrador', 180));
IF @StatusId46 IS NULL BEGIN SET @StatusId46 = '33333333-3333-3333-3333-333333333391'; INSERT INTO [CatalogReferences] ([Id],[Type],[Code],[Name],[IsActive],[CreatedAt]) VALUES (@StatusId46, N'EstadoRequerimiento', LEFT(N'Draft', 80), LEFT(N'Borrador', 180), 1, SYSDATETIMEOFFSET()); END
ELSE UPDATE [CatalogReferences] SET [Name] = LEFT(N'Borrador', 180), [IsActive] = 1 WHERE [Id] = @StatusId46;
IF EXISTS (SELECT 1 FROM [Requirements] WHERE [Code] = N'REQ-2026062046')
BEGIN
  UPDATE [Requirements] SET [ActivityOrEvent] = LEFT(N'Fiestas de Palma Roja', 240), [RequestedBy] = LEFT(N'Margarita Isabel Yela Granda', 120), [FacultyId] = @FacultyId46, [Faculty] = LEFT(N'Ingenierías', 160), [Career] = LEFT(N'Actividad de Facultad', 160), [CampusId] = @CampusId46, [Campus] = LEFT(N'INSTITUCIONAL', 120), [Place] = LEFT(N'Parroquia Aguas Negras, Cantón Cuyabeno', 180), [StartDate] = '2026-07-18', [EndDate] = '2026-07-20', [EventObjective] = LEFT(N'Promocionar la Facultad de Ingenierías de la Universidad Indoamérica mediante su participación en las Fiestas de Aguas Negras, fortaleciendo la vinculación comunitaria y el posicionamiento institucional en la región amazónica.', 4000), [EventFormatId] = @EventFormatId46, [EventFormat] = LEFT(N'La actividad se desarrollará en modalidad de feria y charla técnica, organizada por la Facultad de Ingenierías. Se presentarán proyectos académicos, demostraciones prácticas y espacios de interacción con la comunidad, fomentando la participación de estudiantes, docentes y público externo en un entorno de aprendizaje e innovación.', 80), [RequestDate] = '2026-06-22', [Status] = N'Draft', [StatusId] = @StatusId46, [UpdatedAt] = TODATETIMEOFFSET(CONVERT(datetime2, '2026-06-22 00:00:00'), '+00:00') WHERE [Code] = N'REQ-2026062046';
END
ELSE
BEGIN
  INSERT INTO [Requirements] ([Id],[Code],[ActivityOrEvent],[RequestedBy],[FacultyId],[Faculty],[Career],[CampusId],[Campus],[Place],[StartDate],[EndDate],[EventObjective],[EventFormatId],[EventFormat],[RequestDate],[Status],[StatusId],[CreatedAt],[UpdatedAt]) VALUES ('a6c9b2c6-bfd5-e091-5990-5816ad8ffc6e', N'REQ-2026062046', LEFT(N'Fiestas de Palma Roja', 240), LEFT(N'Margarita Isabel Yela Granda', 120), @FacultyId46, LEFT(N'Ingenierías', 160), LEFT(N'Actividad de Facultad', 160), @CampusId46, LEFT(N'INSTITUCIONAL', 120), LEFT(N'Parroquia Aguas Negras, Cantón Cuyabeno', 180), '2026-07-18', '2026-07-20', LEFT(N'Promocionar la Facultad de Ingenierías de la Universidad Indoamérica mediante su participación en las Fiestas de Aguas Negras, fortaleciendo la vinculación comunitaria y el posicionamiento institucional en la región amazónica.', 4000), @EventFormatId46, LEFT(N'La actividad se desarrollará en modalidad de feria y charla técnica, organizada por la Facultad de Ingenierías. Se presentarán proyectos académicos, demostraciones prácticas y espacios de interacción con la comunidad, fomentando la participación de estudiantes, docentes y público externo en un entorno de aprendizaje e innovación.', 80), '2026-06-22', N'Draft', @StatusId46, TODATETIMEOFFSET(CONVERT(datetime2, '2026-06-22 00:00:00'), '+00:00'), TODATETIMEOFFSET(CONVERT(datetime2, '2026-06-22 00:00:00'), '+00:00'));
  INSERT INTO [RequirementAuditEvents] ([Id],[RequirementId],[FromStatus],[ToStatus],[Action],[PerformedBy],[Comments],[OccurredAt]) VALUES (NEWID(), 'a6c9b2c6-bfd5-e091-5990-5816ad8ffc6e', NULL, N'Draft', N'Carga inicial desde portapapeles', LEFT(N'Margarita Isabel Yela Granda', 160), N'Registro importado desde tabla de requerimientos', SYSDATETIMEOFFSET());
END
-- REQ-2026062047
DECLARE @FacultyId47 uniqueidentifier = (SELECT TOP 1 [Id] FROM [CatalogReferences] WHERE [Type] = N'Faculty' AND [Code] = LEFT(N'Ciencias Sociales y Humanas', 80));
IF @FacultyId47 IS NULL SET @FacultyId47 = (SELECT TOP 1 [Id] FROM [CatalogReferences] WHERE [Type] = N'Faculty' AND [Name] = LEFT(N'Ciencias Sociales y Humanas', 180));
IF @FacultyId47 IS NULL BEGIN SET @FacultyId47 = 'e56dd316-90da-40de-30b2-f44a8f0cc6df'; INSERT INTO [CatalogReferences] ([Id],[Type],[Code],[Name],[IsActive],[CreatedAt]) VALUES (@FacultyId47, N'Faculty', LEFT(N'Ciencias Sociales y Humanas', 80), LEFT(N'Ciencias Sociales y Humanas', 180), 1, SYSDATETIMEOFFSET()); END
ELSE UPDATE [CatalogReferences] SET [Name] = LEFT(N'Ciencias Sociales y Humanas', 180), [IsActive] = 1 WHERE [Id] = @FacultyId47;
DECLARE @CampusId47 uniqueidentifier = (SELECT TOP 1 [Id] FROM [CatalogReferences] WHERE [Type] = N'Campus' AND [Code] = LEFT(N'INSTITUCIONAL', 80));
IF @CampusId47 IS NULL SET @CampusId47 = (SELECT TOP 1 [Id] FROM [CatalogReferences] WHERE [Type] = N'Campus' AND [Name] = LEFT(N'INSTITUCIONAL', 180));
IF @CampusId47 IS NULL BEGIN SET @CampusId47 = 'af4e2147-0fac-ecc9-a956-9ed347f04fb4'; INSERT INTO [CatalogReferences] ([Id],[Type],[Code],[Name],[IsActive],[CreatedAt]) VALUES (@CampusId47, N'Campus', LEFT(N'INSTITUCIONAL', 80), LEFT(N'INSTITUCIONAL', 180), 1, SYSDATETIMEOFFSET()); END
ELSE UPDATE [CatalogReferences] SET [Name] = LEFT(N'INSTITUCIONAL', 180), [IsActive] = 1 WHERE [Id] = @CampusId47;
DECLARE @EventFormatId47 uniqueidentifier = (SELECT TOP 1 [Id] FROM [CatalogReferences] WHERE [Type] = N'FormatoEvento' AND [Code] = LEFT(N'La actividad se llevará a cabo en modalidad de feria y charla académica, organizada por la Facultad de Ciencias Sociales y Humanas. Se combinarán espacios de exposición cultural con presentaciones académicas, fomentando la participación de estudiantes, docentes y público externo en un entorno de integración y aprendizaje.', 80));
IF @EventFormatId47 IS NULL SET @EventFormatId47 = (SELECT TOP 1 [Id] FROM [CatalogReferences] WHERE [Type] = N'FormatoEvento' AND [Name] = LEFT(N'La actividad se llevará a cabo en modalidad de feria y charla académica, organizada por la Facultad de Ciencias Sociales y Humanas. Se combinarán espacios de exposición cultural con presentaciones académicas, fomentando la participación de estudiantes, docentes y público externo en un entorno de integración y aprendizaje.', 180));
IF @EventFormatId47 IS NULL BEGIN SET @EventFormatId47 = 'a3215237-5c04-5a52-85ae-3ccf17410b09'; INSERT INTO [CatalogReferences] ([Id],[Type],[Code],[Name],[IsActive],[CreatedAt]) VALUES (@EventFormatId47, N'FormatoEvento', LEFT(N'La actividad se llevará a cabo en modalidad de feria y charla académica, organizada por la Facultad de Ciencias Sociales y Humanas. Se combinarán espacios de exposición cultural con presentaciones académicas, fomentando la participación de estudiantes, docentes y público externo en un entorno de integración y aprendizaje.', 80), LEFT(N'La actividad se llevará a cabo en modalidad de feria y charla académica, organizada por la Facultad de Ciencias Sociales y Humanas. Se combinarán espacios de exposición cultural con presentaciones académicas, fomentando la participación de estudiantes, docentes y público externo en un entorno de integración y aprendizaje.', 180), 1, SYSDATETIMEOFFSET()); END
ELSE UPDATE [CatalogReferences] SET [Name] = LEFT(N'La actividad se llevará a cabo en modalidad de feria y charla académica, organizada por la Facultad de Ciencias Sociales y Humanas. Se combinarán espacios de exposición cultural con presentaciones académicas, fomentando la participación de estudiantes, docentes y público externo en un entorno de integración y aprendizaje.', 180), [IsActive] = 1 WHERE [Id] = @EventFormatId47;
DECLARE @StatusId47 uniqueidentifier = (SELECT TOP 1 [Id] FROM [CatalogReferences] WHERE [Type] = N'EstadoRequerimiento' AND [Code] = LEFT(N'Draft', 80));
IF @StatusId47 IS NULL SET @StatusId47 = (SELECT TOP 1 [Id] FROM [CatalogReferences] WHERE [Type] = N'EstadoRequerimiento' AND [Name] = LEFT(N'Borrador', 180));
IF @StatusId47 IS NULL BEGIN SET @StatusId47 = '33333333-3333-3333-3333-333333333391'; INSERT INTO [CatalogReferences] ([Id],[Type],[Code],[Name],[IsActive],[CreatedAt]) VALUES (@StatusId47, N'EstadoRequerimiento', LEFT(N'Draft', 80), LEFT(N'Borrador', 180), 1, SYSDATETIMEOFFSET()); END
ELSE UPDATE [CatalogReferences] SET [Name] = LEFT(N'Borrador', 180), [IsActive] = 1 WHERE [Id] = @StatusId47;
IF EXISTS (SELECT 1 FROM [Requirements] WHERE [Code] = N'REQ-2026062047')
BEGIN
  UPDATE [Requirements] SET [ActivityOrEvent] = LEFT(N'Fiestas de la parroquia 07 de Julio', 240), [RequestedBy] = LEFT(N'Margarita Isabel Yela Granda', 120), [FacultyId] = @FacultyId47, [Faculty] = LEFT(N'Ciencias Sociales y Humanas', 160), [Career] = LEFT(N'Actividad de Facultad', 160), [CampusId] = @CampusId47, [Campus] = LEFT(N'INSTITUCIONAL', 120), [Place] = LEFT(N'Vía principal de Cáscales av central del cantón, provincia de Sucumbíos', 180), [StartDate] = '2026-07-27', [EndDate] = '2026-07-30', [EventObjective] = LEFT(N'Promocionar la Facultad de Ciencias Sociales y Humanas de la Universidad Indoamérica mediante su participación en las Fiestas de Cantonización de Cascales, fortaleciendo la vinculación comunitaria y el posicionamiento institucional en la región.', 4000), [EventFormatId] = @EventFormatId47, [EventFormat] = LEFT(N'La actividad se llevará a cabo en modalidad de feria y charla académica, organizada por la Facultad de Ciencias Sociales y Humanas. Se combinarán espacios de exposición cultural con presentaciones académicas, fomentando la participación de estudiantes, docentes y público externo en un entorno de integración y aprendizaje.', 80), [RequestDate] = '2026-06-22', [Status] = N'Draft', [StatusId] = @StatusId47, [UpdatedAt] = TODATETIMEOFFSET(CONVERT(datetime2, '2026-06-22 00:00:00'), '+00:00') WHERE [Code] = N'REQ-2026062047';
END
ELSE
BEGIN
  INSERT INTO [Requirements] ([Id],[Code],[ActivityOrEvent],[RequestedBy],[FacultyId],[Faculty],[Career],[CampusId],[Campus],[Place],[StartDate],[EndDate],[EventObjective],[EventFormatId],[EventFormat],[RequestDate],[Status],[StatusId],[CreatedAt],[UpdatedAt]) VALUES ('d23f4958-b20e-f0fd-1bbe-e97cc27d73a8', N'REQ-2026062047', LEFT(N'Fiestas de la parroquia 07 de Julio', 240), LEFT(N'Margarita Isabel Yela Granda', 120), @FacultyId47, LEFT(N'Ciencias Sociales y Humanas', 160), LEFT(N'Actividad de Facultad', 160), @CampusId47, LEFT(N'INSTITUCIONAL', 120), LEFT(N'Vía principal de Cáscales av central del cantón, provincia de Sucumbíos', 180), '2026-07-27', '2026-07-30', LEFT(N'Promocionar la Facultad de Ciencias Sociales y Humanas de la Universidad Indoamérica mediante su participación en las Fiestas de Cantonización de Cascales, fortaleciendo la vinculación comunitaria y el posicionamiento institucional en la región.', 4000), @EventFormatId47, LEFT(N'La actividad se llevará a cabo en modalidad de feria y charla académica, organizada por la Facultad de Ciencias Sociales y Humanas. Se combinarán espacios de exposición cultural con presentaciones académicas, fomentando la participación de estudiantes, docentes y público externo en un entorno de integración y aprendizaje.', 80), '2026-06-22', N'Draft', @StatusId47, TODATETIMEOFFSET(CONVERT(datetime2, '2026-06-22 00:00:00'), '+00:00'), TODATETIMEOFFSET(CONVERT(datetime2, '2026-06-22 00:00:00'), '+00:00'));
  INSERT INTO [RequirementAuditEvents] ([Id],[RequirementId],[FromStatus],[ToStatus],[Action],[PerformedBy],[Comments],[OccurredAt]) VALUES (NEWID(), 'd23f4958-b20e-f0fd-1bbe-e97cc27d73a8', NULL, N'Draft', N'Carga inicial desde portapapeles', LEFT(N'Margarita Isabel Yela Granda', 160), N'Registro importado desde tabla de requerimientos', SYSDATETIMEOFFSET());
END
-- REQ-2026062048
DECLARE @FacultyId48 uniqueidentifier = (SELECT TOP 1 [Id] FROM [CatalogReferences] WHERE [Type] = N'Faculty' AND [Code] = LEFT(N'Arquitectura, Artes y Diseño', 80));
IF @FacultyId48 IS NULL SET @FacultyId48 = (SELECT TOP 1 [Id] FROM [CatalogReferences] WHERE [Type] = N'Faculty' AND [Name] = LEFT(N'Arquitectura, Artes y Diseño', 180));
IF @FacultyId48 IS NULL BEGIN SET @FacultyId48 = '3fbfc453-592a-0afb-8030-9fedad1e418a'; INSERT INTO [CatalogReferences] ([Id],[Type],[Code],[Name],[IsActive],[CreatedAt]) VALUES (@FacultyId48, N'Faculty', LEFT(N'Arquitectura, Artes y Diseño', 80), LEFT(N'Arquitectura, Artes y Diseño', 180), 1, SYSDATETIMEOFFSET()); END
ELSE UPDATE [CatalogReferences] SET [Name] = LEFT(N'Arquitectura, Artes y Diseño', 180), [IsActive] = 1 WHERE [Id] = @FacultyId48;
DECLARE @CampusId48 uniqueidentifier = (SELECT TOP 1 [Id] FROM [CatalogReferences] WHERE [Type] = N'Campus' AND [Code] = LEFT(N'AMBATO', 80));
IF @CampusId48 IS NULL SET @CampusId48 = (SELECT TOP 1 [Id] FROM [CatalogReferences] WHERE [Type] = N'Campus' AND [Name] = LEFT(N'AMBATO', 180));
IF @CampusId48 IS NULL BEGIN SET @CampusId48 = '43316cdf-7ce3-5d1d-66c2-e9bba66ed5ff'; INSERT INTO [CatalogReferences] ([Id],[Type],[Code],[Name],[IsActive],[CreatedAt]) VALUES (@CampusId48, N'Campus', LEFT(N'AMBATO', 80), LEFT(N'AMBATO', 180), 1, SYSDATETIMEOFFSET()); END
ELSE UPDATE [CatalogReferences] SET [Name] = LEFT(N'AMBATO', 180), [IsActive] = 1 WHERE [Id] = @CampusId48;
DECLARE @EventFormatId48 uniqueidentifier = (SELECT TOP 1 [Id] FROM [CatalogReferences] WHERE [Type] = N'FormatoEvento' AND [Code] = LEFT(N'Las actividades prácticas  son parte del modulo de tecnologias aplicadas para la gestion del patrimonio, se desarrollarán en dos sesiones en el campus tecnológico con la asistencia del docente, maestrantes y personal tecnico del campus tecnológico, se espera registrar estas actividades para divulgarlas en redes y promocionar el programa de maestría', 80));
IF @EventFormatId48 IS NULL SET @EventFormatId48 = (SELECT TOP 1 [Id] FROM [CatalogReferences] WHERE [Type] = N'FormatoEvento' AND [Name] = LEFT(N'Las actividades prácticas  son parte del modulo de tecnologias aplicadas para la gestion del patrimonio, se desarrollarán en dos sesiones en el campus tecnológico con la asistencia del docente, maestrantes y personal tecnico del campus tecnológico, se espera registrar estas actividades para divulgarlas en redes y promocionar el programa de maestría', 180));
IF @EventFormatId48 IS NULL BEGIN SET @EventFormatId48 = 'f6cd61a7-001f-2f15-7bae-d2c468bb344a'; INSERT INTO [CatalogReferences] ([Id],[Type],[Code],[Name],[IsActive],[CreatedAt]) VALUES (@EventFormatId48, N'FormatoEvento', LEFT(N'Las actividades prácticas  son parte del modulo de tecnologias aplicadas para la gestion del patrimonio, se desarrollarán en dos sesiones en el campus tecnológico con la asistencia del docente, maestrantes y personal tecnico del campus tecnológico, se espera registrar estas actividades para divulgarlas en redes y promocionar el programa de maestría', 80), LEFT(N'Las actividades prácticas  son parte del modulo de tecnologias aplicadas para la gestion del patrimonio, se desarrollarán en dos sesiones en el campus tecnológico con la asistencia del docente, maestrantes y personal tecnico del campus tecnológico, se espera registrar estas actividades para divulgarlas en redes y promocionar el programa de maestría', 180), 1, SYSDATETIMEOFFSET()); END
ELSE UPDATE [CatalogReferences] SET [Name] = LEFT(N'Las actividades prácticas  son parte del modulo de tecnologias aplicadas para la gestion del patrimonio, se desarrollarán en dos sesiones en el campus tecnológico con la asistencia del docente, maestrantes y personal tecnico del campus tecnológico, se espera registrar estas actividades para divulgarlas en redes y promocionar el programa de maestría', 180), [IsActive] = 1 WHERE [Id] = @EventFormatId48;
DECLARE @StatusId48 uniqueidentifier = (SELECT TOP 1 [Id] FROM [CatalogReferences] WHERE [Type] = N'EstadoRequerimiento' AND [Code] = LEFT(N'Draft', 80));
IF @StatusId48 IS NULL SET @StatusId48 = (SELECT TOP 1 [Id] FROM [CatalogReferences] WHERE [Type] = N'EstadoRequerimiento' AND [Name] = LEFT(N'Borrador', 180));
IF @StatusId48 IS NULL BEGIN SET @StatusId48 = '33333333-3333-3333-3333-333333333391'; INSERT INTO [CatalogReferences] ([Id],[Type],[Code],[Name],[IsActive],[CreatedAt]) VALUES (@StatusId48, N'EstadoRequerimiento', LEFT(N'Draft', 80), LEFT(N'Borrador', 180), 1, SYSDATETIMEOFFSET()); END
ELSE UPDATE [CatalogReferences] SET [Name] = LEFT(N'Borrador', 180), [IsActive] = 1 WHERE [Id] = @StatusId48;
IF EXISTS (SELECT 1 FROM [Requirements] WHERE [Code] = N'REQ-2026062048')
BEGIN
  UPDATE [Requirements] SET [ActivityOrEvent] = LEFT(N'Fiestas de Aguas Negras – Cuyabeno', 240), [RequestedBy] = LEFT(N'Margarita Isabel Yela Granda', 120), [FacultyId] = @FacultyId48, [Faculty] = LEFT(N'Arquitectura, Artes y Diseño', 160), [Career] = LEFT(N'Actividad de Facultad', 160), [CampusId] = @CampusId48, [Campus] = LEFT(N'AMBATO', 120), [Place] = LEFT(N'Campus tecnológico Santa Rosa FabLab', 180), [StartDate] = '2026-07-11', [EndDate] = '2026-07-18', [EventObjective] = LEFT(N'Registrar las actividades de aplicación de tecnologías de registro digital e impresión 3d en el análisis del patrimonio para elaborar material promocional del programa de maestría en gestion del patrimonio cultural', 4000), [EventFormatId] = @EventFormatId48, [EventFormat] = LEFT(N'Las actividades prácticas  son parte del modulo de tecnologias aplicadas para la gestion del patrimonio, se desarrollarán en dos sesiones en el campus tecnológico con la asistencia del docente, maestrantes y personal tecnico del campus tecnológico, se espera registrar estas actividades para divulgarlas en redes y promocionar el programa de maestría', 80), [RequestDate] = '2026-06-22', [Status] = N'Draft', [StatusId] = @StatusId48, [UpdatedAt] = TODATETIMEOFFSET(CONVERT(datetime2, '2026-06-22 00:00:00'), '+00:00') WHERE [Code] = N'REQ-2026062048';
END
ELSE
BEGIN
  INSERT INTO [Requirements] ([Id],[Code],[ActivityOrEvent],[RequestedBy],[FacultyId],[Faculty],[Career],[CampusId],[Campus],[Place],[StartDate],[EndDate],[EventObjective],[EventFormatId],[EventFormat],[RequestDate],[Status],[StatusId],[CreatedAt],[UpdatedAt]) VALUES ('9c8342d0-833d-c1cb-579f-af5cd30ece4c', N'REQ-2026062048', LEFT(N'Fiestas de Aguas Negras – Cuyabeno', 240), LEFT(N'Margarita Isabel Yela Granda', 120), @FacultyId48, LEFT(N'Arquitectura, Artes y Diseño', 160), LEFT(N'Actividad de Facultad', 160), @CampusId48, LEFT(N'AMBATO', 120), LEFT(N'Campus tecnológico Santa Rosa FabLab', 180), '2026-07-11', '2026-07-18', LEFT(N'Registrar las actividades de aplicación de tecnologías de registro digital e impresión 3d en el análisis del patrimonio para elaborar material promocional del programa de maestría en gestion del patrimonio cultural', 4000), @EventFormatId48, LEFT(N'Las actividades prácticas  son parte del modulo de tecnologias aplicadas para la gestion del patrimonio, se desarrollarán en dos sesiones en el campus tecnológico con la asistencia del docente, maestrantes y personal tecnico del campus tecnológico, se espera registrar estas actividades para divulgarlas en redes y promocionar el programa de maestría', 80), '2026-06-22', N'Draft', @StatusId48, TODATETIMEOFFSET(CONVERT(datetime2, '2026-06-22 00:00:00'), '+00:00'), TODATETIMEOFFSET(CONVERT(datetime2, '2026-06-22 00:00:00'), '+00:00'));
  INSERT INTO [RequirementAuditEvents] ([Id],[RequirementId],[FromStatus],[ToStatus],[Action],[PerformedBy],[Comments],[OccurredAt]) VALUES (NEWID(), '9c8342d0-833d-c1cb-579f-af5cd30ece4c', NULL, N'Draft', N'Carga inicial desde portapapeles', LEFT(N'Margarita Isabel Yela Granda', 160), N'Registro importado desde tabla de requerimientos', SYSDATETIMEOFFSET());
END
COMMIT TRANSACTION;
SELECT COUNT(*) AS ImportedRows FROM [Requirements] WHERE [Code] LIKE 'REQ-20260620%';
SELECT [Status], COUNT(*) AS Total FROM [Requirements] WHERE [Code] LIKE 'REQ-20260620%' GROUP BY [Status] ORDER BY [Status];
END TRY
BEGIN CATCH
IF @@TRANCOUNT > 0 ROLLBACK TRANSACTION;
THROW;
END CATCH